config_id,sweep,sweep_value,num_nodes,num_slots,num_irs_elements,num_codebook_states,policy,slot,tx_mean_padded,total_tx_mean_padded,decision_preview_calls_mean_padded,tie_candidates_mean_padded
K30,K,30,30,10,64,16,Feature Argmax IRS,1,27.596666666666668,27.596666666666668,0.0,1.71
K30,K,30,30,10,64,16,Feature Argmax IRS,2,2.2533333333333334,29.85,0.0,4.976666666666667
K30,K,30,30,10,64,16,Feature Argmax IRS,3,0.15,30.0,0.0,0.67
K30,K,30,30,10,64,16,Feature Argmax IRS,4,0.0,30.0,0.0,0.0
K30,K,30,30,10,64,16,Feature Argmax IRS,5,0.0,30.0,0.0,0.0
K30,K,30,30,10,64,16,Feature Argmax IRS,6,0.0,30.0,0.0,0.0
K30,K,30,30,10,64,16,Feature Argmax IRS,7,0.0,30.0,0.0,0.0
K30,K,30,30,10,64,16,Feature Argmax IRS,8,0.0,30.0,0.0,0.0
K30,K,30,30,10,64,16,Feature Argmax IRS,9,0.0,30.0,0.0,0.0
K30,K,30,30,10,64,16,Feature Argmax IRS,10,0.0,30.0,0.0,0.0
K30,K,30,30,10,64,16,Feature Argmax PowerTie IRS,1,27.596666666666668,27.596666666666668,1.1366666666666667,1.71
K30,K,30,30,10,64,16,Feature Argmax PowerTie IRS,2,2.2533333333333334,29.85,4.97,5.1
K30,K,30,30,10,64,16,Feature Argmax PowerTie IRS,3,0.15,30.0,0.7333333333333333,0.7333333333333333
K30,K,30,30,10,64,16,Feature Argmax PowerTie IRS,4,0.0,30.0,0.0,0.0
K30,K,30,30,10,64,16,Feature Argmax PowerTie IRS,5,0.0,30.0,0.0,0.0
K30,K,30,30,10,64,16,Feature Argmax PowerTie IRS,6,0.0,30.0,0.0,0.0
K30,K,30,30,10,64,16,Feature Argmax PowerTie IRS,7,0.0,30.0,0.0,0.0
K30,K,30,30,10,64,16,Feature Argmax PowerTie IRS,8,0.0,30.0,0.0,0.0
K30,K,30,30,10,64,16,Feature Argmax PowerTie IRS,9,0.0,30.0,0.0,0.0
K30,K,30,30,10,64,16,Feature Argmax PowerTie IRS,10,0.0,30.0,0.0,0.0
K30,K,30,30,10,64,16,Greedy IRS,1,27.596666666666668,27.596666666666668,16.0,16.0
K30,K,30,30,10,64,16,Greedy IRS,2,2.2533333333333334,29.85,15.36,15.36
K30,K,30,30,10,64,16,Greedy IRS,3,0.15,30.0,2.3466666666666667,2.3466666666666667
K30,K,30,30,10,64,16,Greedy IRS,4,0.0,30.0,0.0,0.0
K30,K,30,30,10,64,16,Greedy IRS,5,0.0,30.0,0.0,0.0
K30,K,30,30,10,64,16,Greedy IRS,6,0.0,30.0,0.0,0.0
K30,K,30,30,10,64,16,Greedy IRS,7,0.0,30.0,0.0,0.0
K30,K,30,30,10,64,16,Greedy IRS,8,0.0,30.0,0.0,0.0
K30,K,30,30,10,64,16,Greedy IRS,9,0.0,30.0,0.0,0.0
K30,K,30,30,10,64,16,Greedy IRS,10,0.0,30.0,0.0,0.0
K30,K,30,30,10,64,16,Random IRS,1,24.616666666666667,24.616666666666667,0.0,0.0
K30,K,30,30,10,64,16,Random IRS,2,3.276666666666667,27.893333333333334,0.0,0.0
K30,K,30,30,10,64,16,Random IRS,3,1.1666666666666667,29.06,0.0,0.0
K30,K,30,30,10,64,16,Random IRS,4,0.4766666666666667,29.536666666666665,0.0,0.0
K30,K,30,30,10,64,16,Random IRS,5,0.22,29.756666666666668,0.0,0.0
K30,K,30,30,10,64,16,Random IRS,6,0.10333333333333333,29.86,0.0,0.0
K30,K,30,30,10,64,16,Random IRS,7,0.056666666666666664,29.916666666666668,0.0,0.0
K30,K,30,30,10,64,16,Random IRS,8,0.023333333333333334,29.94,0.0,0.0
K30,K,30,30,10,64,16,Random IRS,9,0.016666666666666666,29.956666666666667,0.0,0.0
K30,K,30,30,10,64,16,Random IRS,10,0.016666666666666666,29.973333333333333,0.0,0.0
K30,K,30,30,10,64,16,No IRS,1,23.356666666666666,23.356666666666666,0.0,0.0
K30,K,30,30,10,64,16,No IRS,2,0.0,23.356666666666666,0.0,0.0
K30,K,30,30,10,64,16,No IRS,3,0.0,23.356666666666666,0.0,0.0
K30,K,30,30,10,64,16,No IRS,4,0.0,23.356666666666666,0.0,0.0
K30,K,30,30,10,64,16,No IRS,5,0.0,23.356666666666666,0.0,0.0
K30,K,30,30,10,64,16,No IRS,6,0.0,23.356666666666666,0.0,0.0
K30,K,30,30,10,64,16,No IRS,7,0.0,23.356666666666666,0.0,0.0
K30,K,30,30,10,64,16,No IRS,8,0.0,23.356666666666666,0.0,0.0
K30,K,30,30,10,64,16,No IRS,9,0.0,23.356666666666666,0.0,0.0
K30,K,30,30,10,64,16,No IRS,10,0.0,23.356666666666666,0.0,0.0
K50,K,50,50,10,64,16,Feature Argmax IRS,1,44.89,44.89,0.0,1.5566666666666666
K50,K,50,50,10,64,16,Feature Argmax IRS,2,4.493333333333333,49.38333333333333,0.0,2.8533333333333335
K50,K,50,50,10,64,16,Feature Argmax IRS,3,0.59,49.973333333333336,0.0,2.6566666666666667
K50,K,50,50,10,64,16,Feature Argmax IRS,4,0.023333333333333334,49.99666666666667,0.0,0.15666666666666668
K50,K,50,50,10,64,16,Feature Argmax IRS,5,0.0,49.99666666666667,0.0,0.05333333333333334
K50,K,50,50,10,64,16,Feature Argmax IRS,6,0.0,49.99666666666667,0.0,0.05333333333333334
K50,K,50,50,10,64,16,Feature Argmax IRS,7,0.0,49.99666666666667,0.0,0.05333333333333334
K50,K,50,50,10,64,16,Feature Argmax IRS,8,0.0,49.99666666666667,0.0,0.05333333333333334
K50,K,50,50,10,64,16,Feature Argmax IRS,9,0.0,49.99666666666667,0.0,0.05333333333333334
K50,K,50,50,10,64,16,Feature Argmax IRS,10,0.0,49.99666666666667,0.0,0.05333333333333334
K50,K,50,50,10,64,16,Feature Argmax PowerTie IRS,1,44.89,44.89,0.9233333333333333,1.5566666666666666
K50,K,50,50,10,64,16,Feature Argmax PowerTie IRS,2,4.49,49.38,2.4466666666666668,2.8133333333333335
K50,K,50,50,10,64,16,Feature Argmax PowerTie IRS,3,0.59,49.97,2.466666666666667,2.506666666666667
K50,K,50,50,10,64,16,Feature Argmax PowerTie IRS,4,0.02666666666666667,49.99666666666667,0.13,0.13333333333333333
K50,K,50,50,10,64,16,Feature Argmax PowerTie IRS,5,0.0,49.99666666666667,0.05333333333333334,0.05333333333333334
K50,K,50,50,10,64,16,Feature Argmax PowerTie IRS,6,0.0,49.99666666666667,0.05333333333333334,0.05333333333333334
K50,K,50,50,10,64,16,Feature Argmax PowerTie IRS,7,0.0,49.99666666666667,0.05333333333333334,0.05333333333333334
K50,K,50,50,10,64,16,Feature Argmax PowerTie IRS,8,0.0,49.99666666666667,0.05333333333333334,0.05333333333333334
K50,K,50,50,10,64,16,Feature Argmax PowerTie IRS,9,0.0,49.99666666666667,0.05333333333333334,0.05333333333333334
K50,K,50,50,10,64,16,Feature Argmax PowerTie IRS,10,0.0,49.99666666666667,0.05333333333333334,0.05333333333333334
K50,K,50,50,10,64,16,Greedy IRS,1,44.89,44.89,16.0,16.0
K50,K,50,50,10,64,16,Greedy IRS,2,4.49,49.38,16.0,16.0
K50,K,50,50,10,64,16,Greedy IRS,3,0.59,49.97,7.68,7.68
K50,K,50,50,10,64,16,Greedy IRS,4,0.02666666666666667,49.99666666666667,0.48,0.48
K50,K,50,50,10,64,16,Greedy IRS,5,0.0,49.99666666666667,0.05333333333333334,0.05333333333333334
K50,K,50,50,10,64,16,Greedy IRS,6,0.0,49.99666666666667,0.05333333333333334,0.05333333333333334
K50,K,50,50,10,64,16,Greedy IRS,7,0.0,49.99666666666667,0.05333333333333334,0.05333333333333334
K50,K,50,50,10,64,16,Greedy IRS,8,0.0,49.99666666666667,0.05333333333333334,0.05333333333333334
K50,K,50,50,10,64,16,Greedy IRS,9,0.0,49.99666666666667,0.05333333333333334,0.05333333333333334
K50,K,50,50,10,64,16,Greedy IRS,10,0.0,49.99666666666667,0.05333333333333334,0.05333333333333334
K50,K,50,50,10,64,16,Random IRS,1,41.13333333333333,41.13333333333333,0.0,0.0
K50,K,50,50,10,64,16,Random IRS,2,5.47,46.60333333333333,0.0,0.0
K50,K,50,50,10,64,16,Random IRS,3,1.8666666666666667,48.47,0.0,0.0
K50,K,50,50,10,64,16,Random IRS,4,0.7166666666666667,49.18666666666667,0.0,0.0
K50,K,50,50,10,64,16,Random IRS,5,0.3466666666666667,49.53333333333333,0.0,0.0
K50,K,50,50,10,64,16,Random IRS,6,0.2,49.733333333333334,0.0,0.0
K50,K,50,50,10,64,16,Random IRS,7,0.12333333333333334,49.85666666666667,0.0,0.0
K50,K,50,50,10,64,16,Random IRS,8,0.06666666666666667,49.92333333333333,0.0,0.0
K50,K,50,50,10,64,16,Random IRS,9,0.023333333333333334,49.946666666666665,0.0,0.0
K50,K,50,50,10,64,16,Random IRS,10,0.01,49.95666666666666,0.0,0.0
K50,K,50,50,10,64,16,No IRS,1,38.81,38.81,0.0,0.0
K50,K,50,50,10,64,16,No IRS,2,0.0,38.81,0.0,0.0
K50,K,50,50,10,64,16,No IRS,3,0.0,38.81,0.0,0.0
K50,K,50,50,10,64,16,No IRS,4,0.0,38.81,0.0,0.0
K50,K,50,50,10,64,16,No IRS,5,0.0,38.81,0.0,0.0
K50,K,50,50,10,64,16,No IRS,6,0.0,38.81,0.0,0.0
K50,K,50,50,10,64,16,No IRS,7,0.0,38.81,0.0,0.0
K50,K,50,50,10,64,16,No IRS,8,0.0,38.81,0.0,0.0
K50,K,50,50,10,64,16,No IRS,9,0.0,38.81,0.0,0.0
K50,K,50,50,10,64,16,No IRS,10,0.0,38.81,0.0,0.0
K80,K,80,80,10,64,16,Feature Argmax IRS,1,70.46666666666667,70.46666666666667,0.0,1.4866666666666666
K80,K,80,80,10,64,16,Feature Argmax IRS,2,7.816666666666666,78.28333333333333,0.0,2.07
K80,K,80,80,10,64,16,Feature Argmax IRS,3,1.5666666666666667,79.85,0.0,3.72
K80,K,80,80,10,64,16,Feature Argmax IRS,4,0.13,79.98,0.0,0.5466666666666666
K80,K,80,80,10,64,16,Feature Argmax IRS,5,0.006666666666666667,79.98666666666666,0.0,0.17666666666666667
K80,K,80,80,10,64,16,Feature Argmax IRS,6,0.0,79.98666666666666,0.0,0.16
K80,K,80,80,10,64,16,Feature Argmax IRS,7,0.0,79.98666666666666,0.0,0.16
K80,K,80,80,10,64,16,Feature Argmax IRS,8,0.0,79.98666666666666,0.0,0.16
K80,K,80,80,10,64,16,Feature Argmax IRS,9,0.0,79.98666666666666,0.0,0.16
K80,K,80,80,10,64,16,Feature Argmax IRS,10,0.0,79.98666666666666,0.0,0.16
K80,K,80,80,10,64,16,Feature Argmax PowerTie IRS,1,70.46666666666667,70.46666666666667,0.8466666666666667,1.4866666666666666
K80,K,80,80,10,64,16,Feature Argmax PowerTie IRS,2,7.806666666666667,78.27333333333333,1.6433333333333333,2.1033333333333335
K80,K,80,80,10,64,16,Feature Argmax PowerTie IRS,3,1.5566666666666666,79.83,3.7066666666666666,3.8466666666666667
K80,K,80,80,10,64,16,Feature Argmax PowerTie IRS,4,0.15333333333333332,79.98333333333333,0.6066666666666667,0.6233333333333333
K80,K,80,80,10,64,16,Feature Argmax PowerTie IRS,5,0.0033333333333333335,79.98666666666666,0.16666666666666666,0.16666666666666666
K80,K,80,80,10,64,16,Feature Argmax PowerTie IRS,6,0.0,79.98666666666666,0.16,0.16
K80,K,80,80,10,64,16,Feature Argmax PowerTie IRS,7,0.0,79.98666666666666,0.16,0.16
K80,K,80,80,10,64,16,Feature Argmax PowerTie IRS,8,0.0,79.98666666666666,0.16,0.16
K80,K,80,80,10,64,16,Feature Argmax PowerTie IRS,9,0.0,79.98666666666666,0.16,0.16
K80,K,80,80,10,64,16,Feature Argmax PowerTie IRS,10,0.0,79.98666666666666,0.16,0.16
K80,K,80,80,10,64,16,Greedy IRS,1,70.46666666666667,70.46666666666667,16.0,16.0
K80,K,80,80,10,64,16,Greedy IRS,2,7.806666666666667,78.27333333333333,16.0,16.0
K80,K,80,80,10,64,16,Greedy IRS,3,1.5566666666666666,79.83,13.92,13.92
K80,K,80,80,10,64,16,Greedy IRS,4,0.15333333333333332,79.98333333333333,2.4,2.4
K80,K,80,80,10,64,16,Greedy IRS,5,0.0033333333333333335,79.98666666666666,0.21333333333333335,0.21333333333333335
K80,K,80,80,10,64,16,Greedy IRS,6,0.0,79.98666666666666,0.16,0.16
K80,K,80,80,10,64,16,Greedy IRS,7,0.0,79.98666666666666,0.16,0.16
K80,K,80,80,10,64,16,Greedy IRS,8,0.0,79.98666666666666,0.16,0.16
K80,K,80,80,10,64,16,Greedy IRS,9,0.0,79.98666666666666,0.16,0.16
K80,K,80,80,10,64,16,Greedy IRS,10,0.0,79.98666666666666,0.16,0.16
K80,K,80,80,10,64,16,Random IRS,1,65.5,65.5,0.0,0.0
K80,K,80,80,10,64,16,Random IRS,2,8.956666666666667,74.45666666666666,0.0,0.0
K80,K,80,80,10,64,16,Random IRS,3,3.026666666666667,77.48333333333333,0.0,0.0
K80,K,80,80,10,64,16,Random IRS,4,1.14,78.62333333333333,0.0,0.0
K80,K,80,80,10,64,16,Random IRS,5,0.5733333333333334,79.19666666666667,0.0,0.0
K80,K,80,80,10,64,16,Random IRS,6,0.3433333333333333,79.54,0.0,0.0
K80,K,80,80,10,64,16,Random IRS,7,0.21,79.75,0.0,0.0
K80,K,80,80,10,64,16,Random IRS,8,0.09,79.84,0.0,0.0
K80,K,80,80,10,64,16,Random IRS,9,0.056666666666666664,79.89666666666666,0.0,0.0
K80,K,80,80,10,64,16,Random IRS,10,0.03333333333333333,79.93,0.0,0.0
K80,K,80,80,10,64,16,No IRS,1,62.016666666666666,62.016666666666666,0.0,0.0
K80,K,80,80,10,64,16,No IRS,2,0.0,62.016666666666666,0.0,0.0
K80,K,80,80,10,64,16,No IRS,3,0.0,62.016666666666666,0.0,0.0
K80,K,80,80,10,64,16,No IRS,4,0.0,62.016666666666666,0.0,0.0
K80,K,80,80,10,64,16,No IRS,5,0.0,62.016666666666666,0.0,0.0
K80,K,80,80,10,64,16,No IRS,6,0.0,62.016666666666666,0.0,0.0
K80,K,80,80,10,64,16,No IRS,7,0.0,62.016666666666666,0.0,0.0
K80,K,80,80,10,64,16,No IRS,8,0.0,62.016666666666666,0.0,0.0
K80,K,80,80,10,64,16,No IRS,9,0.0,62.016666666666666,0.0,0.0
K80,K,80,80,10,64,16,No IRS,10,0.0,62.016666666666666,0.0,0.0
N5,N,5,50,5,64,16,Feature Argmax IRS,1,44.92,44.92,0.0,1.62
N5,N,5,50,5,64,16,Feature Argmax IRS,2,4.476666666666667,49.39666666666667,0.0,3.2533333333333334
N5,N,5,50,5,64,16,Feature Argmax IRS,3,0.56,49.95666666666666,0.0,2.6433333333333335
N5,N,5,50,5,64,16,Feature Argmax IRS,4,0.03666666666666667,49.99333333333333,0.0,0.22
N5,N,5,50,5,64,16,Feature Argmax IRS,5,0.0,49.99333333333333,0.0,0.10666666666666667
N5,N,5,50,5,64,16,Feature Argmax PowerTie IRS,1,44.92,44.92,0.9966666666666667,1.62
N5,N,5,50,5,64,16,Feature Argmax PowerTie IRS,2,4.433333333333334,49.35333333333333,2.986666666666667,3.276666666666667
N5,N,5,50,5,64,16,Feature Argmax PowerTie IRS,3,0.6033333333333334,49.95666666666666,2.6033333333333335,2.6366666666666667
N5,N,5,50,5,64,16,Feature Argmax PowerTie IRS,4,0.03666666666666667,49.99333333333333,0.19,0.2
N5,N,5,50,5,64,16,Feature Argmax PowerTie IRS,5,0.0,49.99333333333333,0.10666666666666667,0.10666666666666667
N5,N,5,50,5,64,16,Greedy IRS,1,44.92,44.92,16.0,16.0
N5,N,5,50,5,64,16,Greedy IRS,2,4.433333333333334,49.35333333333333,15.946666666666667,15.946666666666667
N5,N,5,50,5,64,16,Greedy IRS,3,0.6033333333333334,49.95666666666666,7.786666666666667,7.786666666666667
N5,N,5,50,5,64,16,Greedy IRS,4,0.03666666666666667,49.99333333333333,0.6933333333333334,0.6933333333333334
N5,N,5,50,5,64,16,Greedy IRS,5,0.0,49.99333333333333,0.10666666666666667,0.10666666666666667
N5,N,5,50,5,64,16,Random IRS,1,41.13,41.13,0.0,0.0
N5,N,5,50,5,64,16,Random IRS,2,5.486666666666666,46.61666666666667,0.0,0.0
N5,N,5,50,5,64,16,Random IRS,3,1.8866666666666667,48.50333333333333,0.0,0.0
N5,N,5,50,5,64,16,Random IRS,4,0.7066666666666667,49.21,0.0,0.0
N5,N,5,50,5,64,16,Random IRS,5,0.3333333333333333,49.54333333333334,0.0,0.0
N5,N,5,50,5,64,16,No IRS,1,38.93666666666667,38.93666666666667,0.0,0.0
N5,N,5,50,5,64,16,No IRS,2,0.0,38.93666666666667,0.0,0.0
N5,N,5,50,5,64,16,No IRS,3,0.0,38.93666666666667,0.0,0.0
N5,N,5,50,5,64,16,No IRS,4,0.0,38.93666666666667,0.0,0.0
N5,N,5,50,5,64,16,No IRS,5,0.0,38.93666666666667,0.0,0.0
N10,N,10,50,10,64,16,Feature Argmax IRS,1,44.94,44.94,0.0,1.6433333333333333
N10,N,10,50,10,64,16,Feature Argmax IRS,2,4.56,49.5,0.0,2.72
N10,N,10,50,10,64,16,Feature Argmax IRS,3,0.48333333333333334,49.983333333333334,0.0,2.5366666666666666
N10,N,10,50,10,64,16,Feature Argmax IRS,4,0.016666666666666666,50.0,0.0,0.06666666666666667
N10,N,10,50,10,64,16,Feature Argmax IRS,5,0.0,50.0,0.0,0.0
N10,N,10,50,10,64,16,Feature Argmax IRS,6,0.0,50.0,0.0,0.0
N10,N,10,50,10,64,16,Feature Argmax IRS,7,0.0,50.0,0.0,0.0
N10,N,10,50,10,64,16,Feature Argmax IRS,8,0.0,50.0,0.0,0.0
N10,N,10,50,10,64,16,Feature Argmax IRS,9,0.0,50.0,0.0,0.0
N10,N,10,50,10,64,16,Feature Argmax IRS,10,0.0,50.0,0.0,0.0
N10,N,10,50,10,64,16,Feature Argmax PowerTie IRS,1,44.94,44.94,1.0566666666666666,1.6433333333333333
N10,N,10,50,10,64,16,Feature Argmax PowerTie IRS,2,4.54,49.48,2.3833333333333333,2.73
N10,N,10,50,10,64,16,Feature Argmax PowerTie IRS,3,0.5033333333333333,49.983333333333334,2.3833333333333333,2.4033333333333333
N10,N,10,50,10,64,16,Feature Argmax PowerTie IRS,4,0.016666666666666666,50.0,0.06666666666666667,0.07
N10,N,10,50,10,64,16,Feature Argmax PowerTie IRS,5,0.0,50.0,0.0,0.0
N10,N,10,50,10,64,16,Feature Argmax PowerTie IRS,6,0.0,50.0,0.0,0.0
N10,N,10,50,10,64,16,Feature Argmax PowerTie IRS,7,0.0,50.0,0.0,0.0
N10,N,10,50,10,64,16,Feature Argmax PowerTie IRS,8,0.0,50.0,0.0,0.0
N10,N,10,50,10,64,16,Feature Argmax PowerTie IRS,9,0.0,50.0,0.0,0.0
N10,N,10,50,10,64,16,Feature Argmax PowerTie IRS,10,0.0,50.0,0.0,0.0
N10,N,10,50,10,64,16,Greedy IRS,1,44.94,44.94,16.0,16.0
N10,N,10,50,10,64,16,Greedy IRS,2,4.54,49.48,16.0,16.0
N10,N,10,50,10,64,16,Greedy IRS,3,0.5033333333333333,49.983333333333334,6.773333333333333,6.773333333333333
N10,N,10,50,10,64,16,Greedy IRS,4,0.016666666666666666,50.0,0.26666666666666666,0.26666666666666666
N10,N,10,50,10,64,16,Greedy IRS,5,0.0,50.0,0.0,0.0
N10,N,10,50,10,64,16,Greedy IRS,6,0.0,50.0,0.0,0.0
N10,N,10,50,10,64,16,Greedy IRS,7,0.0,50.0,0.0,0.0
N10,N,10,50,10,64,16,Greedy IRS,8,0.0,50.0,0.0,0.0
N10,N,10,50,10,64,16,Greedy IRS,9,0.0,50.0,0.0,0.0
N10,N,10,50,10,64,16,Greedy IRS,10,0.0,50.0,0.0,0.0
N10,N,10,50,10,64,16,Random IRS,1,41.04,41.04,0.0,0.0
N10,N,10,50,10,64,16,Random IRS,2,5.613333333333333,46.653333333333336,0.0,0.0
N10,N,10,50,10,64,16,Random IRS,3,1.7266666666666666,48.38,0.0,0.0
N10,N,10,50,10,64,16,Random IRS,4,0.7866666666666666,49.166666666666664,0.0,0.0
N10,N,10,50,10,64,16,Random IRS,5,0.38,49.54666666666667,0.0,0.0
N10,N,10,50,10,64,16,Random IRS,6,0.17,49.71666666666667,0.0,0.0
N10,N,10,50,10,64,16,Random IRS,7,0.1,49.81666666666667,0.0,0.0
N10,N,10,50,10,64,16,Random IRS,8,0.08,49.89666666666667,0.0,0.0
N10,N,10,50,10,64,16,Random IRS,9,0.03666666666666667,49.93333333333333,0.0,0.0
N10,N,10,50,10,64,16,Random IRS,10,0.02,49.95333333333333,0.0,0.0
N10,N,10,50,10,64,16,No IRS,1,39.03666666666667,39.03666666666667,0.0,0.0
N10,N,10,50,10,64,16,No IRS,2,0.0,39.03666666666667,0.0,0.0
N10,N,10,50,10,64,16,No IRS,3,0.0,39.03666666666667,0.0,0.0
N10,N,10,50,10,64,16,No IRS,4,0.0,39.03666666666667,0.0,0.0
N10,N,10,50,10,64,16,No IRS,5,0.0,39.03666666666667,0.0,0.0
N10,N,10,50,10,64,16,No IRS,6,0.0,39.03666666666667,0.0,0.0
N10,N,10,50,10,64,16,No IRS,7,0.0,39.03666666666667,0.0,0.0
N10,N,10,50,10,64,16,No IRS,8,0.0,39.03666666666667,0.0,0.0
N10,N,10,50,10,64,16,No IRS,9,0.0,39.03666666666667,0.0,0.0
N10,N,10,50,10,64,16,No IRS,10,0.0,39.03666666666667,0.0,0.0
N15,N,15,50,15,64,16,Feature Argmax IRS,1,44.85,44.85,0.0,1.58
N15,N,15,50,15,64,16,Feature Argmax IRS,2,4.626666666666667,49.47666666666667,0.0,2.743333333333333
N15,N,15,50,15,64,16,Feature Argmax IRS,3,0.49666666666666665,49.973333333333336,0.0,2.32
N15,N,15,50,15,64,16,Feature Argmax IRS,4,0.023333333333333334,49.99666666666667,0.0,0.13
N15,N,15,50,15,64,16,Feature Argmax IRS,5,0.0,49.99666666666667,0.0,0.05333333333333334
N15,N,15,50,15,64,16,Feature Argmax IRS,6,0.0,49.99666666666667,0.0,0.05333333333333334
N15,N,15,50,15,64,16,Feature Argmax IRS,7,0.0,49.99666666666667,0.0,0.05333333333333334
N15,N,15,50,15,64,16,Feature Argmax IRS,8,0.0,49.99666666666667,0.0,0.05333333333333334
N15,N,15,50,15,64,16,Feature Argmax IRS,9,0.0,49.99666666666667,0.0,0.05333333333333334
N15,N,15,50,15,64,16,Feature Argmax IRS,10,0.0,49.99666666666667,0.0,0.05333333333333334
N15,N,15,50,15,64,16,Feature Argmax IRS,11,0.0,49.99666666666667,0.0,0.05333333333333334
N15,N,15,50,15,64,16,Feature Argmax IRS,12,0.0,49.99666666666667,0.0,0.05333333333333334
N15,N,15,50,15,64,16,Feature Argmax IRS,13,0.0,49.99666666666667,0.0,0.05333333333333334
N15,N,15,50,15,64,16,Feature Argmax IRS,14,0.0,49.99666666666667,0.0,0.05333333333333334
N15,N,15,50,15,64,16,Feature Argmax IRS,15,0.0,49.99666666666667,0.0,0.05333333333333334
N15,N,15,50,15,64,16,Feature Argmax PowerTie IRS,1,44.85,44.85,0.94,1.58
N15,N,15,50,15,64,16,Feature Argmax PowerTie IRS,2,4.596666666666667,49.446666666666665,2.4766666666666666,2.83
N15,N,15,50,15,64,16,Feature Argmax PowerTie IRS,3,0.53,49.97666666666667,2.4233333333333333,2.45
N15,N,15,50,15,64,16,Feature Argmax PowerTie IRS,4,0.02,49.99666666666667,0.09666666666666666,0.10333333333333333
N15,N,15,50,15,64,16,Feature Argmax PowerTie IRS,5,0.0,49.99666666666667,0.05333333333333334,0.05333333333333334
N15,N,15,50,15,64,16,Feature Argmax PowerTie IRS,6,0.0,49.99666666666667,0.05333333333333334,0.05333333333333334
N15,N,15,50,15,64,16,Feature Argmax PowerTie IRS,7,0.0,49.99666666666667,0.05333333333333334,0.05333333333333334
N15,N,15,50,15,64,16,Feature Argmax PowerTie IRS,8,0.0,49.99666666666667,0.05333333333333334,0.05333333333333334
N15,N,15,50,15,64,16,Feature Argmax PowerTie IRS,9,0.0,49.99666666666667,0.05333333333333334,0.05333333333333334
N15,N,15,50,15,64,16,Feature Argmax PowerTie IRS,10,0.0,49.99666666666667,0.05333333333333334,0.05333333333333334
N15,N,15,50,15,64,16,Feature Argmax PowerTie IRS,11,0.0,49.99666666666667,0.05333333333333334,0.05333333333333334
N15,N,15,50,15,64,16,Feature Argmax PowerTie IRS,12,0.0,49.99666666666667,0.05333333333333334,0.05333333333333334
N15,N,15,50,15,64,16,Feature Argmax PowerTie IRS,13,0.0,49.99666666666667,0.05333333333333334,0.05333333333333334
N15,N,15,50,15,64,16,Feature Argmax PowerTie IRS,14,0.0,49.99666666666667,0.05333333333333334,0.05333333333333334
N15,N,15,50,15,64,16,Feature Argmax PowerTie IRS,15,0.0,49.99666666666667,0.05333333333333334,0.05333333333333334
N15,N,15,50,15,64,16,Greedy IRS,1,44.85,44.85,16.0,16.0
N15,N,15,50,15,64,16,Greedy IRS,2,4.596666666666667,49.446666666666665,16.0,16.0
N15,N,15,50,15,64,16,Greedy IRS,3,0.53,49.97666666666667,7.413333333333333,7.413333333333333
N15,N,15,50,15,64,16,Greedy IRS,4,0.02,49.99666666666667,0.37333333333333335,0.37333333333333335
N15,N,15,50,15,64,16,Greedy IRS,5,0.0,49.99666666666667,0.05333333333333334,0.05333333333333334
N15,N,15,50,15,64,16,Greedy IRS,6,0.0,49.99666666666667,0.05333333333333334,0.05333333333333334
N15,N,15,50,15,64,16,Greedy IRS,7,0.0,49.99666666666667,0.05333333333333334,0.05333333333333334
N15,N,15,50,15,64,16,Greedy IRS,8,0.0,49.99666666666667,0.05333333333333334,0.05333333333333334
N15,N,15,50,15,64,16,Greedy IRS,9,0.0,49.99666666666667,0.05333333333333334,0.05333333333333334
N15,N,15,50,15,64,16,Greedy IRS,10,0.0,49.99666666666667,0.05333333333333334,0.05333333333333334
N15,N,15,50,15,64,16,Greedy IRS,11,0.0,49.99666666666667,0.05333333333333334,0.05333333333333334
N15,N,15,50,15,64,16,Greedy IRS,12,0.0,49.99666666666667,0.05333333333333334,0.05333333333333334
N15,N,15,50,15,64,16,Greedy IRS,13,0.0,49.99666666666667,0.05333333333333334,0.05333333333333334
N15,N,15,50,15,64,16,Greedy IRS,14,0.0,49.99666666666667,0.05333333333333334,0.05333333333333334
N15,N,15,50,15,64,16,Greedy IRS,15,0.0,49.99666666666667,0.05333333333333334,0.05333333333333334
N15,N,15,50,15,64,16,Random IRS,1,40.94,40.94,0.0,0.0
N15,N,15,50,15,64,16,Random IRS,2,5.6466666666666665,46.586666666666666,0.0,0.0
N15,N,15,50,15,64,16,Random IRS,3,1.81,48.39666666666667,0.0,0.0
N15,N,15,50,15,64,16,Random IRS,4,0.79,49.18666666666667,0.0,0.0
N15,N,15,50,15,64,16,Random IRS,5,0.38333333333333336,49.57,0.0,0.0
N15,N,15,50,15,64,16,Random IRS,6,0.19333333333333333,49.763333333333335,0.0,0.0
N15,N,15,50,15,64,16,Random IRS,7,0.1,49.86333333333334,0.0,0.0
N15,N,15,50,15,64,16,Random IRS,8,0.08,49.943333333333335,0.0,0.0
N15,N,15,50,15,64,16,Random IRS,9,0.023333333333333334,49.96666666666667,0.0,0.0
N15,N,15,50,15,64,16,Random IRS,10,0.006666666666666667,49.973333333333336,0.0,0.0
N15,N,15,50,15,64,16,Random IRS,11,0.016666666666666666,49.99,0.0,0.0
N15,N,15,50,15,64,16,Random IRS,12,0.006666666666666667,49.99666666666667,0.0,0.0
N15,N,15,50,15,64,16,Random IRS,13,0.0,49.99666666666667,0.0,0.0
N15,N,15,50,15,64,16,Random IRS,14,0.0,49.99666666666667,0.0,0.0
N15,N,15,50,15,64,16,Random IRS,15,0.0033333333333333335,50.0,0.0,0.0
N15,N,15,50,15,64,16,No IRS,1,39.06,39.06,0.0,0.0
N15,N,15,50,15,64,16,No IRS,2,0.0,39.06,0.0,0.0
N15,N,15,50,15,64,16,No IRS,3,0.0,39.06,0.0,0.0
N15,N,15,50,15,64,16,No IRS,4,0.0,39.06,0.0,0.0
N15,N,15,50,15,64,16,No IRS,5,0.0,39.06,0.0,0.0
N15,N,15,50,15,64,16,No IRS,6,0.0,39.06,0.0,0.0
N15,N,15,50,15,64,16,No IRS,7,0.0,39.06,0.0,0.0
N15,N,15,50,15,64,16,No IRS,8,0.0,39.06,0.0,0.0
N15,N,15,50,15,64,16,No IRS,9,0.0,39.06,0.0,0.0
N15,N,15,50,15,64,16,No IRS,10,0.0,39.06,0.0,0.0
N15,N,15,50,15,64,16,No IRS,11,0.0,39.06,0.0,0.0
N15,N,15,50,15,64,16,No IRS,12,0.0,39.06,0.0,0.0
N15,N,15,50,15,64,16,No IRS,13,0.0,39.06,0.0,0.0
N15,N,15,50,15,64,16,No IRS,14,0.0,39.06,0.0,0.0
N15,N,15,50,15,64,16,No IRS,15,0.0,39.06,0.0,0.0
M32,M,32,50,10,32,16,Feature Argmax IRS,1,44.88333333333333,44.88333333333333,0.0,1.6066666666666667
M32,M,32,50,10,32,16,Feature Argmax IRS,2,4.443333333333333,49.32666666666667,0.0,2.8866666666666667
M32,M,32,50,10,32,16,Feature Argmax IRS,3,0.5966666666666667,49.92333333333333,0.0,2.5366666666666666
M32,M,32,50,10,32,16,Feature Argmax IRS,4,0.06333333333333334,49.986666666666665,0.0,0.37666666666666665
M32,M,32,50,10,32,16,Feature Argmax IRS,5,0.0033333333333333335,49.99,0.0,0.16666666666666666
M32,M,32,50,10,32,16,Feature Argmax IRS,6,0.0,49.99,0.0,0.16
M32,M,32,50,10,32,16,Feature Argmax IRS,7,0.0,49.99,0.0,0.16
M32,M,32,50,10,32,16,Feature Argmax IRS,8,0.0,49.99,0.0,0.16
M32,M,32,50,10,32,16,Feature Argmax IRS,9,0.0,49.99,0.0,0.16
M32,M,32,50,10,32,16,Feature Argmax IRS,10,0.0,49.99,0.0,0.16
M32,M,32,50,10,32,16,Feature Argmax PowerTie IRS,1,44.88333333333333,44.88333333333333,1.0033333333333334,1.6066666666666667
M32,M,32,50,10,32,16,Feature Argmax PowerTie IRS,2,4.433333333333334,49.31666666666667,2.4166666666666665,2.77
M32,M,32,50,10,32,16,Feature Argmax PowerTie IRS,3,0.6133333333333333,49.93,2.3866666666666667,2.45
M32,M,32,50,10,32,16,Feature Argmax PowerTie IRS,4,0.056666666666666664,49.986666666666665,0.2966666666666667,0.31333333333333335
M32,M,32,50,10,32,16,Feature Argmax PowerTie IRS,5,0.0033333333333333335,49.99,0.17,0.17
M32,M,32,50,10,32,16,Feature Argmax PowerTie IRS,6,0.0,49.99,0.16,0.16
M32,M,32,50,10,32,16,Feature Argmax PowerTie IRS,7,0.0,49.99,0.16,0.16
M32,M,32,50,10,32,16,Feature Argmax PowerTie IRS,8,0.0,49.99,0.16,0.16
M32,M,32,50,10,32,16,Feature Argmax PowerTie IRS,9,0.0,49.99,0.16,0.16
M32,M,32,50,10,32,16,Feature Argmax PowerTie IRS,10,0.0,49.99,0.16,0.16
M32,M,32,50,10,32,16,Greedy IRS,1,44.88333333333333,44.88333333333333,16.0,16.0
M32,M,32,50,10,32,16,Greedy IRS,2,4.433333333333334,49.31666666666667,16.0,16.0
M32,M,32,50,10,32,16,Greedy IRS,3,0.6133333333333333,49.93,7.946666666666666,7.946666666666666
M32,M,32,50,10,32,16,Greedy IRS,4,0.056666666666666664,49.986666666666665,1.0666666666666667,1.0666666666666667
M32,M,32,50,10,32,16,Greedy IRS,5,0.0033333333333333335,49.99,0.21333333333333335,0.21333333333333335
M32,M,32,50,10,32,16,Greedy IRS,6,0.0,49.99,0.16,0.16
M32,M,32,50,10,32,16,Greedy IRS,7,0.0,49.99,0.16,0.16
M32,M,32,50,10,32,16,Greedy IRS,8,0.0,49.99,0.16,0.16
M32,M,32,50,10,32,16,Greedy IRS,9,0.0,49.99,0.16,0.16
M32,M,32,50,10,32,16,Greedy IRS,10,0.0,49.99,0.16,0.16
M32,M,32,50,10,32,16,Random IRS,1,41.013333333333335,41.013333333333335,0.0,0.0
M32,M,32,50,10,32,16,Random IRS,2,5.51,46.52333333333333,0.0,0.0
M32,M,32,50,10,32,16,Random IRS,3,1.7366666666666666,48.26,0.0,0.0
M32,M,32,50,10,32,16,Random IRS,4,0.8933333333333333,49.153333333333336,0.0,0.0
M32,M,32,50,10,32,16,Random IRS,5,0.4166666666666667,49.57,0.0,0.0
M32,M,32,50,10,32,16,Random IRS,6,0.15333333333333332,49.723333333333336,0.0,0.0
M32,M,32,50,10,32,16,Random IRS,7,0.11,49.833333333333336,0.0,0.0
M32,M,32,50,10,32,16,Random IRS,8,0.04666666666666667,49.88,0.0,0.0
M32,M,32,50,10,32,16,Random IRS,9,0.043333333333333335,49.92333333333333,0.0,0.0
M32,M,32,50,10,32,16,Random IRS,10,0.03333333333333333,49.95666666666666,0.0,0.0
M32,M,32,50,10,32,16,No IRS,1,39.00333333333333,39.00333333333333,0.0,0.0
M32,M,32,50,10,32,16,No IRS,2,0.0,39.00333333333333,0.0,0.0
M32,M,32,50,10,32,16,No IRS,3,0.0,39.00333333333333,0.0,0.0
M32,M,32,50,10,32,16,No IRS,4,0.0,39.00333333333333,0.0,0.0
M32,M,32,50,10,32,16,No IRS,5,0.0,39.00333333333333,0.0,0.0
M32,M,32,50,10,32,16,No IRS,6,0.0,39.00333333333333,0.0,0.0
M32,M,32,50,10,32,16,No IRS,7,0.0,39.00333333333333,0.0,0.0
M32,M,32,50,10,32,16,No IRS,8,0.0,39.00333333333333,0.0,0.0
M32,M,32,50,10,32,16,No IRS,9,0.0,39.00333333333333,0.0,0.0
M32,M,32,50,10,32,16,No IRS,10,0.0,39.00333333333333,0.0,0.0
M64,M,64,50,10,64,16,Feature Argmax IRS,1,44.9,44.9,0.0,1.5366666666666666
M64,M,64,50,10,64,16,Feature Argmax IRS,2,4.49,49.39,0.0,2.88
M64,M,64,50,10,64,16,Feature Argmax IRS,3,0.5566666666666666,49.946666666666665,0.0,2.4633333333333334
M64,M,64,50,10,64,16,Feature Argmax IRS,4,0.04666666666666667,49.99333333333333,0.0,0.25666666666666665
M64,M,64,50,10,64,16,Feature Argmax IRS,5,0.0,49.99333333333333,0.0,0.10666666666666667
M64,M,64,50,10,64,16,Feature Argmax IRS,6,0.0,49.99333333333333,0.0,0.10666666666666667
M64,M,64,50,10,64,16,Feature Argmax IRS,7,0.0,49.99333333333333,0.0,0.10666666666666667
M64,M,64,50,10,64,16,Feature Argmax IRS,8,0.0,49.99333333333333,0.0,0.10666666666666667
M64,M,64,50,10,64,16,Feature Argmax IRS,9,0.0,49.99333333333333,0.0,0.10666666666666667
M64,M,64,50,10,64,16,Feature Argmax IRS,10,0.0,49.99333333333333,0.0,0.10666666666666667
M64,M,64,50,10,64,16,Feature Argmax PowerTie IRS,1,44.9,44.9,0.93,1.5366666666666666
M64,M,64,50,10,64,16,Feature Argmax PowerTie IRS,2,4.486666666666666,49.38666666666666,2.566666666666667,2.9433333333333334
M64,M,64,50,10,64,16,Feature Argmax PowerTie IRS,3,0.5766666666666667,49.96333333333333,2.28,2.34
M64,M,64,50,10,64,16,Feature Argmax PowerTie IRS,4,0.03,49.99333333333333,0.18333333333333332,0.19
M64,M,64,50,10,64,16,Feature Argmax PowerTie IRS,5,0.0,49.99333333333333,0.10666666666666667,0.10666666666666667
M64,M,64,50,10,64,16,Feature Argmax PowerTie IRS,6,0.0,49.99333333333333,0.10666666666666667,0.10666666666666667
M64,M,64,50,10,64,16,Feature Argmax PowerTie IRS,7,0.0,49.99333333333333,0.10666666666666667,0.10666666666666667
M64,M,64,50,10,64,16,Feature Argmax PowerTie IRS,8,0.0,49.99333333333333,0.10666666666666667,0.10666666666666667
M64,M,64,50,10,64,16,Feature Argmax PowerTie IRS,9,0.0,49.99333333333333,0.10666666666666667,0.10666666666666667
M64,M,64,50,10,64,16,Feature Argmax PowerTie IRS,10,0.0,49.99333333333333,0.10666666666666667,0.10666666666666667
M64,M,64,50,10,64,16,Greedy IRS,1,44.9,44.9,16.0,16.0
M64,M,64,50,10,64,16,Greedy IRS,2,4.486666666666666,49.38666666666666,16.0,16.0
M64,M,64,50,10,64,16,Greedy IRS,3,0.5766666666666667,49.96333333333333,7.36,7.36
M64,M,64,50,10,64,16,Greedy IRS,4,0.03,49.99333333333333,0.5866666666666667,0.5866666666666667
M64,M,64,50,10,64,16,Greedy IRS,5,0.0,49.99333333333333,0.10666666666666667,0.10666666666666667
M64,M,64,50,10,64,16,Greedy IRS,6,0.0,49.99333333333333,0.10666666666666667,0.10666666666666667
M64,M,64,50,10,64,16,Greedy IRS,7,0.0,49.99333333333333,0.10666666666666667,0.10666666666666667
M64,M,64,50,10,64,16,Greedy IRS,8,0.0,49.99333333333333,0.10666666666666667,0.10666666666666667
M64,M,64,50,10,64,16,Greedy IRS,9,0.0,49.99333333333333,0.10666666666666667,0.10666666666666667
M64,M,64,50,10,64,16,Greedy IRS,10,0.0,49.99333333333333,0.10666666666666667,0.10666666666666667
M64,M,64,50,10,64,16,Random IRS,1,41.27,41.27,0.0,0.0
M64,M,64,50,10,64,16,Random IRS,2,5.48,46.75,0.0,0.0
M64,M,64,50,10,64,16,Random IRS,3,1.7033333333333334,48.45333333333333,0.0,0.0
M64,M,64,50,10,64,16,Random IRS,4,0.7666666666666667,49.22,0.0,0.0
M64,M,64,50,10,64,16,Random IRS,5,0.35333333333333333,49.57333333333333,0.0,0.0
M64,M,64,50,10,64,16,Random IRS,6,0.20666666666666667,49.78,0.0,0.0
M64,M,64,50,10,64,16,Random IRS,7,0.09333333333333334,49.873333333333335,0.0,0.0
M64,M,64,50,10,64,16,Random IRS,8,0.056666666666666664,49.93,0.0,0.0
M64,M,64,50,10,64,16,Random IRS,9,0.023333333333333334,49.95333333333333,0.0,0.0
M64,M,64,50,10,64,16,Random IRS,10,0.016666666666666666,49.97,0.0,0.0
M64,M,64,50,10,64,16,No IRS,1,39.06,39.06,0.0,0.0
M64,M,64,50,10,64,16,No IRS,2,0.0,39.06,0.0,0.0
M64,M,64,50,10,64,16,No IRS,3,0.0,39.06,0.0,0.0
M64,M,64,50,10,64,16,No IRS,4,0.0,39.06,0.0,0.0
M64,M,64,50,10,64,16,No IRS,5,0.0,39.06,0.0,0.0
M64,M,64,50,10,64,16,No IRS,6,0.0,39.06,0.0,0.0
M64,M,64,50,10,64,16,No IRS,7,0.0,39.06,0.0,0.0
M64,M,64,50,10,64,16,No IRS,8,0.0,39.06,0.0,0.0
M64,M,64,50,10,64,16,No IRS,9,0.0,39.06,0.0,0.0
M64,M,64,50,10,64,16,No IRS,10,0.0,39.06,0.0,0.0
M128,M,128,50,10,128,16,Feature Argmax IRS,1,44.67333333333333,44.67333333333333,0.0,1.5966666666666667
M128,M,128,50,10,128,16,Feature Argmax IRS,2,4.613333333333333,49.28666666666667,0.0,3.046666666666667
M128,M,128,50,10,128,16,Feature Argmax IRS,3,0.6766666666666666,49.96333333333333,0.0,3.01
M128,M,128,50,10,128,16,Feature Argmax IRS,4,0.03333333333333333,49.99666666666667,0.0,0.17333333333333334
M128,M,128,50,10,128,16,Feature Argmax IRS,5,0.0,49.99666666666667,0.0,0.05333333333333334
M128,M,128,50,10,128,16,Feature Argmax IRS,6,0.0,49.99666666666667,0.0,0.05333333333333334
M128,M,128,50,10,128,16,Feature Argmax IRS,7,0.0,49.99666666666667,0.0,0.05333333333333334
M128,M,128,50,10,128,16,Feature Argmax IRS,8,0.0,49.99666666666667,0.0,0.05333333333333334
M128,M,128,50,10,128,16,Feature Argmax IRS,9,0.0,49.99666666666667,0.0,0.05333333333333334
M128,M,128,50,10,128,16,Feature Argmax IRS,10,0.0,49.99666666666667,0.0,0.05333333333333334
M128,M,128,50,10,128,16,Feature Argmax PowerTie IRS,1,44.67333333333333,44.67333333333333,0.96,1.5966666666666667
M128,M,128,50,10,128,16,Feature Argmax PowerTie IRS,2,4.61,49.28333333333333,2.743333333333333,3.04
M128,M,128,50,10,128,16,Feature Argmax PowerTie IRS,3,0.68,49.96333333333333,2.8466666666666667,2.8933333333333335
M128,M,128,50,10,128,16,Feature Argmax PowerTie IRS,4,0.03333333333333333,49.99666666666667,0.19,0.19
M128,M,128,50,10,128,16,Feature Argmax PowerTie IRS,5,0.0,49.99666666666667,0.05333333333333334,0.05333333333333334
M128,M,128,50,10,128,16,Feature Argmax PowerTie IRS,6,0.0,49.99666666666667,0.05333333333333334,0.05333333333333334
M128,M,128,50,10,128,16,Feature Argmax PowerTie IRS,7,0.0,49.99666666666667,0.05333333333333334,0.05333333333333334
M128,M,128,50,10,128,16,Feature Argmax PowerTie IRS,8,0.0,49.99666666666667,0.05333333333333334,0.05333333333333334
M128,M,128,50,10,128,16,Feature Argmax PowerTie IRS,9,0.0,49.99666666666667,0.05333333333333334,0.05333333333333334
M128,M,128,50,10,128,16,Feature Argmax PowerTie IRS,10,0.0,49.99666666666667,0.05333333333333334,0.05333333333333334
M128,M,128,50,10,128,16,Greedy IRS,1,44.67333333333333,44.67333333333333,16.0,16.0
M128,M,128,50,10,128,16,Greedy IRS,2,4.61,49.28333333333333,16.0,16.0
M128,M,128,50,10,128,16,Greedy IRS,3,0.68,49.96333333333333,8.533333333333333,8.533333333333333
M128,M,128,50,10,128,16,Greedy IRS,4,0.03333333333333333,49.99666666666667,0.5866666666666667,0.5866666666666667
M128,M,128,50,10,128,16,Greedy IRS,5,0.0,49.99666666666667,0.05333333333333334,0.05333333333333334
M128,M,128,50,10,128,16,Greedy IRS,6,0.0,49.99666666666667,0.05333333333333334,0.05333333333333334
M128,M,128,50,10,128,16,Greedy IRS,7,0.0,49.99666666666667,0.05333333333333334,0.05333333333333334
M128,M,128,50,10,128,16,Greedy IRS,8,0.0,49.99666666666667,0.05333333333333334,0.05333333333333334
M128,M,128,50,10,128,16,Greedy IRS,9,0.0,49.99666666666667,0.05333333333333334,0.05333333333333334
M128,M,128,50,10,128,16,Greedy IRS,10,0.0,49.99666666666667,0.05333333333333334,0.05333333333333334
M128,M,128,50,10,128,16,Random IRS,1,40.873333333333335,40.873333333333335,0.0,0.0
M128,M,128,50,10,128,16,Random IRS,2,5.66,46.53333333333333,0.0,0.0
M128,M,128,50,10,128,16,Random IRS,3,1.8933333333333333,48.42666666666667,0.0,0.0
M128,M,128,50,10,128,16,Random IRS,4,0.73,49.156666666666666,0.0,0.0
M128,M,128,50,10,128,16,Random IRS,5,0.37,49.526666666666664,0.0,0.0
M128,M,128,50,10,128,16,Random IRS,6,0.18666666666666668,49.71333333333333,0.0,0.0
M128,M,128,50,10,128,16,Random IRS,7,0.09333333333333334,49.806666666666665,0.0,0.0
M128,M,128,50,10,128,16,Random IRS,8,0.07666666666666666,49.88333333333333,0.0,0.0
M128,M,128,50,10,128,16,Random IRS,9,0.056666666666666664,49.94,0.0,0.0
M128,M,128,50,10,128,16,Random IRS,10,0.03,49.97,0.0,0.0
M128,M,128,50,10,128,16,No IRS,1,38.75,38.75,0.0,0.0
M128,M,128,50,10,128,16,No IRS,2,0.0,38.75,0.0,0.0
M128,M,128,50,10,128,16,No IRS,3,0.0,38.75,0.0,0.0
M128,M,128,50,10,128,16,No IRS,4,0.0,38.75,0.0,0.0
M128,M,128,50,10,128,16,No IRS,5,0.0,38.75,0.0,0.0
M128,M,128,50,10,128,16,No IRS,6,0.0,38.75,0.0,0.0
M128,M,128,50,10,128,16,No IRS,7,0.0,38.75,0.0,0.0
M128,M,128,50,10,128,16,No IRS,8,0.0,38.75,0.0,0.0
M128,M,128,50,10,128,16,No IRS,9,0.0,38.75,0.0,0.0
M128,M,128,50,10,128,16,No IRS,10,0.0,38.75,0.0,0.0
C8,C,8,50,10,64,8,Feature Argmax IRS,1,44.06,44.06,0.0,1.5566666666666666
C8,C,8,50,10,64,8,Feature Argmax IRS,2,4.673333333333333,48.733333333333334,0.0,2.15
C8,C,8,50,10,64,8,Feature Argmax IRS,3,0.9433333333333334,49.67666666666667,0.0,1.97
C8,C,8,50,10,64,8,Feature Argmax IRS,4,0.13333333333333333,49.81,0.0,1.25
C8,C,8,50,10,64,8,Feature Argmax IRS,5,0.01,49.82,0.0,1.1866666666666668
C8,C,8,50,10,64,8,Feature Argmax IRS,6,0.0033333333333333335,49.82333333333333,0.0,1.1766666666666667
C8,C,8,50,10,64,8,Feature Argmax IRS,7,0.0,49.82333333333333,0.0,1.2
C8,C,8,50,10,64,8,Feature Argmax IRS,8,0.0,49.82333333333333,0.0,1.2
C8,C,8,50,10,64,8,Feature Argmax IRS,9,0.0,49.82333333333333,0.0,1.2
C8,C,8,50,10,64,8,Feature Argmax IRS,10,0.0,49.82333333333333,0.0,1.2
C8,C,8,50,10,64,8,Feature Argmax PowerTie IRS,1,44.06,44.06,0.9433333333333334,1.5566666666666666
C8,C,8,50,10,64,8,Feature Argmax PowerTie IRS,2,4.673333333333333,48.733333333333334,1.6966666666666668,2.1466666666666665
C8,C,8,50,10,64,8,Feature Argmax PowerTie IRS,3,0.9466666666666667,49.68,1.8,1.99
C8,C,8,50,10,64,8,Feature Argmax PowerTie IRS,4,0.13333333333333333,49.81333333333333,1.1533333333333333,1.2266666666666666
C8,C,8,50,10,64,8,Feature Argmax PowerTie IRS,5,0.01,49.82333333333333,1.1733333333333333,1.1833333333333333
C8,C,8,50,10,64,8,Feature Argmax PowerTie IRS,6,0.0,49.82333333333333,1.2,1.2
C8,C,8,50,10,64,8,Feature Argmax PowerTie IRS,7,0.0,49.82333333333333,1.2,1.2
C8,C,8,50,10,64,8,Feature Argmax PowerTie IRS,8,0.0,49.82333333333333,1.2,1.2
C8,C,8,50,10,64,8,Feature Argmax PowerTie IRS,9,0.0,49.82333333333333,1.2,1.2
C8,C,8,50,10,64,8,Feature Argmax PowerTie IRS,10,0.0,49.82333333333333,1.2,1.2
C8,C,8,50,10,64,8,Greedy IRS,1,44.06,44.06,8.0,8.0
C8,C,8,50,10,64,8,Greedy IRS,2,4.673333333333333,48.733333333333334,8.0,8.0
C8,C,8,50,10,64,8,Greedy IRS,3,0.9466666666666667,49.68,5.973333333333334,5.973333333333334
C8,C,8,50,10,64,8,Greedy IRS,4,0.13333333333333333,49.81333333333333,2.08,2.08
C8,C,8,50,10,64,8,Greedy IRS,5,0.01,49.82333333333333,1.2533333333333334,1.2533333333333334
C8,C,8,50,10,64,8,Greedy IRS,6,0.0,49.82333333333333,1.2,1.2
C8,C,8,50,10,64,8,Greedy IRS,7,0.0,49.82333333333333,1.2,1.2
C8,C,8,50,10,64,8,Greedy IRS,8,0.0,49.82333333333333,1.2,1.2
C8,C,8,50,10,64,8,Greedy IRS,9,0.0,49.82333333333333,1.2,1.2
C8,C,8,50,10,64,8,Greedy IRS,10,0.0,49.82333333333333,1.2,1.2
C8,C,8,50,10,64,8,Random IRS,1,40.833333333333336,40.833333333333336,0.0,0.0
C8,C,8,50,10,64,8,Random IRS,2,5.626666666666667,46.46,0.0,0.0
C8,C,8,50,10,64,8,Random IRS,3,1.9466666666666668,48.406666666666666,0.0,0.0
C8,C,8,50,10,64,8,Random IRS,4,0.8066666666666666,49.21333333333333,0.0,0.0
C8,C,8,50,10,64,8,Random IRS,5,0.3333333333333333,49.54666666666667,0.0,0.0
C8,C,8,50,10,64,8,Random IRS,6,0.16,49.70666666666666,0.0,0.0
C8,C,8,50,10,64,8,Random IRS,7,0.09,49.79666666666667,0.0,0.0
C8,C,8,50,10,64,8,Random IRS,8,0.06333333333333334,49.86,0.0,0.0
C8,C,8,50,10,64,8,Random IRS,9,0.056666666666666664,49.916666666666664,0.0,0.0
C8,C,8,50,10,64,8,Random IRS,10,0.023333333333333334,49.94,0.0,0.0
C8,C,8,50,10,64,8,No IRS,1,38.82333333333333,38.82333333333333,0.0,0.0
C8,C,8,50,10,64,8,No IRS,2,0.0,38.82333333333333,0.0,0.0
C8,C,8,50,10,64,8,No IRS,3,0.0,38.82333333333333,0.0,0.0
C8,C,8,50,10,64,8,No IRS,4,0.0,38.82333333333333,0.0,0.0
C8,C,8,50,10,64,8,No IRS,5,0.0,38.82333333333333,0.0,0.0
C8,C,8,50,10,64,8,No IRS,6,0.0,38.82333333333333,0.0,0.0
C8,C,8,50,10,64,8,No IRS,7,0.0,38.82333333333333,0.0,0.0
C8,C,8,50,10,64,8,No IRS,8,0.0,38.82333333333333,0.0,0.0
C8,C,8,50,10,64,8,No IRS,9,0.0,38.82333333333333,0.0,0.0
C8,C,8,50,10,64,8,No IRS,10,0.0,38.82333333333333,0.0,0.0
C16,C,16,50,10,64,16,Feature Argmax IRS,1,44.67666666666667,44.67666666666667,0.0,1.6233333333333333
C16,C,16,50,10,64,16,Feature Argmax IRS,2,4.6866666666666665,49.36333333333334,0.0,3.013333333333333
C16,C,16,50,10,64,16,Feature Argmax IRS,3,0.59,49.95333333333333,0.0,2.473333333333333
C16,C,16,50,10,64,16,Feature Argmax IRS,4,0.04,49.99333333333333,0.0,0.25333333333333335
C16,C,16,50,10,64,16,Feature Argmax IRS,5,0.0,49.99333333333333,0.0,0.10666666666666667
C16,C,16,50,10,64,16,Feature Argmax IRS,6,0.0,49.99333333333333,0.0,0.10666666666666667
C16,C,16,50,10,64,16,Feature Argmax IRS,7,0.0,49.99333333333333,0.0,0.10666666666666667
C16,C,16,50,10,64,16,Feature Argmax IRS,8,0.0,49.99333333333333,0.0,0.10666666666666667
C16,C,16,50,10,64,16,Feature Argmax IRS,9,0.0,49.99333333333333,0.0,0.10666666666666667
C16,C,16,50,10,64,16,Feature Argmax IRS,10,0.0,49.99333333333333,0.0,0.10666666666666667
C16,C,16,50,10,64,16,Feature Argmax PowerTie IRS,1,44.67666666666667,44.67666666666667,1.0,1.6233333333333333
C16,C,16,50,10,64,16,Feature Argmax PowerTie IRS,2,4.683333333333334,49.36,2.6766666666666667,2.9566666666666666
C16,C,16,50,10,64,16,Feature Argmax PowerTie IRS,3,0.5933333333333334,49.95333333333333,2.66,2.7
C16,C,16,50,10,64,16,Feature Argmax PowerTie IRS,4,0.04,49.99333333333333,0.22333333333333333,0.23
C16,C,16,50,10,64,16,Feature Argmax PowerTie IRS,5,0.0,49.99333333333333,0.10666666666666667,0.10666666666666667
C16,C,16,50,10,64,16,Feature Argmax PowerTie IRS,6,0.0,49.99333333333333,0.10666666666666667,0.10666666666666667
C16,C,16,50,10,64,16,Feature Argmax PowerTie IRS,7,0.0,49.99333333333333,0.10666666666666667,0.10666666666666667
C16,C,16,50,10,64,16,Feature Argmax PowerTie IRS,8,0.0,49.99333333333333,0.10666666666666667,0.10666666666666667
C16,C,16,50,10,64,16,Feature Argmax PowerTie IRS,9,0.0,49.99333333333333,0.10666666666666667,0.10666666666666667
C16,C,16,50,10,64,16,Feature Argmax PowerTie IRS,10,0.0,49.99333333333333,0.10666666666666667,0.10666666666666667
C16,C,16,50,10,64,16,Greedy IRS,1,44.67666666666667,44.67666666666667,16.0,16.0
C16,C,16,50,10,64,16,Greedy IRS,2,4.683333333333334,49.36,16.0,16.0
C16,C,16,50,10,64,16,Greedy IRS,3,0.5933333333333334,49.95333333333333,7.84,7.84
C16,C,16,50,10,64,16,Greedy IRS,4,0.04,49.99333333333333,0.7466666666666667,0.7466666666666667
C16,C,16,50,10,64,16,Greedy IRS,5,0.0,49.99333333333333,0.10666666666666667,0.10666666666666667
C16,C,16,50,10,64,16,Greedy IRS,6,0.0,49.99333333333333,0.10666666666666667,0.10666666666666667
C16,C,16,50,10,64,16,Greedy IRS,7,0.0,49.99333333333333,0.10666666666666667,0.10666666666666667
C16,C,16,50,10,64,16,Greedy IRS,8,0.0,49.99333333333333,0.10666666666666667,0.10666666666666667
C16,C,16,50,10,64,16,Greedy IRS,9,0.0,49.99333333333333,0.10666666666666667,0.10666666666666667
C16,C,16,50,10,64,16,Greedy IRS,10,0.0,49.99333333333333,0.10666666666666667,0.10666666666666667
C16,C,16,50,10,64,16,Random IRS,1,40.77,40.77,0.0,0.0
C16,C,16,50,10,64,16,Random IRS,2,5.773333333333333,46.54333333333334,0.0,0.0
C16,C,16,50,10,64,16,Random IRS,3,1.86,48.403333333333336,0.0,0.0
C16,C,16,50,10,64,16,Random IRS,4,0.7733333333333333,49.17666666666667,0.0,0.0
C16,C,16,50,10,64,16,Random IRS,5,0.33666666666666667,49.513333333333335,0.0,0.0
C16,C,16,50,10,64,16,Random IRS,6,0.22333333333333333,49.736666666666665,0.0,0.0
C16,C,16,50,10,64,16,Random IRS,7,0.09666666666666666,49.833333333333336,0.0,0.0
C16,C,16,50,10,64,16,Random IRS,8,0.05,49.88333333333333,0.0,0.0
C16,C,16,50,10,64,16,Random IRS,9,0.043333333333333335,49.92666666666667,0.0,0.0
C16,C,16,50,10,64,16,Random IRS,10,0.03,49.95666666666666,0.0,0.0
C16,C,16,50,10,64,16,No IRS,1,38.903333333333336,38.903333333333336,0.0,0.0
C16,C,16,50,10,64,16,No IRS,2,0.0,38.903333333333336,0.0,0.0
C16,C,16,50,10,64,16,No IRS,3,0.0,38.903333333333336,0.0,0.0
C16,C,16,50,10,64,16,No IRS,4,0.0,38.903333333333336,0.0,0.0
C16,C,16,50,10,64,16,No IRS,5,0.0,38.903333333333336,0.0,0.0
C16,C,16,50,10,64,16,No IRS,6,0.0,38.903333333333336,0.0,0.0
C16,C,16,50,10,64,16,No IRS,7,0.0,38.903333333333336,0.0,0.0
C16,C,16,50,10,64,16,No IRS,8,0.0,38.903333333333336,0.0,0.0
C16,C,16,50,10,64,16,No IRS,9,0.0,38.903333333333336,0.0,0.0
C16,C,16,50,10,64,16,No IRS,10,0.0,38.903333333333336,0.0,0.0
C32,C,32,50,10,64,32,Feature Argmax IRS,1,45.733333333333334,45.733333333333334,0.0,1.5866666666666667
C32,C,32,50,10,64,32,Feature Argmax IRS,2,4.033333333333333,49.766666666666666,0.0,5.08
C32,C,32,50,10,64,32,Feature Argmax IRS,3,0.23333333333333334,50.0,0.0,2.3133333333333335
C32,C,32,50,10,64,32,Feature Argmax IRS,4,0.0,50.0,0.0,0.0
C32,C,32,50,10,64,32,Feature Argmax IRS,5,0.0,50.0,0.0,0.0
C32,C,32,50,10,64,32,Feature Argmax IRS,6,0.0,50.0,0.0,0.0
C32,C,32,50,10,64,32,Feature Argmax IRS,7,0.0,50.0,0.0,0.0
C32,C,32,50,10,64,32,Feature Argmax IRS,8,0.0,50.0,0.0,0.0
C32,C,32,50,10,64,32,Feature Argmax IRS,9,0.0,50.0,0.0,0.0
C32,C,32,50,10,64,32,Feature Argmax IRS,10,0.0,50.0,0.0,0.0
C32,C,32,50,10,64,32,Feature Argmax PowerTie IRS,1,45.733333333333334,45.733333333333334,0.9366666666666666,1.5866666666666667
C32,C,32,50,10,64,32,Feature Argmax PowerTie IRS,2,4.043333333333333,49.776666666666664,4.8933333333333335,5.1
C32,C,32,50,10,64,32,Feature Argmax PowerTie IRS,3,0.22,49.99666666666667,2.24,2.24
C32,C,32,50,10,64,32,Feature Argmax PowerTie IRS,4,0.0033333333333333335,50.0,0.03,0.03
C32,C,32,50,10,64,32,Feature Argmax PowerTie IRS,5,0.0,50.0,0.0,0.0
C32,C,32,50,10,64,32,Feature Argmax PowerTie IRS,6,0.0,50.0,0.0,0.0
C32,C,32,50,10,64,32,Feature Argmax PowerTie IRS,7,0.0,50.0,0.0,0.0
C32,C,32,50,10,64,32,Feature Argmax PowerTie IRS,8,0.0,50.0,0.0,0.0
C32,C,32,50,10,64,32,Feature Argmax PowerTie IRS,9,0.0,50.0,0.0,0.0
C32,C,32,50,10,64,32,Feature Argmax PowerTie IRS,10,0.0,50.0,0.0,0.0
C32,C,32,50,10,64,32,Greedy IRS,1,45.733333333333334,45.733333333333334,32.0,32.0
C32,C,32,50,10,64,32,Greedy IRS,2,4.043333333333333,49.776666666666664,32.0,32.0
C32,C,32,50,10,64,32,Greedy IRS,3,0.22,49.99666666666667,6.4,6.4
C32,C,32,50,10,64,32,Greedy IRS,4,0.0033333333333333335,50.0,0.10666666666666667,0.10666666666666667
C32,C,32,50,10,64,32,Greedy IRS,5,0.0,50.0,0.0,0.0
C32,C,32,50,10,64,32,Greedy IRS,6,0.0,50.0,0.0,0.0
C32,C,32,50,10,64,32,Greedy IRS,7,0.0,50.0,0.0,0.0
C32,C,32,50,10,64,32,Greedy IRS,8,0.0,50.0,0.0,0.0
C32,C,32,50,10,64,32,Greedy IRS,9,0.0,50.0,0.0,0.0
C32,C,32,50,10,64,32,Greedy IRS,10,0.0,50.0,0.0,0.0
C32,C,32,50,10,64,32,Random IRS,1,40.86,40.86,0.0,0.0
C32,C,32,50,10,64,32,Random IRS,2,5.76,46.62,0.0,0.0
C32,C,32,50,10,64,32,Random IRS,3,1.8433333333333333,48.46333333333333,0.0,0.0
C32,C,32,50,10,64,32,Random IRS,4,0.7266666666666667,49.19,0.0,0.0
C32,C,32,50,10,64,32,Random IRS,5,0.36,49.55,0.0,0.0
C32,C,32,50,10,64,32,Random IRS,6,0.22,49.77,0.0,0.0
C32,C,32,50,10,64,32,Random IRS,7,0.08333333333333333,49.85333333333333,0.0,0.0
C32,C,32,50,10,64,32,Random IRS,8,0.056666666666666664,49.91,0.0,0.0
C32,C,32,50,10,64,32,Random IRS,9,0.023333333333333334,49.93333333333333,0.0,0.0
C32,C,32,50,10,64,32,Random IRS,10,0.016666666666666666,49.95,0.0,0.0
C32,C,32,50,10,64,32,No IRS,1,39.21666666666667,39.21666666666667,0.0,0.0
C32,C,32,50,10,64,32,No IRS,2,0.0,39.21666666666667,0.0,0.0
C32,C,32,50,10,64,32,No IRS,3,0.0,39.21666666666667,0.0,0.0
C32,C,32,50,10,64,32,No IRS,4,0.0,39.21666666666667,0.0,0.0
C32,C,32,50,10,64,32,No IRS,5,0.0,39.21666666666667,0.0,0.0
C32,C,32,50,10,64,32,No IRS,6,0.0,39.21666666666667,0.0,0.0
C32,C,32,50,10,64,32,No IRS,7,0.0,39.21666666666667,0.0,0.0
C32,C,32,50,10,64,32,No IRS,8,0.0,39.21666666666667,0.0,0.0
C32,C,32,50,10,64,32,No IRS,9,0.0,39.21666666666667,0.0,0.0
C32,C,32,50,10,64,32,No IRS,10,0.0,39.21666666666667,0.0,0.0
