scenario,scenario_label,scenario_description,num_nodes,num_slots,num_irs_elements,num_codebook_states,g_th,alpha_th,slot_cost,probe_cost,utility_mean,total_probe_calls_mean,feedback_noise_std,probe_budget,budget_fraction,policy,episodes,num_seeds,success_mean,success_ci95,success_rate_mean,perfect_rate,slots_mean,slots_ci95,avg_power,total_energy_mean,total_energy_ci95,probe_calls_per_slot_mean,oracle_match_rate,oracle_tx_gap_mean,observed_score_mean,observed_tx_fraction_mean,avg_reward
short_slots,Short Slots,"Tighter deadline with K=50, N=5, M=64, C=16",50,5,64,16,0.001,0.05,0.1,0.005,38.4412,0.0,0.0,0,0.0,No IRS,5000,5,38.9412,0.0706291105989589,0.7788240000000001,0.0,5.0,0.0,0.3351087429136704,13.051771096978525,0.041163198718588874,0.0,0.0,7.920439999999999,0.0,0.0,11.897444811911848
short_slots,Short Slots,"Tighter deadline with K=50, N=5, M=64, C=16",50,5,64,16,0.001,0.05,0.1,0.005,40.4552,0.0,0.0,0,0.0,Fixed IRS,5000,5,40.9552,0.07285138340484734,0.8191039999999999,0.0,5.0,0.0,0.29875773340632605,12.235502415511117,0.042677435584792645,0.0,1.3280000000000003,6.977,0.0,0.0,36.81022026685988
short_slots,Short Slots,"Tighter deadline with K=50, N=5, M=64, C=16",50,5,64,16,0.001,0.05,0.1,0.005,48.818180000000005,0.0,0.0,0,0.0,Random IRS,5000,5,49.2638,0.027288381117245353,0.985276,51.62,4.4562,0.021249509735520762,0.42864515164334355,16.157660727022822,0.04268621885058913,0.0,7.347666666666666,2.1246099999999997,0.0,0.0,96.62850809486804
short_slots,Short Slots,"Tighter deadline with K=50, N=5, M=64, C=16",50,5,64,16,0.001,0.05,0.1,0.005,49.540352,40.3776,0.0,16,1.0,Oracle Full Preview,5000,5,49.9946,0.0013293366766919182,0.999892,99.48,2.5236,0.0070831699118404255,0.3638608839522054,15.977936231052212,0.05360440808700228,16.0,100.0,0.0,0.0,0.0,99.12804359239937
short_slots,Short Slots,"Tighter deadline with K=50, N=5, M=64, C=16",50,5,64,16,0.001,0.05,0.1,0.005,49.373568000000006,44.0384,0.0,16,1.0,Full Noisy Feedback,5000,5,49.869,0.007307409937864407,0.99738,87.6,2.7524,0.020580933312170174,0.3539136000260074,15.88529016524352,0.057836877082611,16.0,89.35333333333334,0.07307333333333334,0.336744405488579,0.3532733708333334,98.84156034102627
short_slots,Short Slots,"Tighter deadline with K=50, N=5, M=64, C=16",50,5,64,16,0.001,0.05,0.1,0.005,48.802745,4.431,0.0,1,0.0625,Random Feedback Probe,5000,5,49.268,0.025457374570053436,0.98536,51.72,4.431,0.019901481351899293,0.4294915055947449,16.175963737201062,0.05313162390375613,1.0,7.614999999999999,2.1091433333333334,0.2177803548050255,0.235042,96.6577222260726
short_slots,Short Slots,"Tighter deadline with K=50, N=5, M=64, C=16",50,5,64,16,0.001,0.05,0.1,0.005,49.096023,4.3274,0.0,1,0.0625,Rotating Feedback Probe,5000,5,49.5504,0.012482599729222322,0.9910080000000001,64.66,4.3274,0.0106383051281678,0.4381513981261921,16.35461148640474,0.02217077136121473,1.0,7.570666666666666,1.8878666666666668,0.22277087277785276,0.2420016,97.5409516596764
short_slots,Short Slots,"Tighter deadline with K=50, N=5, M=64, C=16",50,5,64,16,0.001,0.05,0.1,0.005,47.043718,4.9684,0.0,1,0.0625,UCB Feedback Probe,5000,5,47.5654,0.037201811998881264,0.9513079999999999,11.82,4.9684,0.005207849460189933,0.39377188865578105,15.307920042358761,0.05772185725050034,1.0,3.578,4.754389999999999,0.18215990501223192,0.1919616,89.7490146462392
short_slots,Short Slots,"Tighter deadline with K=50, N=5, M=64, C=16",50,5,64,16,0.001,0.05,0.1,0.005,47.758859,4.9042,0.0,1,0.0625,Thompson Feedback Probe,5000,5,48.2738,0.011485666894002499,0.965476,21.7,4.9042,0.00589305218032223,0.40851174099378557,15.666932847773325,0.019650034137128736,1.0,4.337000000000001,4.041183333333334,0.18664409195720796,0.19846519999999995,92.96850115647071
short_slots,Short Slots,"Tighter deadline with K=50, N=5, M=64, C=16",50,5,64,16,0.001,0.05,0.1,0.005,49.057126,8.1868,0.0,2,0.125,Random Feedback Probe,5000,5,49.5074,0.024982120326346332,0.9901479999999999,60.56,4.0934,0.053139500336378785,0.3911219846438371,16.061302029323457,0.037884040513451796,2.0,14.368333333333332,1.4068033333333332,0.2332996274244607,0.2498092,97.64832679630031
short_slots,Short Slots,"Tighter deadline with K=50, N=5, M=64, C=16",50,5,64,16,0.001,0.05,0.1,0.005,49.258046,7.9228,0.0,2,0.125,Rotating Feedback Probe,5000,5,49.6938,0.007473744978254855,0.9938760000000001,72.38,3.9614,0.032683257120427835,0.3930784052634784,16.13070646958355,0.04784997306030054,2.0,15.879666666666667,1.3006833333333332,0.24142874049033436,0.2597215666666667,98.17096532661486
short_slots,Short Slots,"Tighter deadline with K=50, N=5, M=64, C=16",50,5,64,16,0.001,0.05,0.1,0.005,48.854397999999996,9.3164,0.0,2,0.125,UCB Feedback Probe,5000,5,49.3668,0.017849994509803773,0.987336,51.64,4.6582,0.022818642904432276,0.40053713811016434,16.015716617339216,0.059118799831594356,2.0,9.247000000000002,2.01655,0.1899790784289418,0.20271299999999998,97.18727088032064
short_slots,Short Slots,"Tighter deadline with K=50, N=5, M=64, C=16",50,5,64,16,0.001,0.05,0.1,0.005,48.711354,9.1172,0.0,2,0.125,Thompson Feedback Probe,5000,5,49.2128,0.023531430555747863,0.984256,45.1,4.5586,0.01845525009313062,0.3991748714532522,15.95114248901417,0.027495619281883637,2.0,9.107666666666667,1.8650099999999998,0.1950931062133744,0.20710336666666668,96.6759993538453
short_slots,Short Slots,"Tighter deadline with K=50, N=5, M=64, C=16",50,5,64,16,0.001,0.05,0.1,0.005,49.256416,14.6128,0.0,4,0.25,Random Feedback Probe,5000,5,49.6948,0.013051304302637392,0.993896,73.1,3.6532,0.024655522383433645,0.3729311156015802,15.977515873487805,0.05208893520860361,4.0,25.734666666666662,0.89361,0.2621484449679582,0.2783402833333333,98.26888479518854
short_slots,Short Slots,"Tighter deadline with K=50, N=5, M=64, C=16",50,5,64,16,0.001,0.05,0.1,0.005,49.38292800000001,13.8224,0.0,4,0.25,Rotating Feedback Probe,5000,5,49.7976,0.0063390169584876,0.9959520000000001,81.0,3.4556,0.012202475814358441,0.3703226840058707,16.02541746933812,0.040000640552030134,4.0,30.917999999999996,0.8089333333333333,0.2752383522096998,0.2927771333333334,98.55432346507722
short_slots,Short Slots,"Tighter deadline with K=50, N=5, M=64, C=16",50,5,64,16,0.001,0.05,0.1,0.005,49.26082400000001,16.0592,0.0,4,0.25,UCB Feedback Probe,5000,5,49.7426,0.019742561535929442,0.9948520000000001,76.52,4.0148,0.031153520250527127,0.3745758653863086,15.999883298960677,0.05209993284917129,4.0,21.58,1.0334866666666667,0.23016973403032115,0.24438978333333333,98.34760680051448
short_slots,Short Slots,"Tighter deadline with K=50, N=5, M=64, C=16",50,5,64,16,0.001,0.05,0.1,0.005,49.113664,15.9912,0.0,4,0.25,Thompson Feedback Probe,5000,5,49.5934,0.019269900259213525,0.9918680000000001,65.66,3.9978,0.033425902291486606,0.3771053591604078,15.958148375323589,0.05098103124248884,4.0,19.95066666666667,1.0284833333333332,0.23279114761215838,0.24637026666666667,97.95490310908912
short_slots,Short Slots,"Tighter deadline with K=50, N=5, M=64, C=16",50,5,64,16,0.001,0.05,0.1,0.005,38.4412,0.0,0.1,0,0.0,No IRS,5000,5,38.9412,0.0706291105989589,0.7788240000000001,0.0,5.0,0.0,0.3351087429136704,13.051771096978525,0.041163198718588874,0.0,0.0,7.920439999999999,0.0,0.0,11.897444811911848
short_slots,Short Slots,"Tighter deadline with K=50, N=5, M=64, C=16",50,5,64,16,0.001,0.05,0.1,0.005,40.4552,0.0,0.1,0,0.0,Fixed IRS,5000,5,40.9552,0.07285138340484734,0.8191039999999999,0.0,5.0,0.0,0.29875773340632605,12.235502415511117,0.042677435584792645,0.0,1.3280000000000003,6.977,0.0,0.0,36.81022026685988
short_slots,Short Slots,"Tighter deadline with K=50, N=5, M=64, C=16",50,5,64,16,0.001,0.05,0.1,0.005,48.80778,0.0,0.1,0,0.0,Random IRS,5000,5,49.2524,0.024304000000000197,0.985048,51.2,4.4462,0.020829553619797152,0.43136337266624125,16.174503710170182,0.03628758829780123,0.0,7.520999999999998,2.1221200000000002,0.0,0.0,96.5925756306021
short_slots,Short Slots,"Tighter deadline with K=50, N=5, M=64, C=16",50,5,64,16,0.001,0.05,0.1,0.005,49.540352,40.3776,0.1,16,1.0,Oracle Full Preview,5000,5,49.9946,0.0013293366766919182,0.999892,99.48,2.5236,0.0070831699118404255,0.3638608839522054,15.977936231052212,0.05360440808700228,16.0,100.0,0.0,0.0,0.0,99.12804359239937
short_slots,Short Slots,"Tighter deadline with K=50, N=5, M=64, C=16",50,5,64,16,0.001,0.05,0.1,0.005,48.756232,66.3616,0.1,16,1.0,Full Noisy Feedback,5000,5,49.5028,0.012448700494430264,0.990056,60.980000000000004,4.1476,0.022735999999999913,0.41538245734775836,16.003144745700638,0.03917973291496054,16.0,14.273333333333332,1.3988866666666666,0.2473931979197843,0.26387454550817296,97.56296583499939
short_slots,Short Slots,"Tighter deadline with K=50, N=5, M=64, C=16",50,5,64,16,0.001,0.05,0.1,0.005,48.798101,4.4638,0.1,1,0.0625,Random Feedback Probe,5000,5,49.2668,0.016842320030209128,0.9853360000000001,51.580000000000005,4.4638,0.015611249277363983,0.4316603787467381,16.196590644871048,0.032864413043185534,1.0,7.253333333333332,2.109183333333333,0.2317454668860485,0.24909686766850456,96.65582299250124
short_slots,Short Slots,"Tighter deadline with K=50, N=5, M=64, C=16",50,5,64,16,0.001,0.05,0.1,0.005,49.096023,4.3274,0.1,1,0.0625,Rotating Feedback Probe,5000,5,49.5504,0.012482599729222322,0.9910080000000001,64.66,4.3274,0.0106383051281678,0.4381513981261921,16.35461148640474,0.02217077136121473,1.0,7.570666666666666,1.8878666666666668,0.2382147563052219,0.2574454835310758,97.5409516596764
short_slots,Short Slots,"Tighter deadline with K=50, N=5, M=64, C=16",50,5,64,16,0.001,0.05,0.1,0.005,46.254617999999994,4.9884,0.1,1,0.0625,UCB Feedback Probe,5000,5,46.7784,0.06305171033366343,0.935568,6.3,4.9884,0.004824945181035674,0.38053929843676476,14.88628776138894,0.035862484081386044,1.0,2.8689999999999998,5.38503,0.20385693123305865,0.2121208898984357,85.31066844477782
short_slots,Short Slots,"Tighter deadline with K=50, N=5, M=64, C=16",50,5,64,16,0.001,0.05,0.1,0.005,47.518601000000004,4.9238,0.1,1,0.0625,Thompson Feedback Probe,5000,5,48.0356,0.025507124024476156,0.960712,18.44,4.9238,0.007499401576125757,0.40406510643463756,15.524843527550873,0.038198516404049386,1.0,3.960666666666667,4.18383,0.20820553798906977,0.21947657578217022,91.77526720738082
short_slots,Short Slots,"Tighter deadline with K=50, N=5, M=64, C=16",50,5,64,16,0.001,0.05,0.1,0.005,48.796628000000005,8.7704,0.1,2,0.125,Random Feedback Probe,5000,5,49.279,0.02680259688910842,0.9855800000000001,50.480000000000004,4.3852,0.030258997736210717,0.4157101804916869,16.092872805258896,0.03183419451944721,2.0,9.528666666666666,1.87905,0.23690636935696857,0.2538094705049056,96.79063189482588
short_slots,Short Slots,"Tighter deadline with K=50, N=5, M=64, C=16",50,5,64,16,0.001,0.05,0.1,0.005,49.054754,8.5972,0.1,2,0.125,Rotating Feedback Probe,5000,5,49.5276,0.015202324032857099,0.990552,61.46,4.2986,0.023475858578548427,0.42171630759816936,16.22267987771301,0.04026892741270447,2.0,9.569999999999999,1.6984066666666668,0.2394280746807864,0.25822228121844026,97.57130078021025
short_slots,Short Slots,"Tighter deadline with K=50, N=5, M=64, C=16",50,5,64,16,0.001,0.05,0.1,0.005,48.063298,9.6964,0.1,2,0.125,UCB Feedback Probe,5000,5,48.5966,0.02480464988666489,0.971932,27.62,4.8482,0.01401639839616431,0.406583178577916,15.731347338903582,0.06576961901807217,2.0,5.8196666666666665,2.85914,0.20849218573050649,0.22067620350076214,94.34803741972914
short_slots,Short Slots,"Tighter deadline with K=50, N=5, M=64, C=16",50,5,64,16,0.001,0.05,0.1,0.005,48.095956,9.5208,0.1,2,0.125,Thompson Feedback Probe,5000,5,48.6196,0.03039327451920977,0.9723919999999999,29.28,4.7604,0.009967134793911377,0.40733834038227534,15.779098689637319,0.05987035366357503,2.0,5.825666666666666,2.6474066666666665,0.21269593195243006,0.22531232089594888,94.403286249089
short_slots,Short Slots,"Tighter deadline with K=50, N=5, M=64, C=16",50,5,64,16,0.001,0.05,0.1,0.005,48.875656000000006,17.1048,0.1,4,0.25,Random Feedback Probe,5000,5,49.3888,0.010229622866949208,0.9877760000000001,55.92,4.2762,0.019584313722977222,0.41936205336661253,16.12193883794568,0.05901822575940002,4.0,10.672999999999998,1.6455966666666668,0.24074281623955632,0.2574383136338387,97.16331068324111
short_slots,Short Slots,"Tighter deadline with K=50, N=5, M=64, C=16",50,5,64,16,0.001,0.05,0.1,0.005,49.004328,16.6824,0.1,4,0.25,Rotating Feedback Probe,5000,5,49.5048,0.024507054984229414,0.9900960000000001,61.63999999999999,4.1706,0.017948720734358724,0.4202941307415613,16.21059637423242,0.0286911445088127,4.0,11.954333333333334,1.5377333333333334,0.2453469896058617,0.2633138414160603,97.51643852937265
short_slots,Short Slots,"Tighter deadline with K=50, N=5, M=64, C=16",50,5,64,16,0.001,0.05,0.1,0.005,48.737536,18.0288,0.1,4,0.25,UCB Feedback Probe,5000,5,49.2784,0.02875661343065202,0.985568,50.54,4.5072,0.024475683933242717,0.416694195787211,16.064000247066577,0.0296598189767719,4.0,9.163999999999998,1.9112200000000001,0.2263033451385174,0.2410305755763307,96.81822390019751
short_slots,Short Slots,"Tighter deadline with K=50, N=5, M=64, C=16",50,5,64,16,0.001,0.05,0.1,0.005,48.562648,18.0184,0.1,4,0.25,Thompson Feedback Probe,5000,5,49.1032,0.015072897000908298,0.982064,43.88,4.5046,0.0226343936521393,0.41423595382684125,16.03493423808377,0.04498123868281708,4.0,8.342666666666666,1.9219133333333331,0.22677700726510103,0.24081904075123894,96.22490216999687
short_slots,Short Slots,"Tighter deadline with K=50, N=5, M=64, C=16",50,5,64,16,0.001,0.05,0.1,0.005,38.4412,0.0,0.2,0,0.0,No IRS,5000,5,38.9412,0.0706291105989589,0.7788240000000001,0.0,5.0,0.0,0.3351087429136704,13.051771096978525,0.041163198718588874,0.0,0.0,7.920439999999999,0.0,0.0,11.897444811911848
short_slots,Short Slots,"Tighter deadline with K=50, N=5, M=64, C=16",50,5,64,16,0.001,0.05,0.1,0.005,40.4552,0.0,0.2,0,0.0,Fixed IRS,5000,5,40.9552,0.07285138340484734,0.8191039999999999,0.0,5.0,0.0,0.29875773340632605,12.235502415511117,0.042677435584792645,0.0,1.3280000000000003,6.977,0.0,0.0,36.81022026685988
short_slots,Short Slots,"Tighter deadline with K=50, N=5, M=64, C=16",50,5,64,16,0.001,0.05,0.1,0.005,48.8227,0.0,0.2,0,0.0,Random IRS,5000,5,49.268,0.005646705234026512,0.98536,51.9,4.453,0.023900751452621806,0.4321415789555047,16.159056226264166,0.03281639805997629,0.0,7.221666666666668,2.12336,0.0,0.0,96.63483943652506
short_slots,Short Slots,"Tighter deadline with K=50, N=5, M=64, C=16",50,5,64,16,0.001,0.05,0.1,0.005,49.540352,40.3776,0.2,16,1.0,Oracle Full Preview,5000,5,49.9946,0.0013293366766919182,0.999892,99.48,2.5236,0.0070831699118404255,0.3638608839522054,15.977936231052212,0.05360440808700228,16.0,100.0,0.0,0.0,0.0,99.12804359239937
short_slots,Short Slots,"Tighter deadline with K=50, N=5, M=64, C=16",50,5,64,16,0.001,0.05,0.1,0.005,48.612324,69.4112,0.2,16,1.0,Full Noisy Feedback,5000,5,49.3932,0.01633281065830427,0.987864,56.279999999999994,4.3382,0.015611249277363999,0.42172477741496733,15.44518225206164,0.039578808913307846,16.0,9.471666666666666,1.8855466666666667,0.2591208278286924,0.275964871183194,97.14205240072377
short_slots,Short Slots,"Tighter deadline with K=50, N=5, M=64, C=16",50,5,64,16,0.001,0.05,0.1,0.005,48.788057,4.4566,0.2,1,0.0625,Random Feedback Probe,5000,5,49.256,0.025817002149747196,0.98512,51.019999999999996,4.4566,0.008189892306984234,0.4303390613123842,16.16924908930796,0.07275421512287719,1.0,7.320666666666666,2.1230966666666666,0.25623699707992603,0.2735533134285056,96.60746241923674
short_slots,Short Slots,"Tighter deadline with K=50, N=5, M=64, C=16",50,5,64,16,0.001,0.05,0.1,0.005,49.096023,4.3274,0.2,1,0.0625,Rotating Feedback Probe,5000,5,49.5504,0.012482599729222322,0.9910080000000001,64.66,4.3274,0.0106383051281678,0.4381513981261921,16.35461148640474,0.02217077136121473,1.0,7.570666666666666,1.8878666666666668,0.2599945947908472,0.2792253220124332,97.5409516596764
short_slots,Short Slots,"Tighter deadline with K=50, N=5, M=64, C=16",50,5,64,16,0.001,0.05,0.1,0.005,45.35264,4.992,0.2,1,0.0625,UCB Feedback Probe,5000,5,45.8768,0.09634232415714318,0.917536,4.66,4.992,0.0018594192641789855,0.3686882304918341,14.500200605167807,0.052918729245787215,1.0,2.6270000000000007,5.6668400000000005,0.22889881100563125,0.23629516367384895,78.0095419643899
short_slots,Short Slots,"Tighter deadline with K=50, N=5, M=64, C=16",50,5,64,16,0.001,0.05,0.1,0.005,47.354294,4.9172,0.2,1,0.0625,Thompson Feedback Probe,5000,5,47.8706,0.06949741013879689,0.957412,18.08,4.9172,0.004613292100008463,0.40054785934684195,15.472652801111568,0.01758123141334271,1.0,4.060666666666667,4.221406666666667,0.23382492147035874,0.2447197511150559,90.83621273557063
short_slots,Short Slots,"Tighter deadline with K=50, N=5, M=64, C=16",50,5,64,16,0.001,0.05,0.1,0.005,48.720302000000004,8.9036,0.2,2,0.125,Random Feedback Probe,5000,5,49.21,0.026478141928767712,0.9842,47.88,4.4518,0.02598312498526683,0.41992346068387926,16.063763387847963,0.051114566475961305,2.0,8.199333333333334,2.029663333333333,0.25531025372830046,0.272475016453247,96.54558827702054
short_slots,Short Slots,"Tighter deadline with K=50, N=5, M=64, C=16",50,5,64,16,0.001,0.05,0.1,0.005,49.028020000000005,8.676,0.2,2,0.125,Rotating Feedback Probe,5000,5,49.5052,0.020653601719796362,0.9901040000000001,61.3,4.338,0.02273093046929668,0.42159139346399804,16.18853705886318,0.05669535109054099,2.0,9.214333333333332,1.8082033333333334,0.2603069206833737,0.27920867032387514,97.46742651648574
short_slots,Short Slots,"Tighter deadline with K=50, N=5, M=64, C=16",50,5,64,16,0.001,0.05,0.1,0.005,47.50634,9.772,0.2,2,0.125,UCB Feedback Probe,5000,5,48.0438,0.03393348175475132,0.960876,20.02,4.886,0.008199268260033912,0.3990265692067703,15.477013428002707,0.04792600349355759,2.0,4.876666666666667,3.318283333333333,0.232903278810161,0.24446757894750873,91.6728149360438
short_slots,Short Slots,"Tighter deadline with K=50, N=5, M=64, C=16",50,5,64,16,0.001,0.05,0.1,0.005,47.756502,9.5836,0.2,2,0.125,Thompson Feedback Probe,5000,5,48.2836,0.028896542630564098,0.965672,24.22,4.7918,0.020457367963645747,0.40320498277128425,15.611276098839957,0.021248470605094837,2.0,5.700333333333333,3.0546333333333338,0.23855721276503256,0.25096873120639857,92.73208110932326
short_slots,Short Slots,"Tighter deadline with K=50, N=5, M=64, C=16",50,5,64,16,0.001,0.05,0.1,0.005,48.778664,17.5512,0.2,4,0.25,Random Feedback Probe,5000,5,49.3052,0.026941267676187753,0.986104,52.900000000000006,4.3878,0.023629179926522956,0.42308275134849266,16.036872710408513,0.06350535852961212,4.0,8.720666666666666,1.89809,0.2581356364511996,0.27501256182114336,96.82899710807074
short_slots,Short Slots,"Tighter deadline with K=50, N=5, M=64, C=16",50,5,64,16,0.001,0.05,0.1,0.005,48.941904,17.0632,0.2,4,0.25,Rotating Feedback Probe,5000,5,49.4538,0.02695552307042154,0.9890760000000001,59.08,4.2658,0.01617920344145547,0.42540994906503077,16.090183133994593,0.033096596814305754,4.0,9.937333333333335,1.7352333333333336,0.2630412843341483,0.28117674094018286,97.32431172715651
short_slots,Short Slots,"Tighter deadline with K=50, N=5, M=64, C=16",50,5,64,16,0.001,0.05,0.1,0.005,48.427848000000004,18.4784,0.2,4,0.25,UCB Feedback Probe,5000,5,48.9822,0.014659437369832383,0.979644,40.08,4.6196,0.011115118352946008,0.41697161467525756,15.856854824877004,0.040653284318409484,4.0,7.632666666666667,2.2863566666666664,0.24598457258250164,0.2603384766388959,95.7147326677134
short_slots,Short Slots,"Tighter deadline with K=50, N=5, M=64, C=16",50,5,64,16,0.001,0.05,0.1,0.005,48.311192,18.5136,0.2,4,0.25,Thompson Feedback Probe,5000,5,48.8666,0.027028108627870473,0.977332,36.36,4.6284,0.010195768534053646,0.4156563959562343,15.809479445661824,0.037013860106197234,4.0,7.099666666666667,2.29924,0.2451096912335798,0.2590750393630563,95.32464846133006
short_slots,Short Slots,"Tighter deadline with K=50, N=5, M=64, C=16",50,5,64,16,0.001,0.05,0.1,0.005,38.4412,0.0,0.3,0,0.0,No IRS,5000,5,38.9412,0.0706291105989589,0.7788240000000001,0.0,5.0,0.0,0.3351087429136704,13.051771096978525,0.041163198718588874,0.0,0.0,7.920439999999999,0.0,0.0,11.897444811911848
short_slots,Short Slots,"Tighter deadline with K=50, N=5, M=64, C=16",50,5,64,16,0.001,0.05,0.1,0.005,40.4552,0.0,0.3,0,0.0,Fixed IRS,5000,5,40.9552,0.07285138340484734,0.8191039999999999,0.0,5.0,0.0,0.29875773340632605,12.235502415511117,0.042677435584792645,0.0,1.3280000000000003,6.977,0.0,0.0,36.81022026685988
short_slots,Short Slots,"Tighter deadline with K=50, N=5, M=64, C=16",50,5,64,16,0.001,0.05,0.1,0.005,48.80006,0.0,0.3,0,0.0,Random IRS,5000,5,49.2458,0.01816995057780749,0.984916,50.339999999999996,4.4574,0.02011842379511862,0.43018779493448117,16.16118941071185,0.05724738819169801,0.0,7.261999999999999,2.118263333333333,0.0,0.0,96.58712545955558
short_slots,Short Slots,"Tighter deadline with K=50, N=5, M=64, C=16",50,5,64,16,0.001,0.05,0.1,0.005,49.540352,40.3776,0.3,16,1.0,Oracle Full Preview,5000,5,49.9946,0.0013293366766919182,0.999892,99.48,2.5236,0.0070831699118404255,0.3638608839522054,15.977936231052212,0.05360440808700228,16.0,100.0,0.0,0.0,0.0,99.12804359239937
short_slots,Short Slots,"Tighter deadline with K=50, N=5, M=64, C=16",50,5,64,16,0.001,0.05,0.1,0.005,48.52178,70.704,0.3,16,1.0,Full Noisy Feedback,5000,5,49.3172,0.012828645446811998,0.986344,52.559999999999995,4.419,0.015741130836124884,0.4222412885310963,15.139379635021518,0.02682927277196919,16.0,8.521333333333333,2.0670266666666666,0.27904092239894546,0.29606519902645057,96.87823509661004
short_slots,Short Slots,"Tighter deadline with K=50, N=5, M=64, C=16",50,5,64,16,0.001,0.05,0.1,0.005,48.80083799999999,4.4644,0.3,1,0.0625,Random Feedback Probe,5000,5,49.2696,0.016405562958946813,0.9853919999999999,51.2,4.4644,0.023352805741495085,0.4289095518117723,16.171209029736747,0.054896781037416215,1.0,7.495666666666666,2.1167,0.2778025658194682,0.2950529137559895,96.65940068454894
short_slots,Short Slots,"Tighter deadline with K=50, N=5, M=64, C=16",50,5,64,16,0.001,0.05,0.1,0.005,49.096023,4.3274,0.3,1,0.0625,Rotating Feedback Probe,5000,5,49.5504,0.012482599729222322,0.9910080000000001,64.66,4.3274,0.0106383051281678,0.4381513981261921,16.35461148640474,0.02217077136121473,1.0,7.570666666666666,1.8878666666666668,0.28086835024903456,0.3000990774688783,97.5409516596764
short_slots,Short Slots,"Tighter deadline with K=50, N=5, M=64, C=16",50,5,64,16,0.001,0.05,0.1,0.005,44.718007,4.9866,0.3,1,0.0625,UCB Feedback Probe,5000,5,45.2416,0.03400246955737107,0.904832,4.46,4.9866,0.0022000945434231607,0.36049789440535535,14.227825009087196,0.028662754375274324,1.0,2.4626666666666663,5.775576666666666,0.25336746424673484,0.2602626674382871,72.54412520338079
short_slots,Short Slots,"Tighter deadline with K=50, N=5, M=64, C=16",50,5,64,16,0.001,0.05,0.1,0.005,47.077925,4.915,0.3,1,0.0625,Thompson Feedback Probe,5000,5,47.594,0.023666543473858385,0.9518800000000001,15.64,4.915,0.009440610149773402,0.39700807343029704,15.327920367019548,0.040007646529723315,1.0,3.8379999999999996,4.232033333333333,0.2564510666139443,0.2669622798604902,89.16870710840416
short_slots,Short Slots,"Tighter deadline with K=50, N=5, M=64, C=16",50,5,64,16,0.001,0.05,0.1,0.005,48.687486,8.9548,0.3,2,0.125,Random Feedback Probe,5000,5,49.18,0.03662106716085805,0.9836,47.14,4.4774,0.031565129114261486,0.4174049224793169,15.993739768900996,0.03235484446558541,2.0,7.953666666666667,2.094246666666667,0.27764152755698607,0.29478117121950037,96.42403008352959
short_slots,Short Slots,"Tighter deadline with K=50, N=5, M=64, C=16",50,5,64,16,0.001,0.05,0.1,0.005,49.01771,8.718,0.3,2,0.125,Rotating Feedback Probe,5000,5,49.4972,0.008529941617620555,0.9899439999999999,60.62,4.359,0.023739475984107073,0.4235535930182664,16.15919257857903,0.04263722377798176,2.0,8.668666666666667,1.8488700000000005,0.28116602711761607,0.3000766354824147,97.43817705226236
short_slots,Short Slots,"Tighter deadline with K=50, N=5, M=64, C=16",50,5,64,16,0.001,0.05,0.1,0.005,47.107696000000004,9.7728,0.3,2,0.125,UCB Feedback Probe,5000,5,47.6452,0.0609726986773595,0.9529040000000001,16.68,4.8864,0.010158020279562474,0.39376793395958587,15.250499968771797,0.037659453476756706,2.0,4.4510000000000005,3.582616666666667,0.2604125994449807,0.2715401639682632,89.44365651868085
short_slots,Short Slots,"Tighter deadline with K=50, N=5, M=64, C=16",50,5,64,16,0.001,0.05,0.1,0.005,47.51061,9.658,0.3,2,0.125,Thompson Feedback Probe,5000,5,48.0418,0.036328270864437524,0.960836,20.48,4.829,0.02268864032946884,0.39932679338471455,15.461007587297479,0.049113836778453025,2.0,5.223999999999999,3.2813966666666667,0.26130913453532156,0.27355079297728346,91.54044755266243
short_slots,Short Slots,"Tighter deadline with K=50, N=5, M=64, C=16",50,5,64,16,0.001,0.05,0.1,0.005,48.73684,17.692,0.3,4,0.25,Random Feedback Probe,5000,5,49.2676,0.017405418007047476,0.985352,51.5,4.423,0.02831504758957688,0.42668110167396145,15.956273997379702,0.04519199768168882,4.0,8.243999999999998,2.008113333333333,0.2787705391193747,0.2957735853492443,96.69398608343556
short_slots,Short Slots,"Tighter deadline with K=50, N=5, M=64, C=16",50,5,64,16,0.001,0.05,0.1,0.005,48.893128,17.2224,0.3,4,0.25,Rotating Feedback Probe,5000,5,49.4098,0.012040846481872272,0.988196,57.06,4.3056,0.036387440910292265,0.4260950304314953,15.979659749231118,0.0371010816195163,4.0,8.913333333333332,1.8358666666666663,0.28337764734577464,0.3015971729990432,97.16584998720253
short_slots,Short Slots,"Tighter deadline with K=50, N=5, M=64, C=16",50,5,64,16,0.001,0.05,0.1,0.005,48.263495999999996,18.5968,0.3,4,0.25,UCB Feedback Probe,5000,5,48.8214,0.013083642306330604,0.976428,36.8,4.6492,0.008990398433884907,0.4155466548842576,15.719905611435344,0.03578591110802329,4.0,6.875333333333334,2.458753333333333,0.26836487213616494,0.2824785541302072,95.07300097897784
short_slots,Short Slots,"Tighter deadline with K=50, N=5, M=64, C=16",50,5,64,16,0.001,0.05,0.1,0.005,48.190008000000006,18.5464,0.3,4,0.25,Thompson Feedback Probe,5000,5,48.7464,0.043327084554584075,0.974928,34.660000000000004,4.6366,0.023622675885682322,0.41363727470261474,15.675637695148502,0.0374824337391267,4.0,6.722333333333333,2.447033333333333,0.26943070528730617,0.2832763684706797,94.75749771823966
short_slots,Short Slots,"Tighter deadline with K=50, N=5, M=64, C=16",50,5,64,16,0.001,0.05,0.1,0.005,38.4412,0.0,0.5,0,0.0,No IRS,5000,5,38.9412,0.0706291105989589,0.7788240000000001,0.0,5.0,0.0,0.3351087429136704,13.051771096978525,0.041163198718588874,0.0,0.0,7.920439999999999,0.0,0.0,11.897444811911848
short_slots,Short Slots,"Tighter deadline with K=50, N=5, M=64, C=16",50,5,64,16,0.001,0.05,0.1,0.005,40.4552,0.0,0.5,0,0.0,Fixed IRS,5000,5,40.9552,0.07285138340484734,0.8191039999999999,0.0,5.0,0.0,0.29875773340632605,12.235502415511117,0.042677435584792645,0.0,1.3280000000000003,6.977,0.0,0.0,36.81022026685988
short_slots,Short Slots,"Tighter deadline with K=50, N=5, M=64, C=16",50,5,64,16,0.001,0.05,0.1,0.005,48.84139999999999,0.0,0.5,0,0.0,Random IRS,5000,5,49.285,0.013817652477898528,0.9856999999999999,52.38,4.436,0.01738775201111404,0.43335811720722267,16.186711759689036,0.03769573485081388,0.0,7.472666666666666,2.1163100000000004,0.0,0.0,96.70378607083921
short_slots,Short Slots,"Tighter deadline with K=50, N=5, M=64, C=16",50,5,64,16,0.001,0.05,0.1,0.005,49.540352,40.3776,0.5,16,1.0,Oracle Full Preview,5000,5,49.9946,0.0013293366766919182,0.999892,99.48,2.5236,0.0070831699118404255,0.3638608839522054,15.977936231052212,0.05360440808700228,16.0,100.0,0.0,0.0,0.0,99.12804359239937
short_slots,Short Slots,"Tighter deadline with K=50, N=5, M=64, C=16",50,5,64,16,0.001,0.05,0.1,0.005,48.440192,71.4496,0.5,16,1.0,Full Noisy Feedback,5000,5,49.244,0.02362592812991674,0.98488,50.7,4.4656,0.009733131870061218,0.41879033533582277,14.904240151129608,0.03160603076260362,16.0,7.8453333333333335,2.261276666666667,0.31852438798760907,0.3357485191352469,96.59250898473019
short_slots,Short Slots,"Tighter deadline with K=50, N=5, M=64, C=16",50,5,64,16,0.001,0.05,0.1,0.005,48.78214,4.452,0.5,1,0.0625,Random Feedback Probe,5000,5,49.2496,0.01748249684684688,0.984992,51.1,4.452,0.03009094747594384,0.4297340485927808,16.14967738812272,0.05471727647737197,1.0,7.567333333333333,2.0958966666666665,0.3196198686791548,0.33684303088817674,96.58481757945269
short_slots,Short Slots,"Tighter deadline with K=50, N=5, M=64, C=16",50,5,64,16,0.001,0.05,0.1,0.005,49.096023,4.3274,0.5,1,0.0625,Rotating Feedback Probe,5000,5,49.5504,0.012482599729222322,0.9910080000000001,64.66,4.3274,0.0106383051281678,0.4381513981261921,16.35461148640474,0.02217077136121473,1.0,7.570666666666666,1.8878666666666668,0.3230822002770046,0.3423129274968941,97.5409516596764
short_slots,Short Slots,"Tighter deadline with K=50, N=5, M=64, C=16",50,5,64,16,0.001,0.05,0.1,0.005,44.188886000000004,4.9668,0.5,1,0.0625,UCB Feedback Probe,5000,5,44.7104,0.07152415714987578,0.894208,5.66,4.9668,0.005200467671277408,0.3526593266485792,13.956394562437422,0.06888253124015302,1.0,2.640333333333333,5.737486666666667,0.2981459088699889,0.30485823420582747,67.80549875417512
short_slots,Short Slots,"Tighter deadline with K=50, N=5, M=64, C=16",50,5,64,16,0.001,0.05,0.1,0.005,46.574667999999996,4.8984,0.5,1,0.0625,Thompson Feedback Probe,5000,5,47.089,0.07817427505260297,0.94178,15.02,4.8984,0.014973168535750767,0.3887780475166014,15.065922431361471,0.05836503384287414,1.0,3.7296666666666667,4.32389,0.3033719442633469,0.3133970657910924,85.31087145314874
short_slots,Short Slots,"Tighter deadline with K=50, N=5, M=64, C=16",50,5,64,16,0.001,0.05,0.1,0.005,48.68206599999999,8.9588,0.5,2,0.125,Random Feedback Probe,5000,5,49.1748,0.022221594542247442,0.9834959999999999,46.96,4.4794,0.009967134793911401,0.4178520132581064,15.991098493352125,0.06292259010106555,2.0,7.775,2.1251066666666665,0.31861661128308294,0.33587254602556676,96.39228757770542
short_slots,Short Slots,"Tighter deadline with K=50, N=5, M=64, C=16",50,5,64,16,0.001,0.05,0.1,0.005,48.985916,8.7688,0.5,2,0.125,Rotating Feedback Probe,5000,5,49.4682,0.011928657258886234,0.989364,58.599999999999994,4.3844,0.035435368997655495,0.422468404910174,16.08914328068822,0.046815600745452095,2.0,8.488999999999999,1.8854366666666664,0.3208317808562031,0.3398040704885485,97.35807910987656
short_slots,Short Slots,"Tighter deadline with K=50, N=5, M=64, C=16",50,5,64,16,0.001,0.05,0.1,0.005,46.65047,9.806,0.5,2,0.125,UCB Feedback Probe,5000,5,47.1898,0.04235323723164459,0.943796,13.020000000000001,4.903,0.012671972222191982,0.38774364118744103,15.021306046225293,0.0253123181337628,2.0,3.932666666666666,3.8156933333333334,0.3064737608391732,0.3171079773968479,86.63362843064948
short_slots,Short Slots,"Tighter deadline with K=50, N=5, M=64, C=16",50,5,64,16,0.001,0.05,0.1,0.005,47.086872,9.6896,0.5,2,0.125,Thompson Feedback Probe,5000,5,47.6198,0.05396731069823808,0.9523959999999999,17.18,4.8448,0.008990398433884965,0.39337337162945424,15.227162753151502,0.03940907271950124,2.0,4.598333333333334,3.514313333333333,0.3071651161756172,0.3188710190805676,89.16794131870451
short_slots,Short Slots,"Tighter deadline with K=50, N=5, M=64, C=16",50,5,64,16,0.001,0.05,0.1,0.005,48.696736,17.8888,0.5,4,0.25,Random Feedback Probe,5000,5,49.2334,0.028271598752104936,0.9846680000000001,49.24,4.4722,0.012386827842510769,0.4264184928242303,15.830097195901114,0.04623789592140482,4.0,7.593666666666667,2.0947933333333335,0.31666143425549853,0.33374877524764923,96.57754791692054
short_slots,Short Slots,"Tighter deadline with K=50, N=5, M=64, C=16",50,5,64,16,0.001,0.05,0.1,0.005,48.865248,17.4184,0.5,4,0.25,Rotating Feedback Probe,5000,5,49.3878,0.010452516634763737,0.987756,55.50000000000001,4.3546,0.02033683003813528,0.4267738321902699,15.876418716642092,0.07407453237475561,4.0,8.483333333333333,1.9123066666666666,0.3217315534830319,0.3400204193566325,97.09753113341343
short_slots,Short Slots,"Tighter deadline with K=50, N=5, M=64, C=16",50,5,64,16,0.001,0.05,0.1,0.005,48.008656,18.7648,0.5,4,0.25,UCB Feedback Probe,5000,5,48.5716,0.051056401126598726,0.971432,31.879999999999995,4.6912,0.02608641454857308,0.41308802651013904,15.513045551245659,0.058669134445319265,4.0,5.775666666666666,2.7101800000000003,0.3135331961154219,0.327356607797967,93.97073383044149
short_slots,Short Slots,"Tighter deadline with K=50, N=5, M=64, C=16",50,5,64,16,0.001,0.05,0.1,0.005,48.034096,18.6768,0.5,4,0.25,Thompson Feedback Probe,5000,5,48.5944,0.022386941193471847,0.971888,31.319999999999997,4.6692,0.012662874239287086,0.41303319076722794,15.512590182457398,0.01842074488906446,4.0,6.142333333333334,2.62482,0.3150688223766849,0.32877500200782805,94.10019535612837
compound_hard,Compound Hard,"Combined stress with K=80, N=5, M=32, C=8",80,5,32,8,0.001,0.05,0.1,0.005,61.762,0.0,0.0,0,0.0,No IRS,5000,5,62.262,0.055644672700987344,0.778275,0.0,5.0,0.0,0.3353261325778107,20.880094873981758,0.058484593495001506,0.0,0.0,10.901879999999998,0.0,0.0,-40.22585905780502
compound_hard,Compound Hard,"Combined stress with K=80, N=5, M=32, C=8",80,5,32,8,0.001,0.05,0.1,0.005,64.9936,0.0,0.0,0,0.0,Fixed IRS,5000,5,65.4936,0.05264196592073577,0.81867,0.0,5.0,0.0,0.2988596394735243,19.572999470552826,0.04999250084513383,0.0,1.4039999999999997,9.578560000000001,0.0,0.0,19.171971574487404
compound_hard,Compound Hard,"Combined stress with K=80, N=5, M=32, C=8",80,5,32,8,0.001,0.05,0.1,0.005,77.52886000000001,0.0,0.0,0,0.0,Random IRS,5000,5,78.0104,0.07044448321905317,0.97513,21.98,4.8154,0.008778524705210755,0.4297851331855083,25.513792655878095,0.055169771531397495,0.0,13.053999999999998,2.6398466666666667,0.0,0.0,151.06399785025917
compound_hard,Compound Hard,"Combined stress with K=80, N=5, M=32, C=8",80,5,32,8,0.001,0.05,0.1,0.005,79.16622400000001,30.3072,0.0,8,1.0,Oracle Full Preview,5000,5,79.6966,0.013881450068345834,0.9962075,74.94,3.7884,0.015869949464317818,0.4223612373916184,25.97610716904589,0.03416770403239953,8.0,100.0,0.0,0.0,0.0,158.04724669511262
compound_hard,Compound Hard,"Combined stress with K=80, N=5, M=32, C=8",80,5,32,8,0.001,0.05,0.1,0.005,78.05103600000001,35.3008,0.0,8,1.0,Full Noisy Feedback,5000,5,78.6688,0.04349875474080022,0.98336,28.139999999999997,4.4126,0.023113046013020402,0.37453145488018863,25.298708154768384,0.05181995708913291,8.0,58.63433333333333,0.4430733333333334,0.2052410676442427,0.21979051041666672,154.83230495750476
compound_hard,Compound Hard,"Combined stress with K=80, N=5, M=32, C=8",80,5,32,8,0.001,0.05,0.1,0.005,77.43970999999999,4.818,0.0,1,0.125,Random Feedback Probe,5000,5,77.9456,0.02712741963401335,0.97432,21.279999999999998,4.818,0.010965494972868292,0.42968682006775344,25.496549817974888,0.06606575495182633,1.0,13.145000000000001,2.621646666666667,0.19079252533377197,0.20613733333333334,150.78148227833938
compound_hard,Compound Hard,"Combined stress with K=80, N=5, M=32, C=8",80,5,32,8,0.001,0.05,0.1,0.005,78.705833,4.6454,0.0,1,0.125,Rotating Feedback Probe,5000,5,79.1936,0.04260284422430045,0.98992,47.04,4.6454,0.019219996253901785,0.4512578137746405,26.134144675909123,0.05233434617032187,1.0,19.790666666666667,1.7789,0.19883125939005397,0.21909066666666668,156.27556620383015
compound_hard,Compound Hard,"Combined stress with K=80, N=5, M=32, C=8",80,5,32,8,0.001,0.05,0.1,0.005,75.39553599999999,4.9968,0.0,1,0.125,UCB Feedback Probe,5000,5,75.9202,0.10377343968472885,0.9490025,3.52,4.9968,0.0014402999687563262,0.39836075197861254,24.397951024651896,0.0783832908267605,1.0,7.178999999999999,6.197839999999999,0.17989241214796758,0.1899605,139.71739127400983
compound_hard,Compound Hard,"Combined stress with K=80, N=5, M=32, C=8",80,5,32,8,0.001,0.05,0.1,0.005,75.36295499999999,4.989,0.0,1,0.125,Thompson Feedback Probe,5000,5,75.8868,0.10892628362337575,0.9485849999999999,4.6,4.989,0.0027718585822512068,0.3982531490528075,24.373942668774486,0.08694624635505256,1.0,7.300333333333334,5.838416666666667,0.18003953477605553,0.190307,138.31895444608693
compound_hard,Compound Hard,"Combined stress with K=80, N=5, M=32, C=8",80,5,32,8,0.001,0.05,0.1,0.005,77.946082,9.4276,0.0,2,0.25,Random Feedback Probe,5000,5,78.4646,0.0666388470488506,0.9808075,23.400000000000002,4.7138,0.017248000000000062,0.4032883099181722,25.46591831362358,0.07665573340301249,2.0,21.028666666666666,1.50988,0.1896924226235577,0.20461558333333332,153.84324056671127
compound_hard,Compound Hard,"Combined stress with K=80, N=5, M=32, C=8",80,5,32,8,0.001,0.05,0.1,0.005,78.32285,9.05,0.0,2,0.25,Rotating Feedback Probe,5000,5,78.8206,0.019800850890806323,0.9852575,30.86,4.525,0.012002499739637629,0.40063774695628185,25.610669618817806,0.09172783756272933,2.0,28.297,1.1525366666666668,0.20285424570914876,0.2199590416666667,155.30368400817053
compound_hard,Compound Hard,"Combined stress with K=80, N=5, M=32, C=8",80,5,32,8,0.001,0.05,0.1,0.005,78.072524,9.7832,0.0,2,0.25,UCB Feedback Probe,5000,5,78.6106,0.03923232667074541,0.9826325,25.6,4.8916,0.008024039880259959,0.41263257176862006,25.627047164718586,0.1013246410171774,2.0,18.575,2.27089,0.1746289797770977,0.18778893750000003,154.40855374943837
compound_hard,Compound Hard,"Combined stress with K=80, N=5, M=32, C=8",80,5,32,8,0.001,0.05,0.1,0.005,77.296842,9.7956,0.0,2,0.25,Thompson Feedback Probe,5000,5,77.8356,0.04377694114485288,0.972945,13.819999999999999,4.8978,0.013809309323785754,0.4054140008594766,25.22822767849001,0.047501793592232285,2.0,14.436333333333332,2.3414166666666665,0.1743299136698297,0.1849007708333333,150.91941234925733
compound_hard,Compound Hard,"Combined stress with K=80, N=5, M=32, C=8",80,5,32,8,0.001,0.05,0.1,0.005,78.07729599999999,18.2368,0.0,4,0.5,Random Feedback Probe,5000,5,78.6244,0.023800889395148683,0.9828049999999999,26.6,4.5592,0.02521020237919549,0.3858594511360485,25.40764996784222,0.033642156726251954,4.0,35.28666666666667,0.8955833333333332,0.19669887231695057,0.21134533333333333,154.61137604349082
compound_hard,Compound Hard,"Combined stress with K=80, N=5, M=32, C=8",80,5,32,8,0.001,0.05,0.1,0.005,78.13506400000001,18.0312,0.0,4,0.5,Rotating Feedback Probe,5000,5,78.676,0.03218818913825307,0.98345,28.02,4.5078,0.02006871555431469,0.3803680337853664,25.36874729287775,0.0829562422656403,4.0,40.448666666666675,0.7546233333333333,0.20051544703480984,0.21567875,154.83485067108728
compound_hard,Compound Hard,"Combined stress with K=80, N=5, M=32, C=8",80,5,32,8,0.001,0.05,0.1,0.005,78.191712,18.4496,0.0,4,0.5,UCB Feedback Probe,5000,5,78.7452,0.028888564934937667,0.9843149999999999,29.18,4.6124,0.021260354089243327,0.3884122023889932,25.462867087628673,0.047946035889257964,4.0,33.04066666666667,1.0250333333333335,0.1891632207857308,0.20279836458333333,155.0569450075813
compound_hard,Compound Hard,"Combined stress with K=80, N=5, M=32, C=8",80,5,32,8,0.001,0.05,0.1,0.005,77.830776,18.8808,0.0,4,0.5,Thompson Feedback Probe,5000,5,78.3972,0.03915293174207849,0.979965,21.38,4.7202,0.015770389468875035,0.38816509579650965,25.329320174333972,0.04367727187975039,4.0,27.99,1.13555,0.1845838478988594,0.1974795625,153.66326297008385
compound_hard,Compound Hard,"Combined stress with K=80, N=5, M=32, C=8",80,5,32,8,0.001,0.05,0.1,0.005,61.762,0.0,0.1,0,0.0,No IRS,5000,5,62.262,0.055644672700987344,0.778275,0.0,5.0,0.0,0.3353261325778107,20.880094873981758,0.058484593495001506,0.0,0.0,10.901879999999998,0.0,0.0,-40.22585905780502
compound_hard,Compound Hard,"Combined stress with K=80, N=5, M=32, C=8",80,5,32,8,0.001,0.05,0.1,0.005,64.9936,0.0,0.1,0,0.0,Fixed IRS,5000,5,65.4936,0.05264196592073577,0.81867,0.0,5.0,0.0,0.2988596394735243,19.572999470552826,0.04999250084513383,0.0,1.4039999999999997,9.578560000000001,0.0,0.0,19.171971574487404
compound_hard,Compound Hard,"Combined stress with K=80, N=5, M=32, C=8",80,5,32,8,0.001,0.05,0.1,0.005,77.5231,0.0,0.1,0,0.0,Random IRS,5000,5,78.005,0.0716701008789544,0.9750624999999999,21.98,4.819,0.016445322739307926,0.4297925308968386,25.505519427676415,0.0828619533969794,0.0,13.274333333333335,2.6186333333333334,0.0,0.0,150.93395351017108
compound_hard,Compound Hard,"Combined stress with K=80, N=5, M=32, C=8",80,5,32,8,0.001,0.05,0.1,0.005,79.16622400000001,30.3072,0.1,8,1.0,Oracle Full Preview,5000,5,79.6966,0.013881450068345834,0.9962075,74.94,3.7884,0.015869949464317818,0.4223612373916184,25.97610716904589,0.03416770403239953,8.0,100.0,0.0,0.0,0.0,158.04724669511262
compound_hard,Compound Hard,"Combined stress with K=80, N=5, M=32, C=8",80,5,32,8,0.001,0.05,0.1,0.005,77.73348399999999,37.9952,0.1,8,1.0,Full Noisy Feedback,5000,5,78.3984,0.02402579480475558,0.97998,26.179999999999996,4.7494,0.019723093469331807,0.4256202828105008,25.553404147207942,0.03961093804387754,8.0,18.437666666666665,1.7655699999999996,0.21052678004344852,0.225420423345804,153.25848505248692
compound_hard,Compound Hard,"Combined stress with K=80, N=5, M=32, C=8",80,5,32,8,0.001,0.05,0.1,0.005,77.529489,4.8182,0.1,1,0.125,Random Feedback Probe,5000,5,78.0354,0.05768729856736244,0.9754425,21.88,4.8182,0.02545284707061264,0.42927856472333226,25.508810580215627,0.08006367897885758,1.0,13.276666666666664,2.6195833333333334,0.21041242500366217,0.22583128511487047,151.2268115646991
compound_hard,Compound Hard,"Combined stress with K=80, N=5, M=32, C=8",80,5,32,8,0.001,0.05,0.1,0.005,78.705833,4.6454,0.1,1,0.125,Rotating Feedback Probe,5000,5,79.1936,0.04260284422430045,0.98992,47.04,4.6454,0.019219996253901785,0.4512578137746405,26.134144675909123,0.05233434617032187,1.0,19.790666666666667,1.7789,0.2162327679481781,0.23649217522851726,156.27556620383015
compound_hard,Compound Hard,"Combined stress with K=80, N=5, M=32, C=8",80,5,32,8,0.001,0.05,0.1,0.005,73.976168,4.9984,0.1,1,0.125,UCB Feedback Probe,5000,5,74.501,0.06461166086705801,0.9312625000000001,1.46,4.9984,0.001329336676692329,0.38171879657309543,23.72366639576058,0.05473956540841677,1.0,6.029000000000001,7.221729999999999,0.20334199537282083,0.211580633035941,127.80371347852973
compound_hard,Compound Hard,"Combined stress with K=80, N=5, M=32, C=8",80,5,32,8,0.001,0.05,0.1,0.005,74.94907099999999,4.9898,0.1,1,0.125,Thompson Feedback Probe,5000,5,75.473,0.10780178180345672,0.9434125,4.3,4.9898,0.00039200000000013085,0.39471790372418636,24.217578995973987,0.07975298325287657,1.0,7.300666666666668,6.046103333333333,0.20341117867701278,0.21315907228775613,134.6012530593154
compound_hard,Compound Hard,"Combined stress with K=80, N=5, M=32, C=8",80,5,32,8,0.001,0.05,0.1,0.005,77.4583,9.62,0.1,2,0.25,Random Feedback Probe,5000,5,77.9874,0.0516994353547507,0.9748425,20.02,4.81,0.01686055752340371,0.42149800154609696,25.40579050659103,0.0635823844992847,2.0,14.591333333333335,2.305353333333333,0.20994843034493496,0.22530969471556392,151.25958369121838
compound_hard,Compound Hard,"Combined stress with K=80, N=5, M=32, C=8",80,5,32,8,0.001,0.05,0.1,0.005,77.973816,9.3888,0.1,2,0.25,Rotating Feedback Probe,5000,5,78.4902,0.04447256844393044,0.9811275,25.88,4.6944,0.018097922974750585,0.4250519987682154,25.64431368711807,0.07674282297648798,2.0,17.273666666666667,1.7449299999999999,0.21545459397775657,0.23277779424185477,153.7518741625499
compound_hard,Compound Hard,"Combined stress with K=80, N=5, M=32, C=8",80,5,32,8,0.001,0.05,0.1,0.005,76.87066,9.908,0.1,2,0.25,UCB Feedback Probe,5000,5,77.4156,0.05367180056603117,0.967695,12.0,4.954,0.006041125722909609,0.4124093644548484,25.112632787515683,0.09861714955827526,2.0,11.013666666666667,3.5182466666666667,0.20116449540199516,0.213460942809087,148.4169541933746
compound_hard,Compound Hard,"Combined stress with K=80, N=5, M=32, C=8",80,5,32,8,0.001,0.05,0.1,0.005,76.16809599999999,9.8928,0.1,2,0.25,Thompson Feedback Probe,5000,5,76.7122,0.1046746436535626,0.9589025,8.959999999999999,4.9464,0.008466655538050488,0.40572178433688205,24.80412813929967,0.07490332561154461,2.0,9.895,3.544013333333333,0.2021369328509807,0.21331502726795193,144.0697545368987
compound_hard,Compound Hard,"Combined stress with K=80, N=5, M=32, C=8",80,5,32,8,0.001,0.05,0.1,0.005,77.668,19.12,0.1,4,0.5,Random Feedback Probe,5000,5,78.2416,0.04197604383455034,0.9780200000000001,22.66,4.78,0.02217486865801046,0.4259608195474335,25.531700496305398,0.0501272636092116,4.0,16.424,1.9846800000000002,0.20980703783933533,0.2248982260877,152.5924539700131
compound_hard,Compound Hard,"Combined stress with K=80, N=5, M=32, C=8",80,5,32,8,0.001,0.05,0.1,0.005,77.76352,18.976,0.1,4,0.5,Rotating Feedback Probe,5000,5,78.3328,0.06980847558857192,0.97916,25.0,4.744,0.021622273700977922,0.42605401610031624,25.554010966427704,0.1015561841580805,4.0,17.590666666666664,1.8517633333333334,0.21191623016726452,0.22764834365306305,152.9448369448649
compound_hard,Compound Hard,"Combined stress with K=80, N=5, M=32, C=8",80,5,32,8,0.001,0.05,0.1,0.005,77.498248,19.2784,0.1,4,0.5,UCB Feedback Probe,5000,5,78.0766,0.06198250153067758,0.9759575,19.86,4.8196,0.017690017976248692,0.421580415782575,25.436326245378485,0.045389296822232535,4.0,14.947333333333331,2.2353300000000003,0.20680353926937814,0.22057961268057025,151.84279877474475
compound_hard,Compound Hard,"Combined stress with K=80, N=5, M=32, C=8",80,5,32,8,0.001,0.05,0.1,0.005,77.190944,19.3552,0.1,4,0.5,Thompson Feedback Probe,5000,5,77.7716,0.060470367751488424,0.972145,17.24,4.8388,0.018824164895155423,0.41842615336799927,25.312586450554367,0.08554563348232092,4.0,14.124666666666666,2.33754,0.2063093848871492,0.2194103034771787,150.23672608263496
compound_hard,Compound Hard,"Combined stress with K=80, N=5, M=32, C=8",80,5,32,8,0.001,0.05,0.1,0.005,61.762,0.0,0.2,0,0.0,No IRS,5000,5,62.262,0.055644672700987344,0.778275,0.0,5.0,0.0,0.3353261325778107,20.880094873981758,0.058484593495001506,0.0,0.0,10.901879999999998,0.0,0.0,-40.22585905780502
compound_hard,Compound Hard,"Combined stress with K=80, N=5, M=32, C=8",80,5,32,8,0.001,0.05,0.1,0.005,64.9936,0.0,0.2,0,0.0,Fixed IRS,5000,5,65.4936,0.05264196592073577,0.81867,0.0,5.0,0.0,0.2988596394735243,19.572999470552826,0.04999250084513383,0.0,1.4039999999999997,9.578560000000001,0.0,0.0,19.171971574487404
compound_hard,Compound Hard,"Combined stress with K=80, N=5, M=32, C=8",80,5,32,8,0.001,0.05,0.1,0.005,77.52234,0.0,0.2,0,0.0,Random IRS,5000,5,78.0044,0.0597674675387886,0.975055,22.06,4.8206,0.000999407824664144,0.43193882409251383,25.501717712181854,0.03887206535537129,0.0,13.078999999999999,2.6028533333333335,0.0,0.0,151.11061887756145
compound_hard,Compound Hard,"Combined stress with K=80, N=5, M=32, C=8",80,5,32,8,0.001,0.05,0.1,0.005,79.16622400000001,30.3072,0.2,8,1.0,Oracle Full Preview,5000,5,79.6966,0.013881450068345834,0.9962075,74.94,3.7884,0.015869949464317818,0.4223612373916184,25.97610716904589,0.03416770403239953,8.0,100.0,0.0,0.0,0.0,158.04724669511262
compound_hard,Compound Hard,"Combined stress with K=80, N=5, M=32, C=8",80,5,32,8,0.001,0.05,0.1,0.005,77.564532,38.2896,0.2,8,1.0,Full Noisy Feedback,5000,5,78.2346,0.07128205002663941,0.9779325,23.119999999999997,4.7862,0.02110438589487962,0.4273745414155672,25.18678415553669,0.07879569388638738,8.0,15.322333333333333,2.1769,0.2353732608904579,0.25050156525968104,152.46086485533544
compound_hard,Compound Hard,"Combined stress with K=80, N=5, M=32, C=8",80,5,32,8,0.001,0.05,0.1,0.005,77.527868,4.8184,0.2,1,0.125,Random Feedback Probe,5000,5,78.0338,0.029166485972775734,0.9754225,22.220000000000002,4.8184,0.009473108043298102,0.432105175953513,25.531010101165734,0.042117637847476984,1.0,13.231666666666664,2.5905733333333334,0.23592399314332116,0.2515144468439827,151.25525554055216
compound_hard,Compound Hard,"Combined stress with K=80, N=5, M=32, C=8",80,5,32,8,0.001,0.05,0.1,0.005,78.705833,4.6454,0.2,1,0.125,Rotating Feedback Probe,5000,5,79.1936,0.04260284422430045,0.98992,47.04,4.6454,0.019219996253901785,0.4512578137746405,26.134144675909123,0.05233434617032187,1.0,19.790666666666667,1.7789,0.23984857787548344,0.2601079851525528,156.27556620383015
compound_hard,Compound Hard,"Combined stress with K=80, N=5, M=32, C=8",80,5,32,8,0.001,0.05,0.1,0.005,72.65728399999999,4.9992,0.2,1,0.125,UCB Feedback Probe,5000,5,73.1822,0.15335343616625963,0.9147774999999999,1.0999999999999999,4.9992,0.0007333648478076583,0.36896828087562605,23.108726169508014,0.04854668092529733,1.0,5.449,7.599379999999999,0.22664857011823983,0.23403702146447636,112.10695009105152
compound_hard,Compound Hard,"Combined stress with K=80, N=5, M=32, C=8",80,5,32,8,0.001,0.05,0.1,0.005,74.432923,4.9874,0.2,1,0.125,Thompson Feedback Probe,5000,5,74.9566,0.05611422151291217,0.9369574999999999,3.82,4.9874,0.0022000945434232227,0.38997897802592324,23.977124246356304,0.048181588820829686,1.0,7.043666666666666,6.157416666666667,0.23052493947355365,0.23984153743015832,129.4280599304423
compound_hard,Compound Hard,"Combined stress with K=80, N=5, M=32, C=8",80,5,32,8,0.001,0.05,0.1,0.005,77.34739,9.662,0.2,2,0.25,Random Feedback Probe,5000,5,77.8788,0.034948509324431824,0.9734849999999999,19.34,4.831,0.012018492417936759,0.42051305069366407,25.30000012793757,0.06269900188147709,2.0,13.296666666666665,2.545863333333333,0.23433998380050297,0.24984715629763504,150.60129614250306
compound_hard,Compound Hard,"Combined stress with K=80, N=5, M=32, C=8",80,5,32,8,0.001,0.05,0.1,0.005,77.95412999999999,9.394,0.2,2,0.25,Rotating Feedback Probe,5000,5,78.4708,0.02908074662039945,0.980885,26.68,4.697,0.012318408988177309,0.427716806941031,25.639690251127767,0.041453789891773944,2.0,16.790666666666667,1.8528266666666666,0.24040536886105407,0.25785323085797957,153.60719278952428
compound_hard,Compound Hard,"Combined stress with K=80, N=5, M=32, C=8",80,5,32,8,0.001,0.05,0.1,0.005,75.929924,9.9432,0.2,2,0.25,UCB Feedback Probe,5000,5,76.4768,0.04206198359563955,0.9559599999999999,7.48,4.9716,0.008166405329151825,0.40365423327648975,24.67086131835481,0.04900408314828864,2.0,9.029000000000002,4.2201,0.2293671638106106,0.24089271885293073,142.1751129473421
compound_hard,Compound Hard,"Combined stress with K=80, N=5, M=32, C=8",80,5,32,8,0.001,0.05,0.1,0.005,75.57584200000001,9.9156,0.2,2,0.25,Thompson Feedback Probe,5000,5,76.1212,0.06534888081673797,0.951515,6.660000000000001,4.9578,0.006302550594798782,0.39873598332333826,24.5030506799351,0.023788004058018532,2.0,9.122000000000002,4.131283333333333,0.22896963239445414,0.24000873043764387,139.53505535751242
compound_hard,Compound Hard,"Combined stress with K=80, N=5, M=32, C=8",80,5,32,8,0.001,0.05,0.1,0.005,77.547104,19.2232,0.2,4,0.5,Random Feedback Probe,5000,5,78.1238,0.039275387509228106,0.9765475,22.02,4.8058,0.022359468329993838,0.42736684142984216,25.42019685168272,0.03703950011165448,4.0,14.562666666666665,2.2955333333333336,0.2351069605308746,0.25036930194105855,151.8886414752571
compound_hard,Compound Hard,"Combined stress with K=80, N=5, M=32, C=8",80,5,32,8,0.001,0.05,0.1,0.005,77.646016,19.1128,0.2,4,0.5,Rotating Feedback Probe,5000,5,78.2194,0.04134903258844452,0.9777425,23.400000000000002,4.7782,0.013627286743882623,0.42950008131521245,25.44802430717224,0.06854057646154671,4.0,15.674666666666665,2.1185633333333334,0.23653844980731437,0.25237889790642987,152.4037575997581
compound_hard,Compound Hard,"Combined stress with K=80, N=5, M=32, C=8",80,5,32,8,0.001,0.05,0.1,0.005,77.16140800000001,19.4264,0.2,4,0.5,UCB Feedback Probe,5000,5,77.7442,0.03803309169657346,0.9718025000000001,17.419999999999998,4.8566,0.006185655664519266,0.4213790629726111,25.203461186094696,0.04425755413662695,4.0,13.295000000000002,2.6593466666666665,0.23179144003574448,0.24558647959839192,149.91865771143077
compound_hard,Compound Hard,"Combined stress with K=80, N=5, M=32, C=8",80,5,32,8,0.001,0.05,0.1,0.005,76.81637599999999,19.5008,0.2,4,0.5,Thompson Feedback Probe,5000,5,77.4014,0.05738684532190645,0.9675174999999999,14.78,4.8752,0.011146180691160372,0.416630505737394,25.01392356701902,0.012532494992604604,4.0,11.755,2.8044,0.23232330045537464,0.24535843667030313,147.94429847055127
compound_hard,Compound Hard,"Combined stress with K=80, N=5, M=32, C=8",80,5,32,8,0.001,0.05,0.1,0.005,61.762,0.0,0.3,0,0.0,No IRS,5000,5,62.262,0.055644672700987344,0.778275,0.0,5.0,0.0,0.3353261325778107,20.880094873981758,0.058484593495001506,0.0,0.0,10.901879999999998,0.0,0.0,-40.22585905780502
compound_hard,Compound Hard,"Combined stress with K=80, N=5, M=32, C=8",80,5,32,8,0.001,0.05,0.1,0.005,64.9936,0.0,0.3,0,0.0,Fixed IRS,5000,5,65.4936,0.05264196592073577,0.81867,0.0,5.0,0.0,0.2988596394735243,19.572999470552826,0.04999250084513383,0.0,1.4039999999999997,9.578560000000001,0.0,0.0,19.171971574487404
compound_hard,Compound Hard,"Combined stress with K=80, N=5, M=32, C=8",80,5,32,8,0.001,0.05,0.1,0.005,77.50677999999999,0.0,0.3,0,0.0,Random IRS,5000,5,77.9888,0.07573162023884024,0.97486,21.44,4.8202,0.01148566689400316,0.42960213586313295,25.491347596075773,0.03995995023534306,0.0,13.301666666666668,2.613636666666667,0.0,0.0,151.00010057376028
compound_hard,Compound Hard,"Combined stress with K=80, N=5, M=32, C=8",80,5,32,8,0.001,0.05,0.1,0.005,79.16622400000001,30.3072,0.3,8,1.0,Oracle Full Preview,5000,5,79.6966,0.013881450068345834,0.9962075,74.94,3.7884,0.015869949464317818,0.4223612373916184,25.97610716904589,0.03416770403239953,8.0,100.0,0.0,0.0,0.0,158.04724669511262
compound_hard,Compound Hard,"Combined stress with K=80, N=5, M=32, C=8",80,5,32,8,0.001,0.05,0.1,0.005,77.50313200000001,38.3696,0.3,8,1.0,Full Noisy Feedback,5000,5,78.1746,0.060616307508787534,0.9771825,22.7,4.7962,0.009305356736847884,0.42773156293627507,24.922614263834742,0.08241724868358957,8.0,14.636333333333331,2.3703066666666666,0.259890388307629,0.2751583505217804,152.12512763003724
compound_hard,Compound Hard,"Combined stress with K=80, N=5, M=32, C=8",80,5,32,8,0.001,0.05,0.1,0.005,77.51533300000001,4.8254,0.3,1,0.125,Random Feedback Probe,5000,5,78.022,0.02953037757970756,0.9752750000000001,21.5,4.8254,0.016335162564235384,0.43038651454331267,25.49110383639354,0.06448844563546455,1.0,13.166333333333332,2.6009466666666667,0.2596564127656825,0.2751210688710412,151.1770071591964
compound_hard,Compound Hard,"Combined stress with K=80, N=5, M=32, C=8",80,5,32,8,0.001,0.05,0.1,0.005,78.705833,4.6454,0.3,1,0.125,Rotating Feedback Probe,5000,5,79.1936,0.04260284422430045,0.98992,47.04,4.6454,0.019219996253901785,0.4512578137746405,26.134144675909123,0.05233434617032187,1.0,19.790666666666667,1.7789,0.2627732153820624,0.2830326226584586,156.27556620383015
compound_hard,Compound Hard,"Combined stress with K=80, N=5, M=32, C=8",80,5,32,8,0.001,0.05,0.1,0.005,71.679589,4.9982,0.3,1,0.125,UCB Feedback Probe,5000,5,72.2044,0.052885870475959,0.9025550000000001,1.44,4.9982,0.001300116917819121,0.36063447124996206,22.671321614917765,0.04498182795608936,1.0,5.098000000000001,7.807460000000001,0.2513934713338219,0.258299322210291,100.03452860195469
compound_hard,Compound Hard,"Combined stress with K=80, N=5, M=32, C=8",80,5,32,8,0.001,0.05,0.1,0.005,73.966512,4.9856,0.3,1,0.125,Thompson Feedback Probe,5000,5,74.49,0.12978693185371437,0.931125,3.66,4.9856,0.0011759999999999863,0.38384231883834946,23.750882101989742,0.06061152680812583,1.0,6.492000000000001,6.2314,0.2540524410878043,0.2629297365267971,124.44632921998664
compound_hard,Compound Hard,"Combined stress with K=80, N=5, M=32, C=8",80,5,32,8,0.001,0.05,0.1,0.005,77.2653,9.66,0.3,2,0.25,Random Feedback Probe,5000,5,77.7966,0.05227213804695602,0.9724575,17.88,4.83,0.023988990808285274,0.42008641856594114,25.243951450645742,0.07442191379700269,2.0,12.905333333333333,2.6488566666666666,0.26008097466684515,0.2756403226538784,150.07333120080733
compound_hard,Compound Hard,"Combined stress with K=80, N=5, M=32, C=8",80,5,32,8,0.001,0.05,0.1,0.005,77.90522200000001,9.4396,0.3,2,0.25,Rotating Feedback Probe,5000,5,78.4244,0.04670232131275872,0.9803050000000001,25.319999999999997,4.7198,0.014893420829346006,0.4261891281408186,25.53384236681922,0.08483951413733214,2.0,15.939333333333334,1.9105466666666666,0.2626028806897443,0.28009219008387215,153.42884922920177
compound_hard,Compound Hard,"Combined stress with K=80, N=5, M=32, C=8",80,5,32,8,0.001,0.05,0.1,0.005,75.37075,9.95,0.3,2,0.25,UCB Feedback Probe,5000,5,75.918,0.0901323000926941,0.9489750000000001,6.260000000000001,4.975,0.006646683383462749,0.39768011690332644,24.38610533255199,0.08721555777998914,2.0,8.558333333333334,4.540096666666666,0.2561559386026243,0.2672445900738373,137.40369874465512
compound_hard,Compound Hard,"Combined stress with K=80, N=5, M=32, C=8",80,5,32,8,0.001,0.05,0.1,0.005,75.06889799999999,9.9364,0.3,2,0.25,Thompson Feedback Probe,5000,5,75.6154,0.08490126368906305,0.9451924999999999,5.3,4.9682,0.005893052180322324,0.39342973163565625,24.22769971098535,0.06942691500453732,2.0,8.167666666666666,4.511453333333334,0.2540771423707997,0.2650075898853026,134.98810839473074
compound_hard,Compound Hard,"Combined stress with K=80, N=5, M=32, C=8",80,5,32,8,0.001,0.05,0.1,0.005,77.477264,19.2312,0.3,4,0.5,Random Feedback Probe,5000,5,78.0542,0.03320103468266989,0.9756775,21.42,4.8078,0.010210828761662976,0.42723592245348735,25.239334395244168,0.05220695999301362,4.0,14.072333333333331,2.4627166666666667,0.2596383729308258,0.2750208114375497,151.511179971896
compound_hard,Compound Hard,"Combined stress with K=80, N=5, M=32, C=8",80,5,32,8,0.001,0.05,0.1,0.005,77.56332,19.136,0.3,4,0.5,Rotating Feedback Probe,5000,5,78.1374,0.08161841027611053,0.9767175,23.46,4.784,0.007254648165142195,0.4283203852315974,25.245078714396602,0.04915980158878793,4.0,14.838666666666667,2.251803333333333,0.25993443533991406,0.27587159478470274,151.8698570965254
compound_hard,Compound Hard,"Combined stress with K=80, N=5, M=32, C=8",80,5,32,8,0.001,0.05,0.1,0.005,76.93493600000001,19.4888,0.3,4,0.5,UCB Feedback Probe,5000,5,77.5196,0.06635287556692665,0.9689949999999999,16.76,4.8722,0.013711597426995776,0.4195054568941064,24.987285568811263,0.048332758080734194,4.0,12.389999999999999,2.94042,0.2565836808850256,0.2702732502057226,148.44358366807606
compound_hard,Compound Hard,"Combined stress with K=80, N=5, M=32, C=8",80,5,32,8,0.001,0.05,0.1,0.005,76.739664,19.5112,0.3,4,0.5,Thompson Feedback Probe,5000,5,77.325,0.07811774190284793,0.9665625,14.26,4.8778,0.017796109237695538,0.416143366041731,24.8684817607404,0.054104491659755546,4.0,11.855333333333332,2.9755700000000003,0.2564452067153089,0.26949574428870876,147.49341619687536
compound_hard,Compound Hard,"Combined stress with K=80, N=5, M=32, C=8",80,5,32,8,0.001,0.05,0.1,0.005,61.762,0.0,0.5,0,0.0,No IRS,5000,5,62.262,0.055644672700987344,0.778275,0.0,5.0,0.0,0.3353261325778107,20.880094873981758,0.058484593495001506,0.0,0.0,10.901879999999998,0.0,0.0,-40.22585905780502
compound_hard,Compound Hard,"Combined stress with K=80, N=5, M=32, C=8",80,5,32,8,0.001,0.05,0.1,0.005,64.9936,0.0,0.5,0,0.0,Fixed IRS,5000,5,65.4936,0.05264196592073577,0.81867,0.0,5.0,0.0,0.2988596394735243,19.572999470552826,0.04999250084513383,0.0,1.4039999999999997,9.578560000000001,0.0,0.0,19.171971574487404
compound_hard,Compound Hard,"Combined stress with K=80, N=5, M=32, C=8",80,5,32,8,0.001,0.05,0.1,0.005,77.5436,0.0,0.5,0,0.0,Random IRS,5000,5,78.0262,0.043569349593495614,0.9753275,21.62,4.826,0.014588510547687762,0.4287278042304366,25.483133538238146,0.051993588533435435,0.0,13.110333333333331,2.616373333333333,0.0,0.0,151.22353388384542
compound_hard,Compound Hard,"Combined stress with K=80, N=5, M=32, C=8",80,5,32,8,0.001,0.05,0.1,0.005,79.16622400000001,30.3072,0.5,8,1.0,Oracle Full Preview,5000,5,79.6966,0.013881450068345834,0.9962075,74.94,3.7884,0.015869949464317818,0.4223612373916184,25.97610716904589,0.03416770403239953,8.0,100.0,0.0,0.0,0.0,158.04724669511262
compound_hard,Compound Hard,"Combined stress with K=80, N=5, M=32, C=8",80,5,32,8,0.001,0.05,0.1,0.005,77.390728,38.4384,0.5,8,1.0,Full Noisy Feedback,5000,5,78.0634,0.012280928955090555,0.9757925000000001,22.040000000000003,4.8048,0.011750195913260089,0.4284943364454754,24.640009991576957,0.059916881079069124,8.0,13.731999999999998,2.61668,0.3051122490748037,0.32059969312343,151.51167159082095
compound_hard,Compound Hard,"Combined stress with K=80, N=5, M=32, C=8",80,5,32,8,0.001,0.05,0.1,0.005,77.462374,4.8212,0.5,1,0.125,Random Feedback Probe,5000,5,77.9686,0.04962555889861369,0.9746075,21.08,4.8212,0.014247460966782867,0.4298877411464221,25.476390130502892,0.02284646103391047,1.0,13.01,2.6296666666666666,0.30533822609295064,0.32072867854942216,150.87770246565427
compound_hard,Compound Hard,"Combined stress with K=80, N=5, M=32, C=8",80,5,32,8,0.001,0.05,0.1,0.005,78.705833,4.6454,0.5,1,0.125,Rotating Feedback Probe,5000,5,79.1936,0.04260284422430045,0.98992,47.04,4.6454,0.019219996253901785,0.4512578137746405,26.134144675909123,0.05233434617032187,1.0,19.790666666666667,1.7789,0.3071258437098184,0.3273852509861569,156.27556620383015
compound_hard,Compound Hard,"Combined stress with K=80, N=5, M=32, C=8",80,5,32,8,0.001,0.05,0.1,0.005,70.65875600000001,4.9928,0.5,1,0.125,UCB Feedback Probe,5000,5,71.183,0.07261793387311623,0.8897875000000001,1.6400000000000001,4.9928,0.002432296034614361,0.35204439152806405,22.20868330687719,0.0664969896667416,1.0,4.961,7.813560000000001,0.30089972770276907,0.3074475902127066,86.74175338256174
compound_hard,Compound Hard,"Combined stress with K=80, N=5, M=32, C=8",80,5,32,8,0.001,0.05,0.1,0.005,73.32571,4.978,0.5,1,0.125,Thompson Feedback Probe,5000,5,73.8484,0.11655096780379118,0.923105,3.74,4.978,0.0050733342093735685,0.37796294930269503,23.431283798326096,0.0691102013923823,1.0,6.317333333333333,6.276423333333334,0.2992536001015237,0.30786774382518217,116.84930099976333
compound_hard,Compound Hard,"Combined stress with K=80, N=5, M=32, C=8",80,5,32,8,0.001,0.05,0.1,0.005,77.222768,9.7024,0.5,2,0.25,Random Feedback Probe,5000,5,77.7564,0.0437462164763997,0.971955,18.360000000000003,4.8512,0.007473744978255644,0.4212254670962192,25.198187742066743,0.034546408042066434,2.0,12.625666666666667,2.7258366666666665,0.3044079789463951,0.3200281089450382,149.82138258085106
compound_hard,Compound Hard,"Combined stress with K=80, N=5, M=32, C=8",80,5,32,8,0.001,0.05,0.1,0.005,77.90626999999999,9.446,0.5,2,0.25,Rotating Feedback Probe,5000,5,78.4258,0.023863754608192234,0.9803225,25.019999999999996,4.723,0.01691742297159954,0.42751518672876443,25.509620971441084,0.0966341391671368,2.0,15.961,1.9359633333333335,0.3073143614217425,0.3247668540250015,153.41693676356795
compound_hard,Compound Hard,"Combined stress with K=80, N=5, M=32, C=8",80,5,32,8,0.001,0.05,0.1,0.005,74.66928800000001,9.9584,0.5,2,0.25,UCB Feedback Probe,5000,5,75.217,0.11525233325186972,0.9402125,4.96,4.9792,0.00226886403294689,0.3891798488046905,23.971512652575928,0.09112820385400466,2.0,7.577666666666666,4.93869,0.3000519763328881,0.3106408658874924,131.40529723074874
compound_hard,Compound Hard,"Combined stress with K=80, N=5, M=32, C=8",80,5,32,8,0.001,0.05,0.1,0.005,74.53648,9.944,0.5,2,0.25,Thompson Feedback Probe,5000,5,75.0834,0.09941393592449604,0.9385425,4.7,4.972,0.0048408429018094844,0.3891395794232589,23.936427650067227,0.062303059323254306,2.0,7.577333333333333,4.822246666666666,0.30088297851346335,0.3114783649350595,129.89739058678975
compound_hard,Compound Hard,"Combined stress with K=80, N=5, M=32, C=8",80,5,32,8,0.001,0.05,0.1,0.005,77.39404000000002,19.292,0.5,4,0.5,Random Feedback Probe,5000,5,77.9728,0.04325964660049842,0.9746600000000001,20.96,4.823,0.018176292251171434,0.4265058672772502,25.06254676709508,0.0690833808597415,4.0,13.043666666666665,2.60059,0.303000709126155,0.3183931028370187,151.01741724984396
compound_hard,Compound Hard,"Combined stress with K=80, N=5, M=32, C=8",80,5,32,8,0.001,0.05,0.1,0.005,77.50415199999999,19.1616,0.5,4,0.5,Rotating Feedback Probe,5000,5,78.079,0.06273224880394479,0.9759874999999999,23.48,4.7904,0.016798926632377583,0.4301949395856229,25.128885279911344,0.02441631640782982,4.0,13.950666666666667,2.4060333333333332,0.3060892954532978,0.32215758483232887,151.4846843503593
compound_hard,Compound Hard,"Combined stress with K=80, N=5, M=32, C=8",80,5,32,8,0.001,0.05,0.1,0.005,76.627024,19.5592,0.5,4,0.5,UCB Feedback Probe,5000,5,77.2138,0.06614063489262842,0.9651725000000001,13.86,4.8898,0.007212160841245638,0.4158887398434672,24.714337540859635,0.07376694934353108,4.0,11.173333333333332,3.2082,0.30372610446497217,0.3170725021148448,146.65875747739534
compound_hard,Compound Hard,"Combined stress with K=80, N=5, M=32, C=8",80,5,32,8,0.001,0.05,0.1,0.005,76.529576,19.5808,0.5,4,0.5,Thompson Feedback Probe,5000,5,77.117,0.0332796225940154,0.9639625,11.92,4.8952,0.012540937126068349,0.41702782100822733,24.72369997346339,0.07181211204322138,4.0,10.649333333333335,3.1975533333333335,0.3037785272730941,0.31669166826173334,146.09861508337323
