decision_error_std,execution_error_std,mismatch_model,channel_rho,csi_delay_slots,probe_budget,policy,episodes,num_seeds,num_nodes,num_slots,num_irs_elements,num_codebook_states,g_th,alpha_th,gain_margin,power_margin,risk_weight,risk_power_weight,risk_invite_threshold,adaptive_risk_base_weight,opportunity_failure_cost,opportunity_missed_cost,opportunity_deadline_gain,opportunity_backlog_gain,temporal_reliability_z,sparse_topk_seed_multiplier,sparse_topk_fraction,adaptive_sparse_base_multiplier,adaptive_sparse_expanded_multiplier,adaptive_sparse_margin_threshold,adaptive_sparse_v2_preview_cost,adaptive_sparse_v2_uncertainty_weight,adaptive_sparse_v2_urgency_weight,adaptive_sparse_v2_history_weight,adaptive_sparse_history_window,adaptive_sparse_v3_neighbor_radius,adaptive_sparse_v3_neighbor_count,adaptive_sparse_v3_history_count,learned_shortlist_extra_count,success_mean,success_ci95,success_rate_mean,perfect_rate,slots_mean,slots_ci95,avg_power,total_energy_mean,total_energy_ci95,scheduled_nodes_mean,failed_nodes_mean,missed_opportunities_mean,true_opportunities_mean,failure_slot_rate,decision_preview_calls_per_slot_mean,oracle_tx_gap_mean,effective_risk_weight_mean,adaptive_sparse_expansion_rate,adaptive_sparse_margin_mean,adaptive_sparse_effective_margin_threshold_mean,adaptive_sparse_expand_score_mean,adaptive_sparse_history_stability_mean,adaptive_sparse_urgency_mean,adaptive_sparse_cost_penalty_mean,adaptive_sparse_v3_history_prior_rate,adaptive_sparse_v3_neighbor_extra_preview_mean,adaptive_sparse_v3_selected_extra_preview_mean,learned_shortlist_selected_extra_preview_mean,avg_reward
0.0,0.0,temporal_ar1,0.7,1,4,Estimated Rotating Grid B=4,200,2,50,10,64,16,0.001,0.05,1.0,1.0,0.0,0.0,0.0,0.0,0.0,0.0,0.0,0.0,0.0,0.0,0.0,0.0,0.0,0.0,0.0,0.0,0.0,0.0,0,0,0,0,0,50.0,0.0,1.0,100.0,3.785,0.2842,0.36225237308245106,16.68521086831578,0.09135502034655658,51.83,1.83,1.425,51.425,30.314285714285717,4.0,1.2330575396825398,0.0,0.0,0.0,0.0,0.0,0.0,0.0,0.0,0.0,0.0,0.0,0.0,99.31924568495052
0.0,0.0,temporal_ar1,0.7,1,4,Sparse-TopK Feedback Grid B=4 sm=2 tf=0.75,200,2,50,10,64,16,0.001,0.05,1.0,1.0,0.0,0.0,0.0,0.0,0.0,0.0,0.0,0.0,0.0,2.0,0.75,0.0,0.0,0.0,0.0,0.0,0.0,0.0,0,0,0,0,0,50.0,0.0,1.0,100.0,3.335,0.12739999999999987,0.36530839691753686,16.225519085261837,0.06318625962705794,50.535,0.535,1.845,51.845,12.25952380952381,12.0,0.8517976190476191,0.0,0.0,0.0,0.0,0.0,0.0,0.0,0.0,0.0,0.0,0.0,0.0,99.40681431626221
0.0,0.0,temporal_ar1,0.7,1,4,Sparse-TopK Feedback Grid B=4 sm=3 tf=0.75,200,2,50,10,64,16,0.001,0.05,1.0,1.0,0.0,0.0,0.0,0.0,0.0,0.0,0.0,0.0,0.0,3.0,0.75,0.0,0.0,0.0,0.0,0.0,0.0,0.0,0,0,0,0,0,50.0,0.0,1.0,100.0,3.25,0.019599999999999583,0.35965666085673953,16.178217059965768,0.15432835746542656,50.53,0.53,1.73,51.73,12.722222222222221,16.0,0.7040277777777777,0.0,0.0,0.0,0.0,0.0,0.0,0.0,0.0,0.0,0.0,0.0,0.0,99.42858475887547
0.0,0.0,temporal_ar1,0.7,1,4,Adaptive Sparse-TopK V2 Feedback Grid B=4 bm=2 em=3 mt=0.05 pc=0.002 tf=0.75,200,2,50,10,64,16,0.001,0.05,1.0,1.0,0.0,0.0,0.0,0.0,0.0,0.0,0.0,0.0,0.0,0.0,0.75,2.0,3.0,0.05,0.002,0.02,0.5,0.02,3,0,0,0,0,50.0,0.0,1.0,100.0,3.255,0.04899999999999982,0.34899303636730883,16.129889463535093,0.12305548084803676,50.5,0.5,1.915,51.915,12.599999999999998,15.353666666666667,0.7575277777777777,0.0,0.8384166666666667,0.020565555555555556,0.045842037037037035,0.017276481481481483,0.5078981481481482,0.0,0.008000000000000002,0.0,0.0,0.0,0.0,99.45730787927656
0.0,0.0,temporal_ar1,0.7,1,4,Learned Sparse Shortlist Feedback Grid B=4 bm=2 ex=2 tf=0.75,200,2,50,10,64,16,0.001,0.05,1.0,1.0,0.0,0.0,0.0,0.0,0.0,0.0,0.0,0.0,0.0,0.0,0.75,2.0,2.0,0.0,0.0,0.0,0.0,0.0,3,0,0,0,2,50.0,0.0,1.0,100.0,3.345,0.009800000000000225,0.36347756646843776,16.171010944350343,0.18594816255491034,50.57,0.57,1.935,51.935,13.66111111111111,14.0,0.8100555555555556,0.0,0.0,0.019977222222222223,0.0,0.0,0.4881898148148149,0.0,0.0,0.0,0.0,0.0,2.0,99.40029260306173
0.0,0.0,temporal_ar1,0.7,1,4,Learned Set Shortlist Feedback Grid B=4 bm=2 maxex=1 tf=0.75,200,2,50,10,64,16,0.001,0.05,1.0,1.0,0.0,0.0,0.0,0.0,0.0,0.0,0.0,0.0,0.0,0.0,0.75,2.0,2.0,0.0,0.0,0.0,0.0,0.0,3,0,0,0,1,50.0,0.0,1.0,100.0,3.28,0.09800000000000007,0.36466945623213404,16.175337192696745,0.12431159151215958,50.505,0.505,1.805,51.805,11.765476190476189,12.956738095238094,0.8080119047619047,0.0,0.0,0.02058119047619048,0.0,0.0,0.4882420634920635,0.0,0.0,0.0,0.0,0.0,0.9567380952380953,99.41691539262
0.0,0.0,temporal_ar1,0.7,1,4,Learned Set Shortlist Feedback Grid B=4 bm=2 maxex=2 tf=0.75,200,2,50,10,64,16,0.001,0.05,1.0,1.0,0.0,0.0,0.0,0.0,0.0,0.0,0.0,0.0,0.0,0.0,0.75,2.0,2.0,0.0,0.0,0.0,0.0,0.0,3,0,0,0,2,50.0,0.0,1.0,100.0,3.37,0.1176000000000001,0.35873225050888324,16.151309880639687,0.023723506550203194,50.555,0.555,1.88,51.88,13.0375,13.810374999999999,0.8062083333333334,0.0,0.0,0.02036166666666667,0.0,0.0,0.48485416666666664,0.0,0.0,0.0,0.0,0.0,1.8103750000000003,99.41774877067172
0.0,0.0,temporal_ar1,0.7,1,4,Stale-TopK Feedback Grid B=4,200,2,50,10,64,16,0.001,0.05,1.0,1.0,0.0,0.0,0.0,0.0,0.0,0.0,0.0,0.0,0.0,0.0,0.0,0.0,0.0,0.0,0.0,0.0,0.0,0.0,0,0,0,0,0,50.0,0.0,1.0,100.0,3.3,0.019600000000000017,0.3546998983410974,16.21568923683554,0.10544104701619403,50.5,0.5,1.855,51.855,10.883333333333333,20.0,0.6484166666666666,0.0,0.0,0.0,0.0,0.0,0.0,0.0,0.0,0.0,0.0,0.0,0.0,99.44509525081062
0.0,0.0,temporal_ar1,0.7,1,4,Temporal Deviation Oracle B=4,200,2,50,10,64,16,0.001,0.05,1.0,1.0,0.0,0.0,0.0,0.0,0.0,0.0,0.0,0.0,0.0,0.0,0.0,0.0,0.0,0.0,0.0,0.0,0.0,0.0,0,0,0,0,0,50.0,0.0,1.0,100.0,2.97,0.019600000000000017,0.35701463082852186,16.22499751372254,0.11140466584332458,50.345,0.345,1.175,51.175,9.341666666666667,4.0,0.456,0.0,0.0,0.0,0.0,0.0,0.0,0.0,0.0,0.0,0.0,0.0,0.0,99.47711546882009
0.0,0.0,temporal_ar1,0.7,2,4,Estimated Rotating Grid B=4,200,2,50,10,64,16,0.001,0.05,1.0,1.0,0.0,0.0,0.0,0.0,0.0,0.0,0.0,0.0,0.0,0.0,0.0,0.0,0.0,0.0,0.0,0.0,0.0,0.0,0,0,0,0,0,50.0,0.0,1.0,100.0,4.105,0.00980000000000066,0.37279212168062065,16.849966795217707,0.20380219965474608,52.04,2.04,1.725,51.725,31.220238095238095,4.0,1.2553154761904761,0.0,0.0,0.0,0.0,0.0,0.0,0.0,0.0,0.0,0.0,0.0,0.0,99.24701308855342
0.0,0.0,temporal_ar1,0.7,2,4,Sparse-TopK Feedback Grid B=4 sm=2 tf=0.75,200,2,50,10,64,16,0.001,0.05,1.0,1.0,0.0,0.0,0.0,0.0,0.0,0.0,0.0,0.0,0.0,2.0,0.75,0.0,0.0,0.0,0.0,0.0,0.0,0.0,0,0,0,0,0,50.0,0.0,1.0,100.0,3.72,0.05880000000000005,0.3922431212868615,16.395031215070645,0.13476075851333233,50.575,0.575,2.365,52.365,12.352380952380951,12.0,0.8877738095238095,0.0,0.0,0.0,0.0,0.0,0.0,0.0,0.0,0.0,0.0,0.0,0.0,99.30492962976813
0.0,0.0,temporal_ar1,0.7,2,4,Sparse-TopK Feedback Grid B=4 sm=3 tf=0.75,200,2,50,10,64,16,0.001,0.05,1.0,1.0,0.0,0.0,0.0,0.0,0.0,0.0,0.0,0.0,0.0,3.0,0.75,0.0,0.0,0.0,0.0,0.0,0.0,0.0,0,0,0,0,0,50.0,0.0,1.0,100.0,3.5,0.15680000000000013,0.38076003771464656,16.321460790791118,0.27084620435321144,50.5,0.5,2.06,52.06,11.75952380952381,16.0,0.7187301587301588,0.0,0.0,0.0,0.0,0.0,0.0,0.0,0.0,0.0,0.0,0.0,0.0,99.36015972246773
0.0,0.0,temporal_ar1,0.7,2,4,Adaptive Sparse-TopK V2 Feedback Grid B=4 bm=2 em=3 mt=0.05 pc=0.002 tf=0.75,200,2,50,10,64,16,0.001,0.05,1.0,1.0,0.0,0.0,0.0,0.0,0.0,0.0,0.0,0.0,0.0,0.0,0.75,2.0,3.0,0.05,0.002,0.02,0.5,0.02,3,0,0,0,0,50.0,0.0,1.0,100.0,3.53,0.1372000000000001,0.3755580405734662,16.309046532125077,0.2297705545677094,50.51,0.51,2.305,52.305,11.859523809523807,15.37795238095238,0.7854801587301589,0.0,0.8444880952380953,0.021052698412698412,0.0502240376984127,0.021171339285714286,0.498954365079365,6.25e-06,0.008000000000000002,0.0,0.0,0.0,0.0,99.37766363612621
0.0,0.0,temporal_ar1,0.7,2,4,Learned Sparse Shortlist Feedback Grid B=4 bm=2 ex=2 tf=0.75,200,2,50,10,64,16,0.001,0.05,1.0,1.0,0.0,0.0,0.0,0.0,0.0,0.0,0.0,0.0,0.0,0.0,0.75,2.0,2.0,0.0,0.0,0.0,0.0,0.0,3,0,0,0,2,50.0,0.0,1.0,100.0,3.705,0.10779999999999985,0.3816877727804197,16.305404955916153,0.1705588294657641,50.59,0.59,2.435,52.435,13.16488095238095,14.0,0.8495773809523809,0.0,0.0,0.020053928571428573,0.0,0.0,0.476796626984127,0.0,0.0,0.0,0.0,0.0,2.0,99.33104199957083
0.0,0.0,temporal_ar1,0.7,2,4,Learned Set Shortlist Feedback Grid B=4 bm=2 maxex=1 tf=0.75,200,2,50,10,64,16,0.001,0.05,1.0,1.0,0.0,0.0,0.0,0.0,0.0,0.0,0.0,0.0,0.0,0.0,0.75,2.0,2.0,0.0,0.0,0.0,0.0,0.0,3,0,0,0,1,50.0,0.0,1.0,100.0,3.67,0.07840000000000007,0.38654925238505194,16.35156380075035,0.0233835234967826,50.54,0.54,2.325,52.325,11.760714285714284,12.933499999999999,0.8434761904761905,0.0,0.0,0.020752380952380953,0.0,0.0,0.477375,0.0,0.0,0.0,0.0,0.0,0.9335,99.33321991776566
0.0,0.0,temporal_ar1,0.7,2,4,Learned Set Shortlist Feedback Grid B=4 bm=2 maxex=2 tf=0.75,200,2,50,10,64,16,0.001,0.05,1.0,1.0,0.0,0.0,0.0,0.0,0.0,0.0,0.0,0.0,0.0,0.0,0.75,2.0,2.0,0.0,0.0,0.0,0.0,0.0,3,0,0,0,2,50.0,0.0,1.0,100.0,3.655,0.009800000000000225,0.40068394941301605,16.428068895646607,0.09385663349662209,50.58,0.58,2.34,52.34,12.75595238095238,13.797654761904761,0.8499523809523809,0.0,0.0,0.020589523809523808,0.0,0.0,0.47541468253968255,0.0,0.0,0.0,0.0,0.0,1.797654761904762,99.30394189855089
0.0,0.0,temporal_ar1,0.7,2,4,Stale-TopK Feedback Grid B=4,200,2,50,10,64,16,0.001,0.05,1.0,1.0,0.0,0.0,0.0,0.0,0.0,0.0,0.0,0.0,0.0,0.0,0.0,0.0,0.0,0.0,0.0,0.0,0.0,0.0,0,0,0,0,0,49.995,0.00979999999999805,0.9998999999999999,99.5,3.64,0.05880000000000005,0.3769869738437697,16.357313954710307,0.039358882217889996,50.5,0.505,2.35,52.345,10.813690476190475,20.0,0.6960714285714286,0.0,0.0,0.0,0.0,0.0,0.0,0.0,0.0,0.0,0.0,0.0,0.0,99.36459113918794
0.0,0.0,temporal_ar1,0.7,2,4,Temporal Deviation Oracle B=4,200,2,50,10,64,16,0.001,0.05,1.0,1.0,0.0,0.0,0.0,0.0,0.0,0.0,0.0,0.0,0.0,0.0,0.0,0.0,0.0,0.0,0.0,0.0,0.0,0.0,0,0,0,0,0,50.0,0.0,1.0,100.0,3.14,0.0,0.38159337951581696,16.344465608289514,0.038717270486568436,50.33,0.33,1.445,51.445,8.758333333333333,4.0,0.48949999999999994,0.0,0.0,0.0,0.0,0.0,0.0,0.0,0.0,0.0,0.0,0.0,0.0,99.4155083102826
0.0,0.0,temporal_ar1,0.7,3,4,Estimated Rotating Grid B=4,200,2,50,10,64,16,0.001,0.05,1.0,1.0,0.0,0.0,0.0,0.0,0.0,0.0,0.0,0.0,0.0,0.0,0.0,0.0,0.0,0.0,0.0,0.0,0.0,0.0,0,0,0,0,0,50.0,0.0,1.0,100.0,4.14,0.17640000000000058,0.38947144873288164,16.947445906165463,0.18014866632522955,52.005,2.005,1.82,51.82,30.99345238095238,4.0,1.2565178571428572,0.0,0.0,0.0,0.0,0.0,0.0,0.0,0.0,0.0,0.0,0.0,0.0,99.20462957491918
0.0,0.0,temporal_ar1,0.7,3,4,Sparse-TopK Feedback Grid B=4 sm=2 tf=0.75,200,2,50,10,64,16,0.001,0.05,1.0,1.0,0.0,0.0,0.0,0.0,0.0,0.0,0.0,0.0,0.0,2.0,0.75,0.0,0.0,0.0,0.0,0.0,0.0,0.0,0,0,0,0,0,50.0,0.0,1.0,100.0,4.03,0.07840000000000007,0.4068571506288414,16.473496317647605,0.1042170773894746,50.61,0.61,2.64,52.64,12.091071428571428,12.0,0.8855099206349206,0.0,0.0,0.0,0.0,0.0,0.0,0.0,0.0,0.0,0.0,0.0,0.0,99.25688668802734
0.0,0.0,temporal_ar1,0.7,3,4,Sparse-TopK Feedback Grid B=4 sm=3 tf=0.75,200,2,50,10,64,16,0.001,0.05,1.0,1.0,0.0,0.0,0.0,0.0,0.0,0.0,0.0,0.0,0.0,3.0,0.75,0.0,0.0,0.0,0.0,0.0,0.0,0.0,0,0,0,0,0,50.0,0.0,1.0,100.0,3.67,0.1372000000000001,0.40119266199786935,16.403508512679533,0.154829984361776,50.49,0.49,2.22,52.22,11.160714285714285,16.0,0.7193214285714287,0.0,0.0,0.0,0.0,0.0,0.0,0.0,0.0,0.0,0.0,0.0,0.0,99.31354210645391
0.0,0.0,temporal_ar1,0.7,3,4,Adaptive Sparse-TopK V2 Feedback Grid B=4 bm=2 em=3 mt=0.05 pc=0.002 tf=0.75,200,2,50,10,64,16,0.001,0.05,1.0,1.0,0.0,0.0,0.0,0.0,0.0,0.0,0.0,0.0,0.0,0.0,0.75,2.0,3.0,0.05,0.002,0.02,0.5,0.02,3,0,0,0,0,50.0,0.0,1.0,100.0,3.67,0.15680000000000013,0.4001827481979323,16.425564702329133,0.12632181167191234,50.525,0.525,2.43,52.43,11.869047619047619,15.38547619047619,0.7788214285714283,0.0,0.8463690476190476,0.021331190476190476,0.0532431994047619,0.023912008928571423,0.4951309523809524,1.1636904761904762e-05,0.008000000000000002,0.0,0.0,0.0,0.0,99.31988443060027
0.0,0.0,temporal_ar1,0.7,3,4,Learned Sparse Shortlist Feedback Grid B=4 bm=2 ex=2 tf=0.75,200,2,50,10,64,16,0.001,0.05,1.0,1.0,0.0,0.0,0.0,0.0,0.0,0.0,0.0,0.0,0.0,0.0,0.75,2.0,2.0,0.0,0.0,0.0,0.0,0.0,3,0,0,0,2,50.0,0.0,1.0,100.0,3.825,0.029399999999999808,0.3981248036995948,16.38575492513745,0.15232499404656563,50.605,0.605,2.605,52.605,13.25297619047619,14.0,0.8605634920634921,0.0,0.0,0.020393531746031746,0.0,0.0,0.47213789682539686,0.0,0.0,0.0,0.0,0.0,2.0,99.29574136733915
0.0,0.0,temporal_ar1,0.7,3,4,Learned Set Shortlist Feedback Grid B=4 bm=2 maxex=1 tf=0.75,200,2,50,10,64,16,0.001,0.05,1.0,1.0,0.0,0.0,0.0,0.0,0.0,0.0,0.0,0.0,0.0,0.0,0.75,2.0,2.0,0.0,0.0,0.0,0.0,0.0,3,0,0,0,1,50.0,0.0,1.0,100.0,3.805,0.08820000000000029,0.40817587130615185,16.457730867146754,0.008427599632434094,50.54,0.54,2.47,52.47,11.63611111111111,12.947257936507935,0.8492698412698414,0.0,0.0,0.021121587301587297,0.0,0.0,0.4768591269841269,0.0,0.0,0.0,0.0,0.0,0.9472579365079367,99.28341974718889
0.0,0.0,temporal_ar1,0.7,3,4,Learned Set Shortlist Feedback Grid B=4 bm=2 maxex=2 tf=0.75,200,2,50,10,64,16,0.001,0.05,1.0,1.0,0.0,0.0,0.0,0.0,0.0,0.0,0.0,0.0,0.0,0.0,0.75,2.0,2.0,0.0,0.0,0.0,0.0,0.0,3,0,0,0,2,50.0,0.0,1.0,100.0,3.92,0.03920000000000003,0.4135797997014886,16.49653433256957,0.12544223805734786,50.595,0.595,2.655,52.655,12.292857142857144,13.808333333333332,0.862654761904762,0.0,0.0,0.02072904761904762,0.0,0.0,0.47152777777777777,0.0,0.0,0.0,0.0,0.0,1.8083333333333331,99.26725450617649
0.0,0.0,temporal_ar1,0.7,3,4,Stale-TopK Feedback Grid B=4,200,2,50,10,64,16,0.001,0.05,1.0,1.0,0.0,0.0,0.0,0.0,0.0,0.0,0.0,0.0,0.0,0.0,0.0,0.0,0.0,0.0,0.0,0.0,0.0,0.0,0,0,0,0,0,50.0,0.0,1.0,100.0,3.84,0.1372000000000001,0.38517417989249986,16.411761051286145,0.03968355434530302,50.54,0.54,2.55,52.55,11.233333333333333,20.0,0.7001686507936508,0.0,0.0,0.0,0.0,0.0,0.0,0.0,0.0,0.0,0.0,0.0,0.0,99.34469671250086
0.0,0.0,temporal_ar1,0.7,3,4,Temporal Deviation Oracle B=4,200,2,50,10,64,16,0.001,0.05,1.0,1.0,0.0,0.0,0.0,0.0,0.0,0.0,0.0,0.0,0.0,0.0,0.0,0.0,0.0,0.0,0.0,0.0,0.0,0.0,0,0,0,0,0,50.0,0.0,1.0,100.0,3.235,0.04899999999999982,0.3983742402382231,16.41158179897093,0.0047973745086586205,50.33,0.33,1.55,51.55,8.633333333333333,4.0,0.491,0.0,0.0,0.0,0.0,0.0,0.0,0.0,0.0,0.0,0.0,0.0,0.0,99.37370947641699
0.0,0.0,temporal_ar1,0.9,1,4,Estimated Rotating Grid B=4,200,2,50,10,64,16,0.001,0.05,1.0,1.0,0.0,0.0,0.0,0.0,0.0,0.0,0.0,0.0,0.0,0.0,0.0,0.0,0.0,0.0,0.0,0.0,0.0,0.0,0,0,0,0,0,50.0,0.0,1.0,100.0,3.805,0.10779999999999985,0.38307155878467364,16.750137136868304,0.1789497095147743,51.64,1.64,1.065,51.065,27.354761904761904,4.0,1.1347738095238096,0.0,0.0,0.0,0.0,0.0,0.0,0.0,0.0,0.0,0.0,0.0,0.0,99.26753804239796
0.0,0.0,temporal_ar1,0.9,1,4,Sparse-TopK Feedback Grid B=4 sm=2 tf=0.75,200,2,50,10,64,16,0.001,0.05,1.0,1.0,0.0,0.0,0.0,0.0,0.0,0.0,0.0,0.0,0.0,2.0,0.75,0.0,0.0,0.0,0.0,0.0,0.0,0.0,0,0,0,0,0,50.0,0.0,1.0,100.0,3.4,0.019600000000000017,0.3722114276391326,16.189849451358096,0.09140172681582669,50.505,0.505,1.515,51.515,12.092857142857143,12.0,0.7699285714285713,0.0,0.0,0.0,0.0,0.0,0.0,0.0,0.0,0.0,0.0,0.0,0.0,99.37738686948538
0.0,0.0,temporal_ar1,0.9,1,4,Sparse-TopK Feedback Grid B=4 sm=3 tf=0.75,200,2,50,10,64,16,0.001,0.05,1.0,1.0,0.0,0.0,0.0,0.0,0.0,0.0,0.0,0.0,0.0,3.0,0.75,0.0,0.0,0.0,0.0,0.0,0.0,0.0,0,0,0,0,0,50.0,0.0,1.0,100.0,3.15,0.019600000000000017,0.35727739535838876,16.123931792570207,0.17455190789829653,50.44,0.44,1.185,51.185,11.233333333333333,16.0,0.5594999999999999,0.0,0.0,0.0,0.0,0.0,0.0,0.0,0.0,0.0,0.0,0.0,0.0,99.4385339775322
0.0,0.0,temporal_ar1,0.9,1,4,Adaptive Sparse-TopK V2 Feedback Grid B=4 bm=2 em=3 mt=0.05 pc=0.002 tf=0.75,200,2,50,10,64,16,0.001,0.05,1.0,1.0,0.0,0.0,0.0,0.0,0.0,0.0,0.0,0.0,0.0,0.0,0.75,2.0,3.0,0.05,0.002,0.02,0.5,0.02,3,0,0,0,0,50.0,0.0,1.0,100.0,3.215,0.029399999999999808,0.358669760066886,16.1683365504732,0.15575539928481658,50.49,0.49,1.34,51.34,12.149999999999999,15.331666666666665,0.6029166666666667,0.0,0.8329166666666667,0.02181333333333333,0.04212948412698412,0.012316150793650796,0.4937361111111111,8.412698412698412e-06,0.008000000000000002,0.0,0.0,0.0,0.0,99.43190520738023
0.0,0.0,temporal_ar1,0.9,1,4,Learned Sparse Shortlist Feedback Grid B=4 bm=2 ex=2 tf=0.75,200,2,50,10,64,16,0.001,0.05,1.0,1.0,0.0,0.0,0.0,0.0,0.0,0.0,0.0,0.0,0.0,0.0,0.75,2.0,2.0,0.0,0.0,0.0,0.0,0.0,3,0,0,0,2,50.0,0.0,1.0,100.0,3.29,0.1176000000000001,0.3621906107562778,16.190408241505043,0.10833992942885974,50.545,0.545,1.15,51.15,12.858333333333333,14.0,0.63825,0.0,0.0,0.021334999999999996,0.0,0.0,0.4853472222222222,0.0,0.0,0.0,0.0,0.0,2.0,99.40728672979522
0.0,0.0,temporal_ar1,0.9,1,4,Learned Set Shortlist Feedback Grid B=4 bm=2 maxex=1 tf=0.75,200,2,50,10,64,16,0.001,0.05,1.0,1.0,0.0,0.0,0.0,0.0,0.0,0.0,0.0,0.0,0.0,0.0,0.75,2.0,2.0,0.0,0.0,0.0,0.0,0.0,3,0,0,0,1,50.0,0.0,1.0,100.0,3.34,0.0,0.3703089053733233,16.18016903289514,0.042001497982686396,50.525,0.525,1.41,51.41,13.00952380952381,12.955499999999999,0.7322738095238097,0.0,0.0,0.021509761904761903,0.0,0.0,0.48649603174603173,0.0,0.0,0.0,0.0,0.0,0.9555,99.38567863091313
0.0,0.0,temporal_ar1,0.9,1,4,Learned Set Shortlist Feedback Grid B=4 bm=2 maxex=2 tf=0.75,200,2,50,10,64,16,0.001,0.05,1.0,1.0,0.0,0.0,0.0,0.0,0.0,0.0,0.0,0.0,0.0,0.0,0.75,2.0,2.0,0.0,0.0,0.0,0.0,0.0,3,0,0,0,2,50.0,0.0,1.0,100.0,3.355,0.08819999999999985,0.36318200851936777,16.154371513350174,0.06541924347638606,50.535,0.535,1.27,51.27,12.265476190476189,13.810285714285715,0.6801666666666667,0.0,0.0,0.021501190476190476,0.0,0.0,0.48621428571428565,0.0,0.0,0.0,0.0,0.0,1.8102857142857145,99.40608589987622
0.0,0.0,temporal_ar1,0.9,1,4,Stale-TopK Feedback Grid B=4,200,2,50,10,64,16,0.001,0.05,1.0,1.0,0.0,0.0,0.0,0.0,0.0,0.0,0.0,0.0,0.0,0.0,0.0,0.0,0.0,0.0,0.0,0.0,0.0,0.0,0,0,0,0,0,50.0,0.0,1.0,100.0,3.205,0.16659999999999991,0.35925377718106816,16.232410521596897,0.06812453833197175,50.485,0.485,1.17,51.17,11.673809523809522,20.0,0.4905952380952381,0.0,0.0,0.0,0.0,0.0,0.0,0.0,0.0,0.0,0.0,0.0,0.0,99.42640812199285
0.0,0.0,temporal_ar1,0.9,1,4,Temporal Deviation Oracle B=4,200,2,50,10,64,16,0.001,0.05,1.0,1.0,0.0,0.0,0.0,0.0,0.0,0.0,0.0,0.0,0.0,0.0,0.0,0.0,0.0,0.0,0.0,0.0,0.0,0.0,0,0,0,0,0,50.0,0.0,1.0,100.0,2.925,0.06859999999999984,0.34973047690675174,16.15936947268403,0.08569842482831035,50.36,0.36,0.86,50.86,10.875,4.0,0.38799999999999996,0.0,0.0,0.0,0.0,0.0,0.0,0.0,0.0,0.0,0.0,0.0,0.0,99.4884669899982
0.0,0.0,temporal_ar1,0.9,2,4,Estimated Rotating Grid B=4,200,2,50,10,64,16,0.001,0.05,1.0,1.0,0.0,0.0,0.0,0.0,0.0,0.0,0.0,0.0,0.0,0.0,0.0,0.0,0.0,0.0,0.0,0.0,0.0,0.0,0,0,0,0,0,50.0,0.0,1.0,100.0,4.105,0.00980000000000066,0.39831468971019474,17.003688822071208,0.10685180654425792,51.95,1.95,1.215,51.215,29.440476190476193,4.0,1.1580892857142857,0.0,0.0,0.0,0.0,0.0,0.0,0.0,0.0,0.0,0.0,0.0,0.0,99.18992490355029
0.0,0.0,temporal_ar1,0.9,2,4,Sparse-TopK Feedback Grid B=4 sm=2 tf=0.75,200,2,50,10,64,16,0.001,0.05,1.0,1.0,0.0,0.0,0.0,0.0,0.0,0.0,0.0,0.0,0.0,2.0,0.75,0.0,0.0,0.0,0.0,0.0,0.0,0.0,0,0,0,0,0,50.0,0.0,1.0,100.0,3.74,0.05880000000000005,0.39065131210530607,16.31278069406711,0.08420587868773317,50.555,0.555,1.95,51.95,11.670238095238094,12.0,0.8195892857142857,0.0,0.0,0.0,0.0,0.0,0.0,0.0,0.0,0.0,0.0,0.0,0.0,99.31497458909456
0.0,0.0,temporal_ar1,0.9,2,4,Sparse-TopK Feedback Grid B=4 sm=3 tf=0.75,200,2,50,10,64,16,0.001,0.05,1.0,1.0,0.0,0.0,0.0,0.0,0.0,0.0,0.0,0.0,0.0,3.0,0.75,0.0,0.0,0.0,0.0,0.0,0.0,0.0,0,0,0,0,0,50.0,0.0,1.0,100.0,3.455,0.08819999999999985,0.3753598625641378,16.249356542427982,0.22090714204711934,50.505,0.505,1.52,51.52,11.271428571428572,16.0,0.6086944444444444,0.0,0.0,0.0,0.0,0.0,0.0,0.0,0.0,0.0,0.0,0.0,0.0,99.37656850867316
0.0,0.0,temporal_ar1,0.9,2,4,Adaptive Sparse-TopK V2 Feedback Grid B=4 bm=2 em=3 mt=0.05 pc=0.002 tf=0.75,200,2,50,10,64,16,0.001,0.05,1.0,1.0,0.0,0.0,0.0,0.0,0.0,0.0,0.0,0.0,0.0,0.0,0.75,2.0,3.0,0.05,0.002,0.02,0.5,0.02,3,0,0,0,0,50.0,0.0,1.0,100.0,3.53,0.11759999999999966,0.37578550417893153,16.285553093898535,0.11575727773080337,50.535,0.535,1.695,51.695,11.694444444444445,15.364952380952381,0.6403849206349207,0.0,0.8412380952380952,0.02153587301587302,0.04408404761904761,0.014548174603174601,0.4860119047619047,8.571428571428573e-06,0.008000000000000002,0.0,0.0,0.0,0.0,99.37004365275276
0.0,0.0,temporal_ar1,0.9,2,4,Learned Sparse Shortlist Feedback Grid B=4 bm=2 ex=2 tf=0.75,200,2,50,10,64,16,0.001,0.05,1.0,1.0,0.0,0.0,0.0,0.0,0.0,0.0,0.0,0.0,0.0,0.0,0.75,2.0,2.0,0.0,0.0,0.0,0.0,0.0,3,0,0,0,2,50.0,0.0,1.0,100.0,3.68,0.03920000000000003,0.37784887121063165,16.27125395517994,0.07989738798044896,50.595,0.595,1.63,51.63,12.389285714285714,14.0,0.6840714285714286,0.0,0.0,0.021047738095238095,0.0,0.0,0.4765148809523809,0.0,0.0,0.0,0.0,0.0,2.0,99.34577143963946
0.0,0.0,temporal_ar1,0.9,2,4,Learned Set Shortlist Feedback Grid B=4 bm=2 maxex=1 tf=0.75,200,2,50,10,64,16,0.001,0.05,1.0,1.0,0.0,0.0,0.0,0.0,0.0,0.0,0.0,0.0,0.0,0.0,0.75,2.0,2.0,0.0,0.0,0.0,0.0,0.0,3,0,0,0,1,49.995,0.00979999999999805,0.9998999999999999,99.5,3.71,0.15680000000000013,0.3871170743110167,16.338453534810597,0.07204910775519635,50.66,0.665,1.8,51.795,14.016666666666666,12.946107142857143,0.7641190476190477,0.0,0.0,0.021016190476190477,0.0,0.0,0.47559623015873015,0.0,0.0,0.0,0.0,0.0,0.9461071428571428,99.29756061705854
0.0,0.0,temporal_ar1,0.9,2,4,Learned Set Shortlist Feedback Grid B=4 bm=2 maxex=2 tf=0.75,200,2,50,10,64,16,0.001,0.05,1.0,1.0,0.0,0.0,0.0,0.0,0.0,0.0,0.0,0.0,0.0,0.0,0.75,2.0,2.0,0.0,0.0,0.0,0.0,0.0,3,0,0,0,2,49.995,0.00979999999999805,0.9998999999999999,99.5,3.735,0.06859999999999984,0.38110045534150755,16.264806498416657,0.03046893684865033,50.62,0.625,1.695,51.69,12.454166666666666,13.80024404761905,0.7193928571428572,0.0,0.0,0.021062142857142856,0.0,0.0,0.4746388888888889,0.0,0.0,0.0,0.0,0.0,1.8002440476190478,99.31836757178752
0.0,0.0,temporal_ar1,0.9,2,4,Stale-TopK Feedback Grid B=4,200,2,50,10,64,16,0.001,0.05,1.0,1.0,0.0,0.0,0.0,0.0,0.0,0.0,0.0,0.0,0.0,0.0,0.0,0.0,0.0,0.0,0.0,0.0,0.0,0.0,0,0,0,0,0,50.0,0.0,1.0,100.0,3.55,0.07840000000000007,0.37361500529548125,16.305042715066268,0.03657485944841703,50.485,0.485,1.62,51.62,10.795833333333334,20.0,0.5542797619047619,0.0,0.0,0.0,0.0,0.0,0.0,0.0,0.0,0.0,0.0,0.0,0.0,99.37986376774171
0.0,0.0,temporal_ar1,0.9,2,4,Temporal Deviation Oracle B=4,200,2,50,10,64,16,0.001,0.05,1.0,1.0,0.0,0.0,0.0,0.0,0.0,0.0,0.0,0.0,0.0,0.0,0.0,0.0,0.0,0.0,0.0,0.0,0.0,0.0,0,0,0,0,0,50.0,0.0,1.0,100.0,3.125,0.04899999999999982,0.3699675487018305,16.258098366092813,0.05104778305061536,50.4,0.4,1.075,51.075,10.899999999999999,4.0,0.4170833333333333,0.0,0.0,0.0,0.0,0.0,0.0,0.0,0.0,0.0,0.0,0.0,0.0,99.42828513159276
0.0,0.0,temporal_ar1,0.9,3,4,Estimated Rotating Grid B=4,200,2,50,10,64,16,0.001,0.05,1.0,1.0,0.0,0.0,0.0,0.0,0.0,0.0,0.0,0.0,0.0,0.0,0.0,0.0,0.0,0.0,0.0,0.0,0.0,0.0,0,0,0,0,0,50.0,0.0,1.0,100.0,4.215,0.009799999999999792,0.4003776140469877,17.05847882530413,0.19717567225420432,52.03,2.03,1.24,51.24,29.57797619047619,4.0,1.1532460317460318,0.0,0.0,0.0,0.0,0.0,0.0,0.0,0.0,0.0,0.0,0.0,0.0,99.16274581430972
0.0,0.0,temporal_ar1,0.9,3,4,Sparse-TopK Feedback Grid B=4 sm=2 tf=0.75,200,2,50,10,64,16,0.001,0.05,1.0,1.0,0.0,0.0,0.0,0.0,0.0,0.0,0.0,0.0,0.0,2.0,0.75,0.0,0.0,0.0,0.0,0.0,0.0,0.0,0,0,0,0,0,50.0,0.0,1.0,100.0,3.915,0.1078000000000003,0.40059122643723816,16.3881338261764,0.009406896381786751,50.625,0.625,2.11,52.11,12.446428571428571,12.0,0.8159464285714286,0.0,0.0,0.0,0.0,0.0,0.0,0.0,0.0,0.0,0.0,0.0,0.0,99.27176557159073
0.0,0.0,temporal_ar1,0.9,3,4,Sparse-TopK Feedback Grid B=4 sm=3 tf=0.75,200,2,50,10,64,16,0.001,0.05,1.0,1.0,0.0,0.0,0.0,0.0,0.0,0.0,0.0,0.0,0.0,3.0,0.75,0.0,0.0,0.0,0.0,0.0,0.0,0.0,0,0,0,0,0,50.0,0.0,1.0,100.0,3.63,0.2939999999999998,0.3844526285685692,16.30212415127864,0.22504548154957874,50.565,0.565,1.645,51.645,11.482738095238094,16.0,0.6105773809523809,0.0,0.0,0.0,0.0,0.0,0.0,0.0,0.0,0.0,0.0,0.0,0.0,99.3372363235247
0.0,0.0,temporal_ar1,0.9,3,4,Adaptive Sparse-TopK V2 Feedback Grid B=4 bm=2 em=3 mt=0.05 pc=0.002 tf=0.75,200,2,50,10,64,16,0.001,0.05,1.0,1.0,0.0,0.0,0.0,0.0,0.0,0.0,0.0,0.0,0.0,0.0,0.75,2.0,3.0,0.05,0.002,0.02,0.5,0.02,3,0,0,0,0,50.0,0.0,1.0,100.0,3.7,0.23519999999999974,0.38664613986801544,16.353832726290367,0.16945253663477466,50.595,0.595,1.81,51.81,12.136309523809523,15.385142857142855,0.6405357142857143,0.0,0.8462857142857143,0.021472380952380955,0.045797840277777786,0.01632545932539683,0.4815277777777778,1.6791666666666667e-05,0.008000000000000002,0.0,0.0,0.0,0.0,99.32572487795667
0.0,0.0,temporal_ar1,0.9,3,4,Learned Sparse Shortlist Feedback Grid B=4 bm=2 ex=2 tf=0.75,200,2,50,10,64,16,0.001,0.05,1.0,1.0,0.0,0.0,0.0,0.0,0.0,0.0,0.0,0.0,0.0,0.0,0.75,2.0,2.0,0.0,0.0,0.0,0.0,0.0,3,0,0,0,2,50.0,0.0,1.0,100.0,3.785,0.009800000000000225,0.38927969508402654,16.32797046439496,0.11097271873798555,50.63,0.63,1.73,51.73,12.747619047619049,14.0,0.6875654761904761,0.0,0.0,0.02103154761904762,0.0,0.0,0.4754513888888889,0.0,0.0,0.0,0.0,0.0,2.0,99.306079913233
0.0,0.0,temporal_ar1,0.9,3,4,Learned Set Shortlist Feedback Grid B=4 bm=2 maxex=1 tf=0.75,200,2,50,10,64,16,0.001,0.05,1.0,1.0,0.0,0.0,0.0,0.0,0.0,0.0,0.0,0.0,0.0,0.0,0.75,2.0,2.0,0.0,0.0,0.0,0.0,0.0,3,0,0,0,1,50.0,0.0,1.0,100.0,3.74,0.0,0.4043377181273394,16.408247516469345,0.11596586951377937,50.655,0.655,1.89,51.89,13.97857142857143,12.947363095238096,0.7655297619047619,0.0,0.0,0.021358333333333333,0.0,0.0,0.473453373015873,0.0,0.0,0.0,0.0,0.0,0.9473630952380953,99.26920856924049
0.0,0.0,temporal_ar1,0.9,3,4,Learned Set Shortlist Feedback Grid B=4 bm=2 maxex=2 tf=0.75,200,2,50,10,64,16,0.001,0.05,1.0,1.0,0.0,0.0,0.0,0.0,0.0,0.0,0.0,0.0,0.0,0.0,0.75,2.0,2.0,0.0,0.0,0.0,0.0,0.0,3,0,0,0,2,50.0,0.0,1.0,100.0,3.785,0.029399999999999808,0.39215743148826876,16.324235380106714,0.02132891541978473,50.64,0.64,1.83,51.83,12.83174603174603,13.799003968253968,0.7342777777777778,0.0,0.0,0.02116,0.0,0.0,0.4736984126984126,0.0,0.0,0.0,0.0,0.0,1.7990039682539682,99.30081527861907
0.0,0.0,temporal_ar1,0.9,3,4,Stale-TopK Feedback Grid B=4,200,2,50,10,64,16,0.001,0.05,1.0,1.0,0.0,0.0,0.0,0.0,0.0,0.0,0.0,0.0,0.0,0.0,0.0,0.0,0.0,0.0,0.0,0.0,0.0,0.0,0,0,0,0,0,50.0,0.0,1.0,100.0,3.87,0.05880000000000005,0.3727207043763164,16.3310519162714,0.002158438382958678,50.595,0.595,1.85,51.85,11.610714285714284,20.0,0.5722797619047619,0.0,0.0,0.0,0.0,0.0,0.0,0.0,0.0,0.0,0.0,0.0,0.0,99.34793514534451
0.0,0.0,temporal_ar1,0.9,3,4,Temporal Deviation Oracle B=4,200,2,50,10,64,16,0.001,0.05,1.0,1.0,0.0,0.0,0.0,0.0,0.0,0.0,0.0,0.0,0.0,0.0,0.0,0.0,0.0,0.0,0.0,0.0,0.0,0.0,0,0,0,0,0,50.0,0.0,1.0,100.0,3.2,0.05880000000000005,0.37398646924074747,16.26579606889087,0.06067271517180678,50.39,0.39,1.145,51.145,10.541666666666664,4.0,0.41825,0.0,0.0,0.0,0.0,0.0,0.0,0.0,0.0,0.0,0.0,0.0,0.0,99.41605238372708
0.0,0.0,temporal_ar1,0.98,1,4,Estimated Rotating Grid B=4,200,2,50,10,64,16,0.001,0.05,1.0,1.0,0.0,0.0,0.0,0.0,0.0,0.0,0.0,0.0,0.0,0.0,0.0,0.0,0.0,0.0,0.0,0.0,0.0,0.0,0,0,0,0,0,50.0,0.0,1.0,100.0,3.63,0.2743999999999998,0.3951057709703457,16.53491366553409,0.34959226344027505,50.915,0.915,0.58,50.58,18.935119047619047,4.0,0.9517301587301588,0.0,0.0,0.0,0.0,0.0,0.0,0.0,0.0,0.0,0.0,0.0,0.0,99.28695083060911
0.0,0.0,temporal_ar1,0.98,1,4,Sparse-TopK Feedback Grid B=4 sm=2 tf=0.75,200,2,50,10,64,16,0.001,0.05,1.0,1.0,0.0,0.0,0.0,0.0,0.0,0.0,0.0,0.0,0.0,2.0,0.75,0.0,0.0,0.0,0.0,0.0,0.0,0.0,0,0,0,0,0,49.99,0.0,0.9998,99.0,3.41,0.15680000000000013,0.3678308202680611,16.188114931242623,0.015243390817811784,50.34,0.35,0.695,50.685,7.889285714285714,12.0,0.561156746031746,0.0,0.0,0.0,0.0,0.0,0.0,0.0,0.0,0.0,0.0,0.0,0.0,99.38501289560267
0.0,0.0,temporal_ar1,0.98,1,4,Sparse-TopK Feedback Grid B=4 sm=3 tf=0.75,200,2,50,10,64,16,0.001,0.05,1.0,1.0,0.0,0.0,0.0,0.0,0.0,0.0,0.0,0.0,0.0,3.0,0.75,0.0,0.0,0.0,0.0,0.0,0.0,0.0,0,0,0,0,0,49.995,0.00979999999999805,0.9998999999999999,99.5,3.225,0.12739999999999987,0.37272385209933007,16.233419073527944,0.05177394908093191,50.325,0.33,0.6,50.595,6.87063492063492,16.0,0.3589265873015873,0.0,0.0,0.0,0.0,0.0,0.0,0.0,0.0,0.0,0.0,0.0,0.0,99.39671796492159
0.0,0.0,temporal_ar1,0.98,1,4,Adaptive Sparse-TopK V2 Feedback Grid B=4 bm=2 em=3 mt=0.05 pc=0.002 tf=0.75,200,2,50,10,64,16,0.001,0.05,1.0,1.0,0.0,0.0,0.0,0.0,0.0,0.0,0.0,0.0,0.0,0.0,0.75,2.0,3.0,0.05,0.002,0.02,0.5,0.02,3,0,0,0,0,49.99,0.0,0.9998,99.0,3.26,0.21560000000000018,0.3740793357524312,16.2575985827329,0.009479844525727685,50.315,0.325,0.565,50.555,7.213492063492062,15.315285714285714,0.3714146825396826,0.0,0.8288214285714285,0.022444484126984125,0.040634690381708236,0.01019020625472411,0.48930191798941797,4.145748299319728e-05,0.008000000000000002,0.0,0.0,0.0,0.0,99.39257081631065
0.0,0.0,temporal_ar1,0.98,1,4,Learned Sparse Shortlist Feedback Grid B=4 bm=2 ex=2 tf=0.75,200,2,50,10,64,16,0.001,0.05,1.0,1.0,0.0,0.0,0.0,0.0,0.0,0.0,0.0,0.0,0.0,0.0,0.75,2.0,2.0,0.0,0.0,0.0,0.0,0.0,3,0,0,0,2,49.995,0.00979999999999805,0.9998999999999999,99.5,3.365,0.14699999999999988,0.36639999353760044,16.17185918638632,0.01261392666847584,50.325,0.33,0.615,50.61,7.4416666666666655,14.0,0.44285714285714284,0.0,0.0,0.02190075396825397,0.0,0.0,0.4849262566137566,0.0,0.0,0.0,0.0,0.0,2.0,99.40861265668318
0.0,0.0,temporal_ar1,0.98,1,4,Learned Set Shortlist Feedback Grid B=4 bm=2 maxex=1 tf=0.75,200,2,50,10,64,16,0.001,0.05,1.0,1.0,0.0,0.0,0.0,0.0,0.0,0.0,0.0,0.0,0.0,0.0,0.75,2.0,2.0,0.0,0.0,0.0,0.0,0.0,3,0,0,0,1,49.99,0.0,0.9998,99.0,3.4,0.07840000000000007,0.37069522777843633,16.17374723509943,0.0893802750849668,50.345,0.355,0.67,50.66,8.102380952380953,12.942916666666665,0.5073095238095238,0.0,0.0,0.022522261904761906,0.0,0.0,0.48689715608465606,0.0,0.0,0.0,0.0,0.0,0.9429166666666666,99.38772273401422
0.0,0.0,temporal_ar1,0.98,1,4,Learned Set Shortlist Feedback Grid B=4 bm=2 maxex=2 tf=0.75,200,2,50,10,64,16,0.001,0.05,1.0,1.0,0.0,0.0,0.0,0.0,0.0,0.0,0.0,0.0,0.0,0.0,0.75,2.0,2.0,0.0,0.0,0.0,0.0,0.0,3,0,0,0,2,50.0,0.0,1.0,100.0,3.345,0.029399999999999808,0.3652011788702831,16.136385004646183,0.09132905283868252,50.34,0.34,0.685,50.685,7.728571428571428,13.800069444444443,0.4766765873015873,0.0,0.0,0.022636230158730158,0.0,0.0,0.4881782407407407,0.0,0.0,0.0,0.0,0.0,1.8000694444444445,99.42868647352941
0.0,0.0,temporal_ar1,0.98,1,4,Stale-TopK Feedback Grid B=4,200,2,50,10,64,16,0.001,0.05,1.0,1.0,0.0,0.0,0.0,0.0,0.0,0.0,0.0,0.0,0.0,0.0,0.0,0.0,0.0,0.0,0.0,0.0,0.0,0.0,0,0,0,0,0,49.99,0.0,0.9998,99.0,3.165,0.08819999999999985,0.3639784001679609,16.22085751536148,0.12490457320463576,50.33,0.34,0.44,50.43,8.173809523809524,20.0,0.2546130952380952,0.0,0.0,0.0,0.0,0.0,0.0,0.0,0.0,0.0,0.0,0.0,0.0,99.43547663007575
0.0,0.0,temporal_ar1,0.98,1,4,Temporal Deviation Oracle B=4,200,2,50,10,64,16,0.001,0.05,1.0,1.0,0.0,0.0,0.0,0.0,0.0,0.0,0.0,0.0,0.0,0.0,0.0,0.0,0.0,0.0,0.0,0.0,0.0,0.0,0,0,0,0,0,50.0,0.0,1.0,100.0,2.79,0.0,0.356908661862293,16.199416201019115,0.03284327179794587,50.29,0.29,0.265,50.265,9.016666666666666,4.0,0.1825,0.0,0.0,0.0,0.0,0.0,0.0,0.0,0.0,0.0,0.0,0.0,0.0,99.49790836278447
0.0,0.0,temporal_ar1,0.98,2,4,Estimated Rotating Grid B=4,200,2,50,10,64,16,0.001,0.05,1.0,1.0,0.0,0.0,0.0,0.0,0.0,0.0,0.0,0.0,0.0,0.0,0.0,0.0,0.0,0.0,0.0,0.0,0.0,0.0,0,0,0,0,0,49.995,0.00979999999999805,0.9998999999999999,99.5,3.85,0.1176000000000001,0.40327221553698933,16.665814315759423,0.20382207825534485,51.11,1.115,0.66,50.655,20.888492063492063,4.0,0.9557162698412699,0.0,0.0,0.0,0.0,0.0,0.0,0.0,0.0,0.0,0.0,0.0,0.0,99.20777127073437
0.0,0.0,temporal_ar1,0.98,2,4,Sparse-TopK Feedback Grid B=4 sm=2 tf=0.75,200,2,50,10,64,16,0.001,0.05,1.0,1.0,0.0,0.0,0.0,0.0,0.0,0.0,0.0,0.0,0.0,2.0,0.75,0.0,0.0,0.0,0.0,0.0,0.0,0.0,0,0,0,0,0,49.99,0.0,0.9998,99.0,3.575,0.08820000000000029,0.3854336345736516,16.31904683489174,0.010119672083545481,50.455,0.465,0.79,50.78,9.344841269841268,12.0,0.5768412698412698,0.0,0.0,0.0,0.0,0.0,0.0,0.0,0.0,0.0,0.0,0.0,0.0,99.32223283330539
0.0,0.0,temporal_ar1,0.98,2,4,Sparse-TopK Feedback Grid B=4 sm=3 tf=0.75,200,2,50,10,64,16,0.001,0.05,1.0,1.0,0.0,0.0,0.0,0.0,0.0,0.0,0.0,0.0,0.0,3.0,0.75,0.0,0.0,0.0,0.0,0.0,0.0,0.0,0,0,0,0,0,49.99,0.019600000000003066,0.9998,99.0,3.535,0.029399999999999808,0.3868172270634207,16.364227721522877,0.13020453773000643,50.495,0.505,0.685,50.675,9.094047619047618,16.0,0.3805277777777778,0.0,0.0,0.0,0.0,0.0,0.0,0.0,0.0,0.0,0.0,0.0,0.0,99.31037463000061
0.0,0.0,temporal_ar1,0.98,2,4,Adaptive Sparse-TopK V2 Feedback Grid B=4 bm=2 em=3 mt=0.05 pc=0.002 tf=0.75,200,2,50,10,64,16,0.001,0.05,1.0,1.0,0.0,0.0,0.0,0.0,0.0,0.0,0.0,0.0,0.0,0.0,0.75,2.0,3.0,0.05,0.002,0.02,0.5,0.02,3,0,0,0,0,49.985,0.009800000000005013,0.9997,98.5,3.6,0.05880000000000005,0.3865227714792836,16.381690082561036,0.04172671352385158,50.49,0.505,0.685,50.67,9.274801587301587,15.345682539682539,0.3978611111111111,0.0,0.8364206349206349,0.02221440476190477,0.04113099470899471,0.010916589947089949,0.48402347883597885,3.892857142857142e-05,0.008000000000000002,0.0,0.0,0.0,0.0,99.3075715134711
0.0,0.0,temporal_ar1,0.98,2,4,Learned Sparse Shortlist Feedback Grid B=4 bm=2 ex=2 tf=0.75,200,2,50,10,64,16,0.001,0.05,1.0,1.0,0.0,0.0,0.0,0.0,0.0,0.0,0.0,0.0,0.0,0.0,0.75,2.0,2.0,0.0,0.0,0.0,0.0,0.0,3,0,0,0,2,49.995,0.00979999999999805,0.9998999999999999,99.5,3.515,0.06859999999999984,0.38213144370448776,16.28624179491301,0.11218466591387495,50.435,0.44,0.725,50.72,8.51607142857143,14.0,0.45121825396825394,0.0,0.0,0.02230837301587302,0.0,0.0,0.48180092592592594,0.0,0.0,0.0,0.0,0.0,2.0,99.35021424388555
0.0,0.0,temporal_ar1,0.98,2,4,Learned Set Shortlist Feedback Grid B=4 bm=2 maxex=1 tf=0.75,200,2,50,10,64,16,0.001,0.05,1.0,1.0,0.0,0.0,0.0,0.0,0.0,0.0,0.0,0.0,0.0,0.0,0.75,2.0,2.0,0.0,0.0,0.0,0.0,0.0,3,0,0,0,1,49.99,0.0,0.9998,99.0,3.625,0.02940000000000024,0.39131015844860295,16.366324289566254,0.08863839557896987,50.555,0.565,0.765,50.755,10.685119047619047,12.950257936507937,0.5205059523809523,0.0,0.0,0.022258690476190477,0.0,0.0,0.48204596560846563,0.0,0.0,0.0,0.0,0.0,0.9502579365079364,99.29141230520719
0.0,0.0,temporal_ar1,0.98,2,4,Learned Set Shortlist Feedback Grid B=4 bm=2 maxex=2 tf=0.75,200,2,50,10,64,16,0.001,0.05,1.0,1.0,0.0,0.0,0.0,0.0,0.0,0.0,0.0,0.0,0.0,0.0,0.75,2.0,2.0,0.0,0.0,0.0,0.0,0.0,3,0,0,0,2,49.99,0.019600000000003066,0.9998,99.0,3.645,0.08819999999999985,0.3847568102419327,16.290860008000188,0.026830012565120142,50.495,0.505,0.8,50.79,9.574603174603174,13.810847222222224,0.49489285714285713,0.0,0.0,0.022672460317460317,0.0,0.0,0.4817414021164021,0.0,0.0,0.0,0.0,0.0,1.810847222222222,99.31762441157942
0.0,0.0,temporal_ar1,0.98,2,4,Stale-TopK Feedback Grid B=4,200,2,50,10,64,16,0.001,0.05,1.0,1.0,0.0,0.0,0.0,0.0,0.0,0.0,0.0,0.0,0.0,0.0,0.0,0.0,0.0,0.0,0.0,0.0,0.0,0.0,0,0,0,0,0,49.99,0.0,0.9998,99.0,3.345,0.08820000000000029,0.3750919653897361,16.322245085104804,0.048903776916838664,50.43,0.44,0.51,50.5,9.492658730158729,20.0,0.27964285714285714,0.0,0.0,0.0,0.0,0.0,0.0,0.0,0.0,0.0,0.0,0.0,0.0,99.3866249265154
0.0,0.0,temporal_ar1,0.98,2,4,Temporal Deviation Oracle B=4,200,2,50,10,64,16,0.001,0.05,1.0,1.0,0.0,0.0,0.0,0.0,0.0,0.0,0.0,0.0,0.0,0.0,0.0,0.0,0.0,0.0,0.0,0.0,0.0,0.0,0,0,0,0,0,50.0,0.0,1.0,100.0,2.885,0.029399999999999808,0.36470875657047475,16.25077495534329,0.01568881847547921,50.34,0.34,0.325,50.325,9.916666666666664,4.0,0.19833333333333336,0.0,0.0,0.0,0.0,0.0,0.0,0.0,0.0,0.0,0.0,0.0,0.0,99.47059908529653
0.0,0.0,temporal_ar1,0.98,3,4,Estimated Rotating Grid B=4,200,2,50,10,64,16,0.001,0.05,1.0,1.0,0.0,0.0,0.0,0.0,0.0,0.0,0.0,0.0,0.0,0.0,0.0,0.0,0.0,0.0,0.0,0.0,0.0,0.0,0,0,0,0,0,49.99,0.0,0.9998,99.0,3.925,0.06859999999999984,0.4034981884281649,16.686469010557524,0.17821980442957275,51.135,1.145,0.695,50.685,20.981944444444444,4.0,0.9548650793650794,0.0,0.0,0.0,0.0,0.0,0.0,0.0,0.0,0.0,0.0,0.0,0.0,99.19222141926726
0.0,0.0,temporal_ar1,0.98,3,4,Sparse-TopK Feedback Grid B=4 sm=2 tf=0.75,200,2,50,10,64,16,0.001,0.05,1.0,1.0,0.0,0.0,0.0,0.0,0.0,0.0,0.0,0.0,0.0,2.0,0.75,0.0,0.0,0.0,0.0,0.0,0.0,0.0,0,0,0,0,0,49.985,0.009800000000005013,0.9997,98.5,3.7,0.11759999999999966,0.38989099328980287,16.370680673494526,0.02427987035193247,50.515,0.53,0.84,50.825,9.906150793650792,12.0,0.5852579365079364,0.0,0.0,0.0,0.0,0.0,0.0,0.0,0.0,0.0,0.0,0.0,0.0,99.28402429676133
0.0,0.0,temporal_ar1,0.98,3,4,Sparse-TopK Feedback Grid B=4 sm=3 tf=0.75,200,2,50,10,64,16,0.001,0.05,1.0,1.0,0.0,0.0,0.0,0.0,0.0,0.0,0.0,0.0,0.0,3.0,0.75,0.0,0.0,0.0,0.0,0.0,0.0,0.0,0,0,0,0,0,49.98,0.019600000000003066,0.9995999999999999,98.0,3.61,0.05880000000000005,0.390225715478666,16.406237468678444,0.10605270364268747,50.54,0.56,0.7,50.68,9.462301587301585,16.0,0.3844940476190476,0.0,0.0,0.0,0.0,0.0,0.0,0.0,0.0,0.0,0.0,0.0,0.0,99.27016723781313
0.0,0.0,temporal_ar1,0.98,3,4,Adaptive Sparse-TopK V2 Feedback Grid B=4 bm=2 em=3 mt=0.05 pc=0.002 tf=0.75,200,2,50,10,64,16,0.001,0.05,1.0,1.0,0.0,0.0,0.0,0.0,0.0,0.0,0.0,0.0,0.0,0.0,0.75,2.0,3.0,0.05,0.002,0.02,0.5,0.02,3,0,0,0,0,49.975,0.00979999999999805,0.9995,97.5,3.67,0.019600000000000017,0.3899733296737371,16.41689362780945,0.016474587741956977,50.535,0.56,0.685,50.66,9.937896825396825,15.34513492063492,0.3998988095238095,0.0,0.8362837301587301,0.022496746031746034,0.041571421904761915,0.011074675873015876,0.4818978174603174,6.643650793650793e-05,0.008000000000000002,0.0,0.0,0.0,0.0,99.26456927767828
0.0,0.0,temporal_ar1,0.98,3,4,Learned Sparse Shortlist Feedback Grid B=4 bm=2 ex=2 tf=0.75,200,2,50,10,64,16,0.001,0.05,1.0,1.0,0.0,0.0,0.0,0.0,0.0,0.0,0.0,0.0,0.0,0.0,0.75,2.0,2.0,0.0,0.0,0.0,0.0,0.0,3,0,0,0,2,49.995,0.00979999999999805,0.9998999999999999,99.5,3.62,0.019600000000000017,0.3843026003886754,16.30161394235905,0.061711389485318256,50.455,0.46,0.755,50.75,8.84265873015873,14.0,0.4530873015873016,0.0,0.0,0.022439444444444446,0.0,0.0,0.48240112433862437,0.0,0.0,0.0,0.0,0.0,2.0,99.34397143417897
0.0,0.0,temporal_ar1,0.98,3,4,Learned Set Shortlist Feedback Grid B=4 bm=2 maxex=1 tf=0.75,200,2,50,10,64,16,0.001,0.05,1.0,1.0,0.0,0.0,0.0,0.0,0.0,0.0,0.0,0.0,0.0,0.0,0.75,2.0,2.0,0.0,0.0,0.0,0.0,0.0,3,0,0,0,1,49.985,0.009800000000005013,0.9997,98.5,3.73,0.0,0.3927154546011565,16.37850774080212,0.12533560945774197,50.585,0.6,0.805,50.79,10.98253968253968,12.943208333333333,0.5250019841269841,0.0,0.0,0.02226757936507936,0.0,0.0,0.47874074074074074,0.0,0.0,0.0,0.0,0.0,0.9432083333333332,99.26911597938403
0.0,0.0,temporal_ar1,0.98,3,4,Learned Set Shortlist Feedback Grid B=4 bm=2 maxex=2 tf=0.75,200,2,50,10,64,16,0.001,0.05,1.0,1.0,0.0,0.0,0.0,0.0,0.0,0.0,0.0,0.0,0.0,0.0,0.75,2.0,2.0,0.0,0.0,0.0,0.0,0.0,3,0,0,0,2,49.985,0.009800000000005013,0.9997,98.5,3.765,0.04899999999999982,0.387903317094375,16.325239281826672,0.17085175592616383,50.535,0.55,0.85,50.835,10.0,13.81253373015873,0.5030436507936509,0.0,0.0,0.022751111111111114,0.0,0.0,0.4789732142857143,0.0,0.0,0.0,0.0,0.0,1.8125337301587303,99.29202853927656
0.0,0.0,temporal_ar1,0.98,3,4,Stale-TopK Feedback Grid B=4,200,2,50,10,64,16,0.001,0.05,1.0,1.0,0.0,0.0,0.0,0.0,0.0,0.0,0.0,0.0,0.0,0.0,0.0,0.0,0.0,0.0,0.0,0.0,0.0,0.0,0,0,0,0,0,49.995,0.00979999999999805,0.9998999999999999,99.5,3.45,0.07840000000000007,0.3785165542802825,16.375974089191057,0.064448109087201,50.515,0.52,0.535,50.53,10.395833333333332,20.0,0.28567857142857145,0.0,0.0,0.0,0.0,0.0,0.0,0.0,0.0,0.0,0.0,0.0,0.0,99.37003304061585
0.0,0.0,temporal_ar1,0.98,3,4,Temporal Deviation Oracle B=4,200,2,50,10,64,16,0.001,0.05,1.0,1.0,0.0,0.0,0.0,0.0,0.0,0.0,0.0,0.0,0.0,0.0,0.0,0.0,0.0,0.0,0.0,0.0,0.0,0.0,0,0,0,0,0,50.0,0.0,1.0,100.0,2.895,0.02940000000000024,0.3676915519982058,16.26050523422569,0.01904632147191023,50.34,0.34,0.33,50.33,9.842857142857142,4.0,0.19842857142857143,0.0,0.0,0.0,0.0,0.0,0.0,0.0,0.0,0.0,0.0,0.0,0.0,99.46385857419351
