label,role,source_file,policy,scenario_key,channel_rho,csi_delay_slots,episodes,num_seeds,success_mean,perfect_rate,slots_mean,failed_nodes_mean,missed_opportunities_mean,failed_plus_missed_mean,true_opportunities_mean,failure_slot_rate,decision_preview_calls_per_slot_mean,oracle_tx_gap_mean,scheduled_nodes_mean,adaptive_sparse_expansion_rate,slots_delta_vs_rotating_b8,failed_delta_vs_rotating_b8,missed_delta_vs_rotating_b8,preview_delta_vs_rotating_b8,gap_delta_vs_rotating_b8
Rotating B=4,low-budget reference,sparse_topk_frontier_ep300_runs3_rho0p7-0p9-0p98_delay1-2-3_b4-8_sm2-3_tf0p75.csv,Estimated Rotating Grid B=4,"rho=0.7, delay=1",0.7,1,900,3,50.0,100.0,4.28,10.453333333333333,7.4366666666666665,17.89,57.43666666666667,65.49572310405644,4.0,3.4490767195767194,60.45333333333333,0.0,0.32444444444444454,0.12333333333333307,1.448888888888889,-4.0,0.23544047619047603
Rotating B=4,low-budget reference,sparse_topk_frontier_ep300_runs3_rho0p7-0p9-0p98_delay1-2-3_b4-8_sm2-3_tf0p75.csv,Estimated Rotating Grid B=4,"rho=0.7, delay=2",0.7,2,900,3,49.99888888888889,99.8888888888889,4.303333333333334,11.452222222222222,7.56,19.01222222222222,57.55888888888889,66.25568783068783,4.0,3.494457671957672,61.45111111111111,0.0,0.2600000000000007,-0.163333333333334,1.4866666666666664,-4.0,0.17444444444444462
Rotating B=4,low-budget reference,sparse_topk_frontier_ep300_runs3_rho0p7-0p9-0p98_delay1-2-3_b4-8_sm2-3_tf0p75.csv,Estimated Rotating Grid B=4,"rho=0.7, delay=3",0.7,3,900,3,50.0,100.0,4.202222222222222,11.777777777777779,7.26,19.037777777777777,57.26,68.06415343915344,4.0,3.5256953262786594,61.77777777777778,0.0,0.23111111111111082,-0.04888888888888765,1.3933333333333335,-4.0,0.21671825396825417
Rotating B=4,low-budget reference,sparse_topk_frontier_ep300_runs3_rho0p7-0p9-0p98_delay1-2-3_b4-8_sm2-3_tf0p75.csv,Estimated Rotating Grid B=4,"rho=0.9, delay=1",0.9,1,900,3,49.99888888888889,99.8888888888889,4.32,7.981111111111111,5.333333333333333,13.314444444444444,55.33222222222222,61.150176366843034,4.0,2.7050507054673725,57.98,0.0,0.44111111111111123,0.20555555555555483,1.0299999999999994,-4.0,0.24335493827160537
Rotating B=4,low-budget reference,sparse_topk_frontier_ep300_runs3_rho0p7-0p9-0p98_delay1-2-3_b4-8_sm2-3_tf0p75.csv,Estimated Rotating Grid B=4,"rho=0.9, delay=2",0.9,2,900,3,49.995555555555555,99.55555555555556,4.8,10.605555555555556,6.793333333333333,17.39888888888889,56.78888888888889,65.86825396825397,4.0,3.037262345679012,60.60111111111111,0.0,0.4122222222222218,-0.02111111111111086,1.3277777777777775,-4.0,0.17970943562610175
Rotating B=4,low-budget reference,sparse_topk_frontier_ep300_runs3_rho0p7-0p9-0p98_delay1-2-3_b4-8_sm2-3_tf0p75.csv,Estimated Rotating Grid B=4,"rho=0.9, delay=3",0.9,3,900,3,49.99777777777778,99.77777777777777,4.902222222222222,11.716666666666667,7.228888888888889,18.945555555555558,57.22666666666667,67.87680776014109,4.0,3.172154761904762,61.714444444444446,0.0,0.3888888888888884,-0.23666666666666636,1.4077777777777785,-4.0,0.16068959435626118
Rotating B=4,low-budget reference,sparse_topk_frontier_ep300_runs3_rho0p7-0p9-0p98_delay1-2-3_b4-8_sm2-3_tf0p75.csv,Estimated Rotating Grid B=4,"rho=0.98, delay=1",0.98,1,900,3,50.0,100.0,3.7622222222222224,3.611111111111111,2.321111111111111,5.932222222222222,52.32111111111111,47.583201058201055,4.0,1.7091666666666667,53.611111111111114,0.0,0.38222222222222246,0.06222222222222218,0.5377777777777777,-4.0,0.3154735449735453
Rotating B=4,low-budget reference,sparse_topk_frontier_ep300_runs3_rho0p7-0p9-0p98_delay1-2-3_b4-8_sm2-3_tf0p75.csv,Estimated Rotating Grid B=4,"rho=0.98, delay=2",0.98,2,900,3,50.0,100.0,4.163333333333333,5.4511111111111115,3.316666666666667,8.767777777777779,53.31666666666667,55.281172839506176,4.0,2.061637566137566,55.45111111111111,0.0,0.42111111111111077,0.005555555555555536,0.6833333333333336,-4.0,0.27884259259259236
Rotating B=4,low-budget reference,sparse_topk_frontier_ep300_runs3_rho0p7-0p9-0p98_delay1-2-3_b4-8_sm2-3_tf0p75.csv,Estimated Rotating Grid B=4,"rho=0.98, delay=3",0.98,3,900,3,49.99444444444445,99.44444444444444,4.484444444444445,6.921111111111111,4.164444444444444,11.085555555555555,54.15888888888889,59.50895061728395,4.0,2.2732570546737216,56.91555555555556,0.0,0.42555555555555546,0.13888888888888928,0.8766666666666665,-4.0,0.25906481481481514
Rotating B=8,low-cost deployment baseline,sparse_topk_frontier_ep300_runs3_rho0p7-0p9-0p98_delay1-2-3_b4-8_sm2-3_tf0p75.csv,Estimated Rotating Grid B=8,"rho=0.7, delay=1",0.7,1,900,3,50.0,100.0,3.9555555555555557,10.33,5.987777777777778,16.317777777777778,55.98777777777778,67.05251322751322,8.0,3.2136362433862433,60.33,0.0,0.0,0.0,0.0,0.0,0.0
Rotating B=8,low-cost deployment baseline,sparse_topk_frontier_ep300_runs3_rho0p7-0p9-0p98_delay1-2-3_b4-8_sm2-3_tf0p75.csv,Estimated Rotating Grid B=8,"rho=0.7, delay=2",0.7,2,900,3,50.0,100.0,4.043333333333333,11.615555555555556,6.073333333333333,17.68888888888889,56.07333333333333,68.61459435626102,8.0,3.3200132275132272,61.61555555555555,0.0,0.0,0.0,0.0,0.0,0.0
Rotating B=8,low-cost deployment baseline,sparse_topk_frontier_ep300_runs3_rho0p7-0p9-0p98_delay1-2-3_b4-8_sm2-3_tf0p75.csv,Estimated Rotating Grid B=8,"rho=0.7, delay=3",0.7,3,900,3,50.0,100.0,3.971111111111111,11.826666666666666,5.866666666666666,17.69333333333333,55.86666666666667,69.81701940035275,8.0,3.3089770723104053,61.82666666666667,0.0,0.0,0.0,0.0,0.0,0.0
Rotating B=8,low-cost deployment baseline,sparse_topk_frontier_ep300_runs3_rho0p7-0p9-0p98_delay1-2-3_b4-8_sm2-3_tf0p75.csv,Estimated Rotating Grid B=8,"rho=0.9, delay=1",0.9,1,900,3,50.0,100.0,3.878888888888889,7.775555555555556,4.303333333333334,12.07888888888889,54.303333333333335,62.743121693121694,8.0,2.461695767195767,57.775555555555556,0.0,0.0,0.0,0.0,0.0,0.0
Rotating B=8,low-cost deployment baseline,sparse_topk_frontier_ep300_runs3_rho0p7-0p9-0p98_delay1-2-3_b4-8_sm2-3_tf0p75.csv,Estimated Rotating Grid B=8,"rho=0.9, delay=2",0.9,2,900,3,49.99888888888889,99.8888888888889,4.387777777777778,10.626666666666667,5.4655555555555555,16.092222222222222,55.464444444444446,68.53333333333332,8.0,2.8575529100529105,60.62555555555556,0.0,0.0,0.0,0.0,0.0,0.0
Rotating B=8,low-cost deployment baseline,sparse_topk_frontier_ep300_runs3_rho0p7-0p9-0p98_delay1-2-3_b4-8_sm2-3_tf0p75.csv,Estimated Rotating Grid B=8,"rho=0.9, delay=3",0.9,3,900,3,50.0,100.0,4.513333333333334,11.953333333333333,5.821111111111111,17.774444444444445,55.82111111111111,71.11238977072311,8.0,3.0114651675485007,61.95333333333333,0.0,0.0,0.0,0.0,0.0,0.0
Rotating B=8,low-cost deployment baseline,sparse_topk_frontier_ep300_runs3_rho0p7-0p9-0p98_delay1-2-3_b4-8_sm2-3_tf0p75.csv,Estimated Rotating Grid B=8,"rho=0.98, delay=1",0.98,1,900,3,50.0,100.0,3.38,3.548888888888889,1.7833333333333334,5.332222222222223,51.78333333333333,49.44920634920635,8.0,1.3936931216931214,53.54888888888889,0.0,0.0,0.0,0.0,0.0,0.0
Rotating B=8,low-cost deployment baseline,sparse_topk_frontier_ep300_runs3_rho0p7-0p9-0p98_delay1-2-3_b4-8_sm2-3_tf0p75.csv,Estimated Rotating Grid B=8,"rho=0.98, delay=2",0.98,2,900,3,50.0,100.0,3.7422222222222223,5.445555555555556,2.6333333333333333,8.078888888888889,52.63333333333333,56.713359788359796,8.0,1.7827949735449735,55.44555555555556,0.0,0.0,0.0,0.0,0.0,0.0
Rotating B=8,low-cost deployment baseline,sparse_topk_frontier_ep300_runs3_rho0p7-0p9-0p98_delay1-2-3_b4-8_sm2-3_tf0p75.csv,Estimated Rotating Grid B=8,"rho=0.98, delay=3",0.98,3,900,3,49.99888888888889,99.8888888888889,4.058888888888889,6.782222222222222,3.287777777777778,10.07,53.28666666666667,61.64074074074074,8.0,2.0141922398589065,56.78111111111111,0.0,0.0,0.0,0.0,0.0,0.0
Adaptive V2 pc=0.005,adaptive continuum point,adaptive_sparse_topk_v2_pilot_ep100_runs2_rho0p7-0p9-0p98_delay1-2-3_b4_mt0p02-0p05_pc0-0p002-0p005-0p01.csv,Adaptive Sparse-TopK V2 Feedback Grid B=4 bm=2 em=3 mt=0.05 pc=0.005 tf=0.75,"rho=0.7, delay=1",0.7,1,200,2,50.0,100.0,3.74,6.22,9.155,15.375,59.155,48.99761904761905,14.345809523809523,3.1122261904761905,56.22,0.586452380952381,-0.2155555555555555,-4.11,3.1672222222222217,6.345809523809523,-0.10141005291005278
Adaptive V2 pc=0.005,adaptive continuum point,adaptive_sparse_topk_v2_pilot_ep100_runs2_rho0p7-0p9-0p98_delay1-2-3_b4_mt0p02-0p05_pc0-0p002-0p005-0p01.csv,Adaptive Sparse-TopK V2 Feedback Grid B=4 bm=2 em=3 mt=0.05 pc=0.005 tf=0.75,"rho=0.7, delay=2",0.7,2,200,2,50.0,100.0,3.84,7.355,9.295,16.65,59.295,53.836904761904755,15.282190476190475,3.171607142857143,57.355,0.8205476190476191,-0.20333333333333314,-4.260555555555555,3.2216666666666667,7.282190476190475,-0.1484060846560844
Adaptive V2 pc=0.005,adaptive continuum point,adaptive_sparse_topk_v2_pilot_ep100_runs2_rho0p7-0p9-0p98_delay1-2-3_b4_mt0p02-0p05_pc0-0p002-0p005-0p01.csv,Adaptive Sparse-TopK V2 Feedback Grid B=4 bm=2 em=3 mt=0.05 pc=0.005 tf=0.75,"rho=0.7, delay=3",0.7,3,200,2,50.0,100.0,3.6,7.12,8.79,15.91,58.79,54.25952380952381,15.350333333333333,3.200154761904762,57.12,0.8375833333333332,-0.37111111111111095,-4.706666666666666,2.923333333333333,7.350333333333333,-0.10882231040564339
Adaptive V2 pc=0.005,adaptive continuum point,adaptive_sparse_topk_v2_pilot_ep100_runs2_rho0p7-0p9-0p98_delay1-2-3_b4_mt0p02-0p05_pc0-0p002-0p005-0p01.csv,Adaptive Sparse-TopK V2 Feedback Grid B=4 bm=2 em=3 mt=0.05 pc=0.005 tf=0.75,"rho=0.9, delay=1",0.9,1,200,2,50.0,100.0,3.73,4.655,6.43,11.085,56.43,49.49642857142857,14.27290476190476,2.2610595238095237,54.655,0.5682261904761905,-0.14888888888888907,-3.1205555555555557,2.126666666666666,6.27290476190476,-0.20063624338624342
Adaptive V2 pc=0.005,adaptive continuum point,adaptive_sparse_topk_v2_pilot_ep100_runs2_rho0p7-0p9-0p98_delay1-2-3_b4_mt0p02-0p05_pc0-0p002-0p005-0p01.csv,Adaptive Sparse-TopK V2 Feedback Grid B=4 bm=2 em=3 mt=0.05 pc=0.005 tf=0.75,"rho=0.9, delay=2",0.9,2,200,2,49.995,99.5,4.16,5.79,8.46,14.25,58.455,50.81587301587302,14.45595238095238,2.681202380952381,55.785,0.6139880952380952,-0.22777777777777786,-4.836666666666667,2.9944444444444454,6.455952380952381,-0.1763505291005294
Adaptive V2 pc=0.005,adaptive continuum point,adaptive_sparse_topk_v2_pilot_ep100_runs2_rho0p7-0p9-0p98_delay1-2-3_b4_mt0p02-0p05_pc0-0p002-0p005-0p01.csv,Adaptive Sparse-TopK V2 Feedback Grid B=4 bm=2 em=3 mt=0.05 pc=0.005 tf=0.75,"rho=0.9, delay=3",0.9,3,200,2,49.995,99.5,4.205,6.69,8.945,15.635000000000002,58.94,54.334920634920636,14.49961111111111,2.8469365079365083,56.685,0.6249027777777778,-0.30833333333333357,-5.263333333333333,3.1238888888888896,6.4996111111111095,-0.16452865961199237
Adaptive V2 pc=0.005,adaptive continuum point,adaptive_sparse_topk_v2_pilot_ep100_runs2_rho0p7-0p9-0p98_delay1-2-3_b4_mt0p02-0p05_pc0-0p002-0p005-0p01.csv,Adaptive Sparse-TopK V2 Feedback Grid B=4 bm=2 em=3 mt=0.05 pc=0.005 tf=0.75,"rho=0.98, delay=1",0.98,1,200,2,49.995,99.5,3.61,2.22,3.01,5.23,53.005,35.42579365079365,14.217484126984127,1.2704781746031746,52.215,0.5543710317460316,0.22999999999999998,-1.3288888888888888,1.2266666666666663,6.217484126984127,-0.12321494708994685
Adaptive V2 pc=0.005,adaptive continuum point,adaptive_sparse_topk_v2_pilot_ep100_runs2_rho0p7-0p9-0p98_delay1-2-3_b4_mt0p02-0p05_pc0-0p002-0p005-0p01.csv,Adaptive Sparse-TopK V2 Feedback Grid B=4 bm=2 em=3 mt=0.05 pc=0.005 tf=0.75,"rho=0.98, delay=2",0.98,2,200,2,49.99,99.0,3.805,3.145,4.295,7.4399999999999995,54.285,42.07876984126984,14.32368253968254,1.608575396825397,53.135,0.5809206349206348,0.06277777777777782,-2.300555555555556,1.6616666666666666,6.32368253968254,-0.17421957671957644
Adaptive V2 pc=0.005,adaptive continuum point,adaptive_sparse_topk_v2_pilot_ep100_runs2_rho0p7-0p9-0p98_delay1-2-3_b4_mt0p02-0p05_pc0-0p002-0p005-0p01.csv,Adaptive Sparse-TopK V2 Feedback Grid B=4 bm=2 em=3 mt=0.05 pc=0.005 tf=0.75,"rho=0.98, delay=3",0.98,3,200,2,49.99,99.0,4.02,3.895,5.215,9.11,55.205,46.099801587301585,14.342992063492066,1.7985654761904764,53.885,0.5857480158730158,-0.03888888888888964,-2.887222222222222,1.927222222222222,6.342992063492066,-0.21562676366843014
Adaptive V2 pc=0.002,adaptive high-quality point,adaptive_sparse_topk_v2_pilot_ep100_runs2_rho0p7-0p9-0p98_delay1-2-3_b4_mt0p02-0p05_pc0-0p002-0p005-0p01.csv,Adaptive Sparse-TopK V2 Feedback Grid B=4 bm=2 em=3 mt=0.05 pc=0.002 tf=0.75,"rho=0.7, delay=1",0.7,1,200,2,50.0,100.0,3.69,6.085,8.795,14.879999999999999,58.795,48.6547619047619,15.220809523809523,3.0150238095238096,56.085,0.805202380952381,-0.26555555555555577,-4.245,2.8072222222222223,7.220809523809523,-0.19861243386243377
Adaptive V2 pc=0.002,adaptive high-quality point,adaptive_sparse_topk_v2_pilot_ep100_runs2_rho0p7-0p9-0p98_delay1-2-3_b4_mt0p02-0p05_pc0-0p002-0p005-0p01.csv,Adaptive Sparse-TopK V2 Feedback Grid B=4 bm=2 em=3 mt=0.05 pc=0.002 tf=0.75,"rho=0.7, delay=2",0.7,2,200,2,50.0,100.0,3.835,7.34,9.29,16.63,59.29,53.62142857142857,15.344761904761906,3.1680714285714284,57.34,0.8361904761904762,-0.20833333333333304,-4.275555555555556,3.216666666666666,7.344761904761906,-0.15194179894179882
Adaptive V2 pc=0.002,adaptive high-quality point,adaptive_sparse_topk_v2_pilot_ep100_runs2_rho0p7-0p9-0p98_delay1-2-3_b4_mt0p02-0p05_pc0-0p002-0p005-0p01.csv,Adaptive Sparse-TopK V2 Feedback Grid B=4 bm=2 em=3 mt=0.05 pc=0.002 tf=0.75,"rho=0.7, delay=3",0.7,3,200,2,50.0,100.0,3.6,7.12,8.79,15.91,58.79,54.25952380952381,15.361999999999998,3.200154761904762,57.12,0.8405,-0.37111111111111095,-4.706666666666666,2.923333333333333,7.361999999999998,-0.10882231040564339
Adaptive V2 pc=0.002,adaptive high-quality point,adaptive_sparse_topk_v2_pilot_ep100_runs2_rho0p7-0p9-0p98_delay1-2-3_b4_mt0p02-0p05_pc0-0p002-0p005-0p01.csv,Adaptive Sparse-TopK V2 Feedback Grid B=4 bm=2 em=3 mt=0.05 pc=0.002 tf=0.75,"rho=0.9, delay=1",0.9,1,200,2,50.0,100.0,3.66,4.665,6.275,10.940000000000001,56.275,49.65714285714286,15.162142857142856,2.225357142857143,54.665,0.7905357142857143,-0.2188888888888889,-3.110555555555556,1.9716666666666667,7.162142857142856,-0.2363386243386243
Adaptive V2 pc=0.002,adaptive high-quality point,adaptive_sparse_topk_v2_pilot_ep100_runs2_rho0p7-0p9-0p98_delay1-2-3_b4_mt0p02-0p05_pc0-0p002-0p005-0p01.csv,Adaptive Sparse-TopK V2 Feedback Grid B=4 bm=2 em=3 mt=0.05 pc=0.002 tf=0.75,"rho=0.9, delay=2",0.9,2,200,2,49.995,99.5,4.085,5.83,8.165,13.995,58.16,51.30396825396824,15.21790476190476,2.6454047619047616,55.825,0.8044761904761905,-0.30277777777777803,-4.796666666666667,2.6994444444444436,7.2179047619047605,-0.21214814814814886
Adaptive V2 pc=0.002,adaptive high-quality point,adaptive_sparse_topk_v2_pilot_ep100_runs2_rho0p7-0p9-0p98_delay1-2-3_b4_mt0p02-0p05_pc0-0p002-0p005-0p01.csv,Adaptive Sparse-TopK V2 Feedback Grid B=4 bm=2 em=3 mt=0.05 pc=0.002 tf=0.75,"rho=0.9, delay=3",0.9,3,200,2,50.0,100.0,4.1,6.815,8.57,15.385000000000002,58.57,55.54484126984127,15.379944444444446,2.819545634920635,56.815,0.8449861111111112,-0.413333333333334,-5.138333333333333,2.7488888888888896,7.379944444444446,-0.19191953262786576
Adaptive V2 pc=0.002,adaptive high-quality point,adaptive_sparse_topk_v2_pilot_ep100_runs2_rho0p7-0p9-0p98_delay1-2-3_b4_mt0p02-0p05_pc0-0p002-0p005-0p01.csv,Adaptive Sparse-TopK V2 Feedback Grid B=4 bm=2 em=3 mt=0.05 pc=0.002 tf=0.75,"rho=0.98, delay=1",0.98,1,200,2,49.99,99.0,3.595,2.245,2.915,5.16,52.905,36.27162698412698,15.20892857142857,1.1838948412698411,52.235,0.8022321428571427,0.2150000000000003,-1.3038888888888889,1.1316666666666666,7.2089285714285705,-0.2097982804232803
Adaptive V2 pc=0.002,adaptive high-quality point,adaptive_sparse_topk_v2_pilot_ep100_runs2_rho0p7-0p9-0p98_delay1-2-3_b4_mt0p02-0p05_pc0-0p002-0p005-0p01.csv,Adaptive Sparse-TopK V2 Feedback Grid B=4 bm=2 em=3 mt=0.05 pc=0.002 tf=0.75,"rho=0.98, delay=2",0.98,2,200,2,49.99,99.0,3.79,3.27,4.075,7.345000000000001,54.065,43.91388888888889,15.316666666666665,1.5386706349206352,53.26,0.8291666666666666,0.0477777777777777,-2.175555555555556,1.4416666666666669,7.316666666666665,-0.24412433862433836
Adaptive V2 pc=0.002,adaptive high-quality point,adaptive_sparse_topk_v2_pilot_ep100_runs2_rho0p7-0p9-0p98_delay1-2-3_b4_mt0p02-0p05_pc0-0p002-0p005-0p01.csv,Adaptive Sparse-TopK V2 Feedback Grid B=4 bm=2 em=3 mt=0.05 pc=0.002 tf=0.75,"rho=0.98, delay=3",0.98,3,200,2,49.995,99.5,3.975,4.04,5.025,9.065000000000001,55.02,47.207539682539675,15.229214285714283,1.765184523809524,54.035,0.8073035714285715,-0.08388888888888912,-2.742222222222222,1.7372222222222224,7.229214285714283,-0.24900771604938243
Sparse-TopK B=4 sm=3,reportable medium-cost baseline,sparse_topk_frontier_ep300_runs3_rho0p7-0p9-0p98_delay1-2-3_b4-8_sm2-3_tf0p75.csv,Sparse-TopK Feedback Grid B=4 sm=3 tf=0.75,"rho=0.7, delay=1",0.7,1,900,3,50.0,100.0,3.69,6.278888888888889,8.46,14.73888888888889,58.46,50.6844356261023,16.0,2.9664797178130513,56.278888888888886,0.0,-0.26555555555555577,-4.051111111111111,2.472222222222223,8.0,-0.247156525573192
Sparse-TopK B=4 sm=3,reportable medium-cost baseline,sparse_topk_frontier_ep300_runs3_rho0p7-0p9-0p98_delay1-2-3_b4-8_sm2-3_tf0p75.csv,Sparse-TopK Feedback Grid B=4 sm=3 tf=0.75,"rho=0.7, delay=2",0.7,2,900,3,50.0,100.0,3.792222222222222,7.128888888888889,8.82,15.948888888888888,58.82,54.89669312169312,16.0,3.0490714285714287,57.12888888888889,0.0,-0.25111111111111084,-4.486666666666667,2.746666666666667,8.0,-0.2709417989417986
Sparse-TopK B=4 sm=3,reportable medium-cost baseline,sparse_topk_frontier_ep300_runs3_rho0p7-0p9-0p98_delay1-2-3_b4-8_sm2-3_tf0p75.csv,Sparse-TopK Feedback Grid B=4 sm=3 tf=0.75,"rho=0.7, delay=3",0.7,3,900,3,50.0,100.0,3.5955555555555554,7.203333333333333,8.342222222222222,15.545555555555556,58.34222222222222,56.072883597883596,16.0,3.07539417989418,57.20333333333333,0.0,-0.37555555555555564,-4.623333333333333,2.475555555555556,8.0,-0.2335828924162251
Sparse-TopK B=4 sm=3,reportable medium-cost baseline,sparse_topk_frontier_ep300_runs3_rho0p7-0p9-0p98_delay1-2-3_b4-8_sm2-3_tf0p75.csv,Sparse-TopK Feedback Grid B=4 sm=3 tf=0.75,"rho=0.9, delay=1",0.9,1,900,3,50.0,100.0,3.658888888888889,4.568888888888889,6.111111111111111,10.68,56.111111111111114,48.24761904761905,16.0,2.1826089065255734,54.568888888888885,0.0,-0.2200000000000002,-3.206666666666667,1.807777777777777,8.0,-0.2790868606701937
Sparse-TopK B=4 sm=3,reportable medium-cost baseline,sparse_topk_frontier_ep300_runs3_rho0p7-0p9-0p98_delay1-2-3_b4-8_sm2-3_tf0p75.csv,Sparse-TopK Feedback Grid B=4 sm=3 tf=0.75,"rho=0.9, delay=2",0.9,2,900,3,49.99666666666667,99.66666666666667,4.09,6.184444444444445,7.851111111111111,14.035555555555556,57.84777777777778,52.33994708994709,16.0,2.5861261022927686,56.181111111111115,0.0,-0.29777777777777814,-4.442222222222222,2.3855555555555554,8.0,-0.27142680776014183
Sparse-TopK B=4 sm=3,reportable medium-cost baseline,sparse_topk_frontier_ep300_runs3_rho0p7-0p9-0p98_delay1-2-3_b4-8_sm2-3_tf0p75.csv,Sparse-TopK Feedback Grid B=4 sm=3 tf=0.75,"rho=0.9, delay=3",0.9,3,900,3,49.99888888888889,99.8888888888889,4.138888888888889,6.916666666666667,8.418888888888889,15.335555555555555,58.41777777777778,55.38765432098764,16.0,2.707268959435626,56.91555555555556,0.0,-0.37444444444444436,-5.036666666666666,2.597777777777778,8.0,-0.3041962081128746
Sparse-TopK B=4 sm=3,reportable medium-cost baseline,sparse_topk_frontier_ep300_runs3_rho0p7-0p9-0p98_delay1-2-3_b4-8_sm2-3_tf0p75.csv,Sparse-TopK Feedback Grid B=4 sm=3 tf=0.75,"rho=0.98, delay=1",0.98,1,900,3,49.99777777777778,99.77777777777777,3.3555555555555556,2.033333333333333,2.7911111111111113,4.8244444444444445,52.78888888888889,35.78355379188713,16.0,1.1642235449735452,52.03111111111111,0.0,-0.02444444444444427,-1.5155555555555558,1.0077777777777779,8.0,-0.22946957671957624
Sparse-TopK B=4 sm=3,reportable medium-cost baseline,sparse_topk_frontier_ep300_runs3_rho0p7-0p9-0p98_delay1-2-3_b4-8_sm2-3_tf0p75.csv,Sparse-TopK Feedback Grid B=4 sm=3 tf=0.75,"rho=0.98, delay=2",0.98,2,900,3,49.995555555555555,99.55555555555556,3.6866666666666665,3.14,4.0311111111111115,7.171111111111111,54.026666666666664,43.13796296296296,16.0,1.5166446208112874,53.135555555555555,0.0,-0.0555555555555558,-2.305555555555556,1.3977777777777782,8.0,-0.26615035273368615
Sparse-TopK B=4 sm=3,reportable medium-cost baseline,sparse_topk_frontier_ep300_runs3_rho0p7-0p9-0p98_delay1-2-3_b4-8_sm2-3_tf0p75.csv,Sparse-TopK Feedback Grid B=4 sm=3 tf=0.75,"rho=0.98, delay=3",0.98,3,900,3,49.99,99.0,3.917777777777778,3.9955555555555557,4.957777777777777,8.953333333333333,54.94777777777778,47.43364197530863,16.0,1.7566697530864197,53.98555555555556,0.0,-0.1411111111111114,-2.786666666666666,1.6699999999999995,8.0,-0.2575224867724868
Coverage-Aware B=4 cw=0.5 cpw=0,same-cost B=4 coverage reference,coverage_sparse_topk_frontier_ep300_runs3_rho0p7-0p9-0p98_delay1-2-3_b4_sm3_tf0p75_cw0p5_cpw0.csv,Coverage-Aware Sparse-TopK Feedback Grid B=4 sm=3 tf=0.75 cw=0.5 cpw=0,"rho=0.7, delay=1",0.7,1,900,3,50.0,100.0,3.55,6.26,7.706666666666667,13.966666666666667,57.70666666666666,52.425925925925924,16.0,2.834092592592593,56.26,0.0,-0.4055555555555559,-4.07,1.7188888888888894,8.0,-0.3795436507936505
Coverage-Aware B=4 cw=0.5 cpw=0,same-cost B=4 coverage reference,coverage_sparse_topk_frontier_ep300_runs3_rho0p7-0p9-0p98_delay1-2-3_b4_sm3_tf0p75_cw0p5_cpw0.csv,Coverage-Aware Sparse-TopK Feedback Grid B=4 sm=3 tf=0.75 cw=0.5 cpw=0,"rho=0.7, delay=2",0.7,2,900,3,50.0,100.0,3.5588888888888888,7.177777777777778,7.542222222222223,14.72,57.54222222222222,56.08403880070547,16.0,2.886970899470899,57.17777777777778,0.0,-0.48444444444444423,-4.437777777777778,1.4688888888888894,8.0,-0.43304232804232834
Coverage-Aware B=4 cw=0.5 cpw=0,same-cost B=4 coverage reference,coverage_sparse_topk_frontier_ep300_runs3_rho0p7-0p9-0p98_delay1-2-3_b4_sm3_tf0p75_cw0p5_cpw0.csv,Coverage-Aware Sparse-TopK Feedback Grid B=4 sm=3 tf=0.75 cw=0.5 cpw=0,"rho=0.7, delay=3",0.7,3,900,3,50.0,100.0,3.3944444444444444,7.318888888888889,7.326666666666667,14.645555555555557,57.32666666666667,58.93492063492064,16.0,2.9348862433862437,57.318888888888885,0.0,-0.5766666666666667,-4.507777777777777,1.4600000000000009,8.0,-0.37409082892416157
Coverage-Aware B=4 cw=0.5 cpw=0,same-cost B=4 coverage reference,coverage_sparse_topk_frontier_ep300_runs3_rho0p7-0p9-0p98_delay1-2-3_b4_sm3_tf0p75_cw0p5_cpw0.csv,Coverage-Aware Sparse-TopK Feedback Grid B=4 sm=3 tf=0.75 cw=0.5 cpw=0,"rho=0.9, delay=1",0.9,1,900,3,50.0,100.0,3.641111111111111,4.511111111111111,5.915555555555556,10.426666666666666,55.91555555555556,47.65639329805996,16.0,2.102042328042328,54.51111111111111,0.0,-0.2377777777777781,-3.264444444444445,1.612222222222222,8.0,-0.35965343915343917
Coverage-Aware B=4 cw=0.5 cpw=0,same-cost B=4 coverage reference,coverage_sparse_topk_frontier_ep300_runs3_rho0p7-0p9-0p98_delay1-2-3_b4_sm3_tf0p75_cw0p5_cpw0.csv,Coverage-Aware Sparse-TopK Feedback Grid B=4 sm=3 tf=0.75 cw=0.5 cpw=0,"rho=0.9, delay=2",0.9,2,900,3,49.99666666666667,99.66666666666667,3.9522222222222223,6.283333333333333,7.26,13.543333333333333,57.25666666666667,53.78425925925926,16.0,2.491103174603175,56.28,0.0,-0.4355555555555557,-4.343333333333334,1.7944444444444443,8.0,-0.3664497354497356
Coverage-Aware B=4 cw=0.5 cpw=0,same-cost B=4 coverage reference,coverage_sparse_topk_frontier_ep300_runs3_rho0p7-0p9-0p98_delay1-2-3_b4_sm3_tf0p75_cw0p5_cpw0.csv,Coverage-Aware Sparse-TopK Feedback Grid B=4 sm=3 tf=0.75 cw=0.5 cpw=0,"rho=0.9, delay=3",0.9,3,900,3,49.99777777777778,99.77777777777777,3.94,6.946666666666666,7.488888888888889,14.435555555555556,57.486666666666665,57.37852733686067,16.0,2.579752204585538,56.94444444444444,0.0,-0.5733333333333337,-5.006666666666667,1.6677777777777782,8.0,-0.4317129629629628
Coverage-Aware B=4 cw=0.5 cpw=0,same-cost B=4 coverage reference,coverage_sparse_topk_frontier_ep300_runs3_rho0p7-0p9-0p98_delay1-2-3_b4_sm3_tf0p75_cw0p5_cpw0.csv,Coverage-Aware Sparse-TopK Feedback Grid B=4 sm=3 tf=0.75 cw=0.5 cpw=0,"rho=0.98, delay=1",0.98,1,900,3,49.99777777777778,99.77777777777777,3.316666666666667,1.9844444444444445,2.9155555555555557,4.9,52.913333333333334,35.450661375661376,16.0,1.1691525573192243,51.98222222222222,0.0,-0.06333333333333302,-1.5644444444444445,1.1322222222222222,8.0,-0.22454056437389713
Coverage-Aware B=4 cw=0.5 cpw=0,same-cost B=4 coverage reference,coverage_sparse_topk_frontier_ep300_runs3_rho0p7-0p9-0p98_delay1-2-3_b4_sm3_tf0p75_cw0p5_cpw0.csv,Coverage-Aware Sparse-TopK Feedback Grid B=4 sm=3 tf=0.75 cw=0.5 cpw=0,"rho=0.98, delay=2",0.98,2,900,3,49.995555555555555,99.55555555555556,3.618888888888889,3.046666666666667,4.1322222222222225,7.178888888888889,54.12777777777778,42.802204585537915,16.0,1.4983659611992945,53.04222222222222,0.0,-0.12333333333333352,-2.398888888888889,1.4988888888888892,8.0,-0.28442901234567897
Coverage-Aware B=4 cw=0.5 cpw=0,same-cost B=4 coverage reference,coverage_sparse_topk_frontier_ep300_runs3_rho0p7-0p9-0p98_delay1-2-3_b4_sm3_tf0p75_cw0p5_cpw0.csv,Coverage-Aware Sparse-TopK Feedback Grid B=4 sm=3 tf=0.75 cw=0.5 cpw=0,"rho=0.98, delay=3",0.98,3,900,3,49.99111111111111,99.11111111111111,3.8666666666666667,3.9144444444444444,4.906666666666666,8.821111111111112,54.897777777777776,47.431261022927686,16.0,1.7180947971781304,53.90555555555556,0.0,-0.19222222222222252,-2.8677777777777775,1.6188888888888884,8.0,-0.2960974426807761
Coverage-Aware B=3 sm=4.1 cw=0.5 cpw=0,current budget-split refinement,coverage_budget_split_selected_ep300_runs3_rho0p7-0p9-0p98_delay1-2-3_b3_sm4p1_tf0p75_cw0p5_cpw0.csv,Coverage-Aware Sparse-TopK Feedback Grid B=3 sm=4.1 tf=0.75 cw=0.5 cpw=0,"rho=0.7, delay=1",0.7,1,900,3,50.0,100.0,3.526666666666667,7.003333333333333,6.905555555555556,13.908888888888889,56.90555555555556,56.605026455026454,16.0,2.8270132275132274,57.00333333333333,0.0,-0.4288888888888889,-3.326666666666667,0.9177777777777782,8.0,-0.38662301587301595
Coverage-Aware B=3 sm=4.1 cw=0.5 cpw=0,current budget-split refinement,coverage_budget_split_selected_ep300_runs3_rho0p7-0p9-0p98_delay1-2-3_b3_sm4p1_tf0p75_cw0p5_cpw0.csv,Coverage-Aware Sparse-TopK Feedback Grid B=3 sm=4.1 tf=0.75 cw=0.5 cpw=0,"rho=0.7, delay=2",0.7,2,900,3,50.0,100.0,3.55,7.912222222222222,6.687777777777778,14.6,56.687777777777775,60.400132275132265,16.0,2.819006613756614,57.91222222222222,0.0,-0.4933333333333332,-3.703333333333334,0.6144444444444446,8.0,-0.5010066137566134
Coverage-Aware B=3 sm=4.1 cw=0.5 cpw=0,current budget-split refinement,coverage_budget_split_selected_ep300_runs3_rho0p7-0p9-0p98_delay1-2-3_b3_sm4p1_tf0p75_cw0p5_cpw0.csv,Coverage-Aware Sparse-TopK Feedback Grid B=3 sm=4.1 tf=0.75 cw=0.5 cpw=0,"rho=0.7, delay=3",0.7,3,900,3,50.0,100.0,3.453333333333333,8.016666666666667,6.551111111111111,14.567777777777778,56.55111111111111,62.75608465608467,16.0,2.882153439153439,58.016666666666666,0.0,-0.5177777777777779,-3.8099999999999987,0.6844444444444449,8.0,-0.42682363315696614
Coverage-Aware B=3 sm=4.1 cw=0.5 cpw=0,current budget-split refinement,coverage_budget_split_selected_ep300_runs3_rho0p7-0p9-0p98_delay1-2-3_b3_sm4p1_tf0p75_cw0p5_cpw0.csv,Coverage-Aware Sparse-TopK Feedback Grid B=3 sm=4.1 tf=0.75 cw=0.5 cpw=0,"rho=0.9, delay=1",0.9,1,900,3,50.0,100.0,3.526666666666667,5.0377777777777775,5.223333333333334,10.261111111111111,55.223333333333336,51.66631393298059,16.0,2.1075,55.03777777777778,0.0,-0.3522222222222222,-2.7377777777777785,0.9199999999999999,8.0,-0.3541957671957672
Coverage-Aware B=3 sm=4.1 cw=0.5 cpw=0,current budget-split refinement,coverage_budget_split_selected_ep300_runs3_rho0p7-0p9-0p98_delay1-2-3_b3_sm4p1_tf0p75_cw0p5_cpw0.csv,Coverage-Aware Sparse-TopK Feedback Grid B=3 sm=4.1 tf=0.75 cw=0.5 cpw=0,"rho=0.9, delay=2",0.9,2,900,3,49.99888888888889,99.8888888888889,3.91,6.874444444444444,6.461111111111111,13.335555555555555,56.46,58.597751322751314,16.0,2.4513443562610227,56.873333333333335,0.0,-0.47777777777777786,-3.7522222222222226,0.9955555555555557,8.0,-0.4062085537918878
Coverage-Aware B=3 sm=4.1 cw=0.5 cpw=0,current budget-split refinement,coverage_budget_split_selected_ep300_runs3_rho0p7-0p9-0p98_delay1-2-3_b3_sm4p1_tf0p75_cw0p5_cpw0.csv,Coverage-Aware Sparse-TopK Feedback Grid B=3 sm=4.1 tf=0.75 cw=0.5 cpw=0,"rho=0.9, delay=3",0.9,3,900,3,50.0,100.0,3.9788888888888887,7.804444444444444,6.708888888888889,14.513333333333332,56.708888888888886,62.30643738977072,16.0,2.571214726631393,57.80444444444444,0.0,-0.5344444444444449,-4.148888888888889,0.887777777777778,8.0,-0.4402504409171075
Coverage-Aware B=3 sm=4.1 cw=0.5 cpw=0,current budget-split refinement,coverage_budget_split_selected_ep300_runs3_rho0p7-0p9-0p98_delay1-2-3_b3_sm4p1_tf0p75_cw0p5_cpw0.csv,Coverage-Aware Sparse-TopK Feedback Grid B=3 sm=4.1 tf=0.75 cw=0.5 cpw=0,"rho=0.98, delay=1",0.98,1,900,3,50.0,100.0,3.2055555555555557,2.0677777777777777,2.58,4.647777777777778,52.58,37.34462081128748,16.0,1.0946882716049382,52.06777777777778,0.0,-0.17444444444444418,-1.4811111111111113,0.7966666666666666,8.0,-0.2990048500881832
Coverage-Aware B=3 sm=4.1 cw=0.5 cpw=0,current budget-split refinement,coverage_budget_split_selected_ep300_runs3_rho0p7-0p9-0p98_delay1-2-3_b3_sm4p1_tf0p75_cw0p5_cpw0.csv,Coverage-Aware Sparse-TopK Feedback Grid B=3 sm=4.1 tf=0.75 cw=0.5 cpw=0,"rho=0.98, delay=2",0.98,2,900,3,49.99777777777778,99.77777777777777,3.5522222222222224,3.292222222222222,3.5677777777777777,6.859999999999999,53.565555555555555,46.08249559082893,16.0,1.4348478835978835,53.29,0.0,-0.18999999999999995,-2.1533333333333338,0.9344444444444444,8.0,-0.34794708994709
Coverage-Aware B=3 sm=4.1 cw=0.5 cpw=0,current budget-split refinement,coverage_budget_split_selected_ep300_runs3_rho0p7-0p9-0p98_delay1-2-3_b3_sm4p1_tf0p75_cw0p5_cpw0.csv,Coverage-Aware Sparse-TopK Feedback Grid B=3 sm=4.1 tf=0.75 cw=0.5 cpw=0,"rho=0.98, delay=3",0.98,3,900,3,49.99777777777778,99.77777777777777,3.7344444444444442,4.227777777777778,4.257777777777778,8.485555555555557,54.25555555555555,50.717989417989415,16.0,1.6719444444444445,54.22555555555556,0.0,-0.324444444444445,-2.554444444444444,0.9700000000000002,8.0,-0.34224779541446204
Mask-Corrected Coverage-Aware B=3 mc=1,slot/failed trade-off; no-noise gap regression,invitation_mask_correction_formal_ep300_runs3_rho0p7-0p9-0p98_delay1-2-3_b3_sm4p1_tf0p75_cw0p5_cpw0_mc0-0p75-1.csv,Mask-Corrected Coverage-Aware B=3 mc=1,"rho=0.7, delay=1",0.7,1,900,3,50.0,100.0,3.097777777777778,6.605555555555555,6.605555555555555,13.21111111111111,56.605555555555554,0.0,16.0,3.0454074074074073,0.0,0.0,-0.8577777777777778,-3.724444444444445,0.6177777777777775,8.0,-0.16822883597883598
Mask-Corrected Coverage-Aware B=3 mc=1,slot/failed trade-off; no-noise gap regression,invitation_mask_correction_formal_ep300_runs3_rho0p7-0p9-0p98_delay1-2-3_b3_sm4p1_tf0p75_cw0p5_cpw0_mc0-0p75-1.csv,Mask-Corrected Coverage-Aware B=3 mc=1,"rho=0.7, delay=2",0.7,2,900,3,50.0,100.0,3.2455555555555557,7.521111111111111,7.521111111111111,15.042222222222222,57.52111111111111,0.0,16.0,3.2856719576719575,0.0,0.0,-0.7977777777777773,-4.094444444444445,1.4477777777777776,8.0,-0.03434126984126973
Mask-Corrected Coverage-Aware B=3 mc=1,slot/failed trade-off; no-noise gap regression,invitation_mask_correction_formal_ep300_runs3_rho0p7-0p9-0p98_delay1-2-3_b3_sm4p1_tf0p75_cw0p5_cpw0_mc0-0p75-1.csv,Mask-Corrected Coverage-Aware B=3 mc=1,"rho=0.7, delay=3",0.7,3,900,3,50.0,100.0,3.2055555555555557,7.576666666666667,7.576666666666667,15.153333333333334,57.57666666666667,0.0,16.0,3.3581613756613757,0.0,0.0,-0.7655555555555553,-4.249999999999999,1.7100000000000009,8.0,0.04918430335097046
Mask-Corrected Coverage-Aware B=3 mc=1,slot/failed trade-off; no-noise gap regression,invitation_mask_correction_formal_ep300_runs3_rho0p7-0p9-0p98_delay1-2-3_b3_sm4p1_tf0p75_cw0p5_cpw0_mc0-0p75-1.csv,Mask-Corrected Coverage-Aware B=3 mc=1,"rho=0.9, delay=1",0.9,1,900,3,50.0,100.0,3.1255555555555556,4.7122222222222225,4.7122222222222225,9.424444444444445,54.71222222222222,0.0,16.0,2.160388888888889,0.0,0.0,-0.7533333333333334,-3.0633333333333335,0.40888888888888886,8.0,-0.3013068783068782
Mask-Corrected Coverage-Aware B=3 mc=1,slot/failed trade-off; no-noise gap regression,invitation_mask_correction_formal_ep300_runs3_rho0p7-0p9-0p98_delay1-2-3_b3_sm4p1_tf0p75_cw0p5_cpw0_mc0-0p75-1.csv,Mask-Corrected Coverage-Aware B=3 mc=1,"rho=0.9, delay=2",0.9,2,900,3,49.99888888888889,99.8888888888889,3.391111111111111,6.332222222222223,6.332222222222223,12.664444444444445,56.33111111111111,0.0,16.0,2.7037402998236333,0.0,0.0,-0.996666666666667,-4.294444444444444,0.8666666666666671,8.0,-0.15381261022927717
Mask-Corrected Coverage-Aware B=3 mc=1,slot/failed trade-off; no-noise gap regression,invitation_mask_correction_formal_ep300_runs3_rho0p7-0p9-0p98_delay1-2-3_b3_sm4p1_tf0p75_cw0p5_cpw0_mc0-0p75-1.csv,Mask-Corrected Coverage-Aware B=3 mc=1,"rho=0.9, delay=3",0.9,3,900,3,50.0,100.0,3.528888888888889,7.061111111111111,7.061111111111111,14.122222222222222,57.06111111111111,0.0,16.0,2.8982835097001765,0.0,0.0,-0.9844444444444447,-4.892222222222222,1.2400000000000002,8.0,-0.11318165784832424
Mask-Corrected Coverage-Aware B=3 mc=1,slot/failed trade-off; no-noise gap regression,invitation_mask_correction_formal_ep300_runs3_rho0p7-0p9-0p98_delay1-2-3_b3_sm4p1_tf0p75_cw0p5_cpw0_mc0-0p75-1.csv,Mask-Corrected Coverage-Aware B=3 mc=1,"rho=0.98, delay=1",0.98,1,900,3,50.0,100.0,2.921111111111111,1.9033333333333333,1.9033333333333333,3.8066666666666666,51.903333333333336,0.0,16.0,0.944966049382716,0.0,0.0,-0.4588888888888887,-1.6455555555555557,0.11999999999999988,8.0,-0.44872707231040543
Mask-Corrected Coverage-Aware B=3 mc=1,slot/failed trade-off; no-noise gap regression,invitation_mask_correction_formal_ep300_runs3_rho0p7-0p9-0p98_delay1-2-3_b3_sm4p1_tf0p75_cw0p5_cpw0_mc0-0p75-1.csv,Mask-Corrected Coverage-Aware B=3 mc=1,"rho=0.98, delay=2",0.98,2,900,3,49.99888888888889,99.8888888888889,3.2066666666666666,2.9922222222222223,2.9922222222222223,5.984444444444445,52.99111111111111,0.0,16.0,1.3738919753086418,0.0,0.0,-0.5355555555555558,-2.4533333333333336,0.35888888888888903,8.0,-0.4089029982363317
Mask-Corrected Coverage-Aware B=3 mc=1,slot/failed trade-off; no-noise gap regression,invitation_mask_correction_formal_ep300_runs3_rho0p7-0p9-0p98_delay1-2-3_b3_sm4p1_tf0p75_cw0p5_cpw0_mc0-0p75-1.csv,Mask-Corrected Coverage-Aware B=3 mc=1,"rho=0.98, delay=3",0.98,3,900,3,49.99777777777778,99.77777777777777,3.37,3.7622222222222224,3.7622222222222224,7.524444444444445,53.76,0.0,16.0,1.6689991181657848,0.0,0.0,-0.6888888888888891,-3.0199999999999996,0.47444444444444445,8.0,-0.34519312169312166
Stale-TopK B=4,high-cost positive reference,sparse_topk_frontier_ep300_runs3_rho0p7-0p9-0p98_delay1-2-3_b4-8_sm2-3_tf0p75.csv,Stale-TopK Feedback Grid B=4,"rho=0.7, delay=1",0.7,1,900,3,50.0,100.0,3.8044444444444445,6.331111111111111,9.045555555555556,15.376666666666667,59.04555555555555,50.50410052910054,20.0,3.0672513227513227,56.33111111111111,0.0,-0.1511111111111112,-3.9988888888888887,3.057777777777778,12.0,-0.1463849206349206
Stale-TopK B=4,high-cost positive reference,sparse_topk_frontier_ep300_runs3_rho0p7-0p9-0p98_delay1-2-3_b4-8_sm2-3_tf0p75.csv,Stale-TopK Feedback Grid B=4,"rho=0.7, delay=2",0.7,2,900,3,50.0,100.0,3.898888888888889,7.07,9.28111111111111,16.35111111111111,59.28111111111111,52.45648148148149,20.0,3.0876340388007057,57.07,0.0,-0.14444444444444393,-4.545555555555556,3.2077777777777774,12.0,-0.2323791887125215
Stale-TopK B=4,high-cost positive reference,sparse_topk_frontier_ep300_runs3_rho0p7-0p9-0p98_delay1-2-3_b4-8_sm2-3_tf0p75.csv,Stale-TopK Feedback Grid B=4,"rho=0.7, delay=3",0.7,3,900,3,50.0,100.0,3.792222222222222,7.2555555555555555,9.134444444444444,16.39,59.13444444444445,55.06243386243387,20.0,3.1769232804232805,57.25555555555555,0.0,-0.17888888888888888,-4.571111111111111,3.267777777777778,12.0,-0.13205379188712474
Stale-TopK B=4,high-cost positive reference,sparse_topk_frontier_ep300_runs3_rho0p7-0p9-0p98_delay1-2-3_b4-8_sm2-3_tf0p75.csv,Stale-TopK Feedback Grid B=4,"rho=0.9, delay=1",0.9,1,900,3,50.0,100.0,3.641111111111111,4.705555555555556,6.044444444444444,10.75,56.044444444444444,49.401234567901234,20.0,2.2345220458553796,54.705555555555556,0.0,-0.2377777777777781,-3.0700000000000003,1.7411111111111106,12.0,-0.2271737213403875
Stale-TopK B=4,high-cost positive reference,sparse_topk_frontier_ep300_runs3_rho0p7-0p9-0p98_delay1-2-3_b4-8_sm2-3_tf0p75.csv,Stale-TopK Feedback Grid B=4,"rho=0.9, delay=2",0.9,2,900,3,49.99777777777778,99.77777777777777,4.097777777777778,6.2811111111111115,8.21111111111111,14.492222222222221,58.208888888888886,53.23196649029982,20.0,2.692619929453263,56.278888888888886,0.0,-0.29000000000000004,-4.345555555555555,2.745555555555555,12.0,-0.16493298059964756
Stale-TopK B=4,high-cost positive reference,sparse_topk_frontier_ep300_runs3_rho0p7-0p9-0p98_delay1-2-3_b4-8_sm2-3_tf0p75.csv,Stale-TopK Feedback Grid B=4,"rho=0.9, delay=3",0.9,3,900,3,49.99666666666667,99.66666666666667,4.252222222222223,6.984444444444445,8.857777777777779,15.842222222222222,58.85444444444445,55.55101410934744,20.0,2.7757416225749556,56.98111111111111,0.0,-0.26111111111111107,-4.9688888888888885,3.036666666666668,12.0,-0.23572354497354508
Stale-TopK B=4,high-cost positive reference,sparse_topk_frontier_ep300_runs3_rho0p7-0p9-0p98_delay1-2-3_b4-8_sm2-3_tf0p75.csv,Stale-TopK Feedback Grid B=4,"rho=0.98, delay=1",0.98,1,900,3,49.99888888888889,99.8888888888889,3.2066666666666666,2.1422222222222222,2.4966666666666666,4.638888888888889,52.495555555555555,38.2462962962963,20.0,1.0741044973544973,52.14111111111111,0.0,-0.17333333333333334,-1.4066666666666667,0.7133333333333332,12.0,-0.3195886243386241
Stale-TopK B=4,high-cost positive reference,sparse_topk_frontier_ep300_runs3_rho0p7-0p9-0p98_delay1-2-3_b4-8_sm2-3_tf0p75.csv,Stale-TopK Feedback Grid B=4,"rho=0.98, delay=2",0.98,2,900,3,49.99444444444445,99.44444444444444,3.62,3.2177777777777776,3.716666666666667,6.934444444444445,53.71111111111111,44.57535273368607,20.0,1.4756891534391534,53.21222222222222,0.0,-0.12222222222222223,-2.2277777777777783,1.0833333333333335,12.0,-0.3071058201058201
Stale-TopK B=4,high-cost positive reference,sparse_topk_frontier_ep300_runs3_rho0p7-0p9-0p98_delay1-2-3_b4-8_sm2-3_tf0p75.csv,Stale-TopK Feedback Grid B=4,"rho=0.98, delay=3",0.98,3,900,3,49.98444444444444,98.44444444444444,3.91,4.045555555555556,4.78,8.825555555555557,54.76444444444444,47.5489417989418,20.0,1.7447804232804234,54.03,0.0,-0.14888888888888907,-2.7366666666666664,1.4922222222222223,12.0,-0.2694118165784831
Temporal Deviation Oracle B=4,hidden-info temporal diagnostic,sparse_topk_frontier_ep300_runs3_rho0p7-0p9-0p98_delay1-2-3_b4-8_sm2-3_tf0p75.csv,Temporal Deviation Oracle B=4,"rho=0.7, delay=1",0.7,1,900,3,50.0,100.0,3.3744444444444444,5.8277777777777775,7.566666666666666,13.394444444444444,57.56666666666667,51.522222222222226,4.0,2.764074074074074,55.827777777777776,0.0,-0.5811111111111114,-4.502222222222223,1.5788888888888888,-4.0,-0.4495621693121694
Temporal Deviation Oracle B=4,hidden-info temporal diagnostic,sparse_topk_frontier_ep300_runs3_rho0p7-0p9-0p98_delay1-2-3_b4-8_sm2-3_tf0p75.csv,Temporal Deviation Oracle B=4,"rho=0.7, delay=2",0.7,2,900,3,50.0,100.0,3.36,6.493333333333333,7.504444444444444,13.997777777777777,57.504444444444445,53.87830687830688,4.0,2.785698412698413,56.49333333333333,0.0,-0.6833333333333331,-5.122222222222223,1.431111111111111,-4.0,-0.5343148148148145
Temporal Deviation Oracle B=4,hidden-info temporal diagnostic,sparse_topk_frontier_ep300_runs3_rho0p7-0p9-0p98_delay1-2-3_b4-8_sm2-3_tf0p75.csv,Temporal Deviation Oracle B=4,"rho=0.7, delay=3",0.7,3,900,3,50.0,100.0,3.2144444444444447,6.601111111111111,7.452222222222222,14.053333333333333,57.452222222222225,56.15687830687831,4.0,2.875383597883598,56.60111111111111,0.0,-0.7566666666666664,-5.225555555555555,1.5855555555555556,-4.0,-0.4335934744268073
Temporal Deviation Oracle B=4,hidden-info temporal diagnostic,sparse_topk_frontier_ep300_runs3_rho0p7-0p9-0p98_delay1-2-3_b4-8_sm2-3_tf0p75.csv,Temporal Deviation Oracle B=4,"rho=0.9, delay=1",0.9,1,900,3,50.0,100.0,3.331111111111111,4.651111111111111,5.1177777777777775,9.768888888888888,55.117777777777775,50.73888888888889,4.0,2.042851851851852,54.65111111111111,0.0,-0.5477777777777781,-3.1244444444444452,0.8144444444444439,-4.0,-0.4188439153439152
Temporal Deviation Oracle B=4,hidden-info temporal diagnostic,sparse_topk_frontier_ep300_runs3_rho0p7-0p9-0p98_delay1-2-3_b4-8_sm2-3_tf0p75.csv,Temporal Deviation Oracle B=4,"rho=0.9, delay=2",0.9,2,900,3,50.0,100.0,3.5744444444444445,5.902222222222222,6.818888888888889,12.72111111111111,56.818888888888885,53.733333333333334,4.0,2.4316481481481484,55.90222222222222,0.0,-0.8133333333333335,-4.724444444444445,1.3533333333333335,-4.0,-0.425904761904762
Temporal Deviation Oracle B=4,hidden-info temporal diagnostic,sparse_topk_frontier_ep300_runs3_rho0p7-0p9-0p98_delay1-2-3_b4-8_sm2-3_tf0p75.csv,Temporal Deviation Oracle B=4,"rho=0.9, delay=3",0.9,3,900,3,50.0,100.0,3.63,6.447777777777778,7.334444444444444,13.782222222222222,57.33444444444444,55.99761904761904,4.0,2.5370873015873014,56.44777777777778,0.0,-0.8833333333333337,-5.5055555555555555,1.5133333333333336,-4.0,-0.47437786596119924
Temporal Deviation Oracle B=4,hidden-info temporal diagnostic,sparse_topk_frontier_ep300_runs3_rho0p7-0p9-0p98_delay1-2-3_b4-8_sm2-3_tf0p75.csv,Temporal Deviation Oracle B=4,"rho=0.98, delay=1",0.98,1,900,3,50.0,100.0,3.011111111111111,2.5366666666666666,1.9244444444444444,4.461111111111111,51.92444444444445,44.70555555555556,4.0,1.0197777777777777,52.53666666666667,0.0,-0.3688888888888888,-1.0122222222222224,0.14111111111111097,-4.0,-0.37391534391534376
Temporal Deviation Oracle B=4,hidden-info temporal diagnostic,sparse_topk_frontier_ep300_runs3_rho0p7-0p9-0p98_delay1-2-3_b4-8_sm2-3_tf0p75.csv,Temporal Deviation Oracle B=4,"rho=0.98, delay=2",0.98,2,900,3,50.0,100.0,3.2744444444444443,3.4744444444444444,3.046666666666667,6.521111111111111,53.04666666666667,48.88465608465608,4.0,1.3764312169312167,53.474444444444444,0.0,-0.46777777777777807,-1.9711111111111115,0.41333333333333355,-4.0,-0.4063637566137568
Temporal Deviation Oracle B=4,hidden-info temporal diagnostic,sparse_topk_frontier_ep300_runs3_rho0p7-0p9-0p98_delay1-2-3_b4-8_sm2-3_tf0p75.csv,Temporal Deviation Oracle B=4,"rho=0.98, delay=3",0.98,3,900,3,50.0,100.0,3.462222222222222,4.228888888888889,4.01,8.238888888888889,54.01,52.014550264550266,4.0,1.6287407407407408,54.22888888888889,0.0,-0.5966666666666671,-2.553333333333333,0.7222222222222219,-4.0,-0.3854514991181657
