decision_error_std,execution_error_std,mismatch_model,channel_rho,csi_delay_slots,probe_budget,policy,episodes,num_seeds,num_nodes,num_slots,num_irs_elements,num_codebook_states,g_th,alpha_th,gain_margin,power_margin,risk_weight,risk_power_weight,risk_invite_threshold,adaptive_risk_base_weight,opportunity_failure_cost,opportunity_missed_cost,opportunity_deadline_gain,opportunity_backlog_gain,temporal_reliability_z,sparse_topk_seed_multiplier,sparse_topk_fraction,success_mean,success_ci95,success_rate_mean,perfect_rate,slots_mean,slots_ci95,avg_power,total_energy_mean,total_energy_ci95,scheduled_nodes_mean,failed_nodes_mean,missed_opportunities_mean,true_opportunities_mean,failure_slot_rate,decision_preview_calls_per_slot_mean,oracle_tx_gap_mean,effective_risk_weight_mean,avg_reward
0.0,0.0,temporal_ar1,0.7,1,2,Estimated Rotating Grid B=2,200,2,50,10,64,16,0.001,0.05,1.0,1.0,0.0,0.0,0.0,0.0,0.0,0.0,0.0,0.0,0.0,0.0,0.0,50.0,0.0,1.0,100.0,4.275,0.26460000000000045,0.37690091080106763,16.799656137841108,0.23067406426608966,51.96,1.96,2.48,52.48,30.013492063492066,2.0,1.7146349206349205,0.0,99.22548126746702
0.0,0.0,temporal_ar1,0.7,1,4,Estimated Rotating Grid B=4,200,2,50,10,64,16,0.001,0.05,1.0,1.0,0.0,0.0,0.0,0.0,0.0,0.0,0.0,0.0,0.0,0.0,0.0,50.0,0.0,1.0,100.0,3.785,0.2842,0.36225237308245106,16.68521086831578,0.09135502034655658,51.83,1.83,1.425,51.425,30.314285714285717,4.0,1.2330575396825398,0.0,99.31924568495052
0.0,0.0,temporal_ar1,0.7,1,8,Estimated Rotating Grid B=8,200,2,50,10,64,16,0.001,0.05,1.0,1.0,0.0,0.0,0.0,0.0,0.0,0.0,0.0,0.0,0.0,0.0,0.0,50.0,0.0,1.0,100.0,3.425,0.009800000000000225,0.35336191022425495,16.69824845874657,0.08832187584204498,51.72,1.72,0.82,50.82,30.85,8.0,0.8794166666666666,0.0,99.39337422235253
0.0,0.0,temporal_ar1,0.7,1,2,Sparse-TopK Feedback Grid B=2 sm=1 tf=0.25,200,2,50,10,64,16,0.001,0.05,1.0,1.0,0.0,0.0,0.0,0.0,0.0,0.0,0.0,0.0,0.0,1.0,0.25,49.995,0.00979999999999805,0.9998999999999999,99.5,4.42,0.09799999999999964,0.37845945820297316,16.43051815227493,0.034843858529145774,51.185,1.19,3.73,53.725,20.211706349206352,4.0,1.7720535714285717,0.0,99.21891487646744
0.0,0.0,temporal_ar1,0.7,1,2,Sparse-TopK Feedback Grid B=2 sm=1 tf=0.5,200,2,50,10,64,16,0.001,0.05,1.0,1.0,0.0,0.0,0.0,0.0,0.0,0.0,0.0,0.0,0.0,1.0,0.5,49.995,0.00979999999999805,0.9998999999999999,99.5,4.42,0.09799999999999964,0.37845945820297316,16.43051815227493,0.034843858529145774,51.185,1.19,3.73,53.725,20.211706349206352,4.0,1.7720535714285717,0.0,99.21891487646744
0.0,0.0,temporal_ar1,0.7,1,2,Sparse-TopK Feedback Grid B=2 sm=1 tf=0.75,200,2,50,10,64,16,0.001,0.05,1.0,1.0,0.0,0.0,0.0,0.0,0.0,0.0,0.0,0.0,0.0,1.0,0.75,49.995,0.00979999999999805,0.9998999999999999,99.5,4.42,0.09799999999999964,0.37845945820297316,16.43051815227493,0.034843858529145774,51.185,1.19,3.73,53.725,20.211706349206352,4.0,1.7720535714285717,0.0,99.21891487646744
0.0,0.0,temporal_ar1,0.7,1,2,Sparse-TopK Feedback Grid B=2 sm=2 tf=0.25,200,2,50,10,64,16,0.001,0.05,1.0,1.0,0.0,0.0,0.0,0.0,0.0,0.0,0.0,0.0,0.0,2.0,0.25,50.0,0.0,1.0,100.0,3.955,0.16659999999999991,0.3733581259987133,16.37468562864253,0.13633199122798306,51.06,1.06,2.6,52.6,19.226984126984128,6.0,1.326075396825397,0.0,99.3009335471337
0.0,0.0,temporal_ar1,0.7,1,2,Sparse-TopK Feedback Grid B=2 sm=2 tf=0.5,200,2,50,10,64,16,0.001,0.05,1.0,1.0,0.0,0.0,0.0,0.0,0.0,0.0,0.0,0.0,0.0,2.0,0.5,50.0,0.0,1.0,100.0,3.955,0.16659999999999991,0.3733581259987133,16.37468562864253,0.13633199122798306,51.06,1.06,2.6,52.6,19.226984126984128,6.0,1.326075396825397,0.0,99.3009335471337
0.0,0.0,temporal_ar1,0.7,1,2,Sparse-TopK Feedback Grid B=2 sm=2 tf=0.75,200,2,50,10,64,16,0.001,0.05,1.0,1.0,0.0,0.0,0.0,0.0,0.0,0.0,0.0,0.0,0.0,2.0,0.75,50.0,0.0,1.0,100.0,3.72,0.09800000000000007,0.3676484498057161,16.442394839632655,0.2037720941410026,51.235,1.235,2.11,52.11,22.905158730158732,6.0,1.2385714285714284,0.0,99.33331239049443
0.0,0.0,temporal_ar1,0.7,1,2,Sparse-TopK Feedback Grid B=2 sm=3 tf=0.25,200,2,50,10,64,16,0.001,0.05,1.0,1.0,0.0,0.0,0.0,0.0,0.0,0.0,0.0,0.0,0.0,3.0,0.25,50.0,0.0,1.0,100.0,3.72,0.019600000000000017,0.3668748901677382,16.30932987003599,0.41820321781809405,50.965,0.965,2.175,52.175,19.160714285714285,8.0,1.0956666666666666,0.0,99.34215374038482
0.0,0.0,temporal_ar1,0.7,1,2,Sparse-TopK Feedback Grid B=2 sm=3 tf=0.5,200,2,50,10,64,16,0.001,0.05,1.0,1.0,0.0,0.0,0.0,0.0,0.0,0.0,0.0,0.0,0.0,3.0,0.5,50.0,0.0,1.0,100.0,3.72,0.019600000000000017,0.3668748901677382,16.30932987003599,0.41820321781809405,50.965,0.965,2.175,52.175,19.160714285714285,8.0,1.0956666666666666,0.0,99.34215374038482
0.0,0.0,temporal_ar1,0.7,1,2,Sparse-TopK Feedback Grid B=2 sm=3 tf=0.75,200,2,50,10,64,16,0.001,0.05,1.0,1.0,0.0,0.0,0.0,0.0,0.0,0.0,0.0,0.0,0.0,3.0,0.75,50.0,0.0,1.0,100.0,3.43,0.1567999999999997,0.359394202818313,16.36914022548968,0.35198010675249947,51.04,1.04,1.385,51.385,22.16547619047619,8.0,0.9549642857142857,0.0,99.38841705744584
0.0,0.0,temporal_ar1,0.7,1,4,Sparse-TopK Feedback Grid B=4 sm=1 tf=0.25,200,2,50,10,64,16,0.001,0.05,1.0,1.0,0.0,0.0,0.0,0.0,0.0,0.0,0.0,0.0,0.0,1.0,0.25,50.0,0.0,1.0,100.0,3.875,0.1078000000000003,0.3741649202964672,16.20210875171644,0.21456218671464916,50.625,0.625,3.155,53.155,11.601785714285715,8.0,1.3306666666666667,0.0,99.31480738085494
0.0,0.0,temporal_ar1,0.7,1,4,Sparse-TopK Feedback Grid B=4 sm=1 tf=0.5,200,2,50,10,64,16,0.001,0.05,1.0,1.0,0.0,0.0,0.0,0.0,0.0,0.0,0.0,0.0,0.0,1.0,0.5,50.0,0.0,1.0,100.0,3.875,0.1078000000000003,0.3745542813168478,16.202003423928524,0.22423992417341004,50.62,0.62,3.155,53.155,11.601785714285715,8.0,1.3306666666666667,0.0,99.3135163236742
0.0,0.0,temporal_ar1,0.7,1,4,Sparse-TopK Feedback Grid B=4 sm=1 tf=0.75,200,2,50,10,64,16,0.001,0.05,1.0,1.0,0.0,0.0,0.0,0.0,0.0,0.0,0.0,0.0,0.0,1.0,0.75,50.0,0.0,1.0,100.0,3.875,0.1078000000000003,0.37462763964220835,16.201180518207533,0.22048364982607593,50.62,0.62,3.155,53.155,11.613690476190476,8.0,1.3306666666666667,0.0,99.3139277765347
0.0,0.0,temporal_ar1,0.7,1,4,Sparse-TopK Feedback Grid B=4 sm=2 tf=0.25,200,2,50,10,64,16,0.001,0.05,1.0,1.0,0.0,0.0,0.0,0.0,0.0,0.0,0.0,0.0,0.0,2.0,0.25,50.0,0.0,1.0,100.0,3.56,0.13719999999999968,0.36798011191781305,16.2010945005825,0.0025716054883977786,50.535,0.535,2.465,52.465,11.52142857142857,12.0,0.9677142857142857,0.0,99.37385784594673
0.0,0.0,temporal_ar1,0.7,1,4,Sparse-TopK Feedback Grid B=4 sm=2 tf=0.5,200,2,50,10,64,16,0.001,0.05,1.0,1.0,0.0,0.0,0.0,0.0,0.0,0.0,0.0,0.0,0.0,2.0,0.5,50.0,0.0,1.0,100.0,3.43,0.1567999999999997,0.36273080672722025,16.195846673253282,0.0034392877713941053,50.53,0.53,2.13,52.13,11.854761904761904,12.0,0.9076309523809524,0.0,99.40126359185815
0.0,0.0,temporal_ar1,0.7,1,4,Sparse-TopK Feedback Grid B=4 sm=2 tf=0.75,200,2,50,10,64,16,0.001,0.05,1.0,1.0,0.0,0.0,0.0,0.0,0.0,0.0,0.0,0.0,0.0,2.0,0.75,50.0,0.0,1.0,100.0,3.335,0.12739999999999987,0.36530839691753686,16.225519085261837,0.06318625962705794,50.535,0.535,1.845,51.845,12.25952380952381,12.0,0.8517976190476191,0.0,99.40681431626221
0.0,0.0,temporal_ar1,0.7,1,4,Sparse-TopK Feedback Grid B=4 sm=3 tf=0.25,200,2,50,10,64,16,0.001,0.05,1.0,1.0,0.0,0.0,0.0,0.0,0.0,0.0,0.0,0.0,0.0,3.0,0.25,50.0,0.0,1.0,100.0,3.545,0.04899999999999982,0.3598130479594485,16.166989424522328,0.10364893394994516,50.52,0.52,2.545,52.545,10.992857142857142,16.0,0.8803571428571427,0.0,99.39915286457662
0.0,0.0,temporal_ar1,0.7,1,4,Sparse-TopK Feedback Grid B=4 sm=3 tf=0.5,200,2,50,10,64,16,0.001,0.05,1.0,1.0,0.0,0.0,0.0,0.0,0.0,0.0,0.0,0.0,0.0,3.0,0.5,50.0,0.0,1.0,100.0,3.36,0.05880000000000005,0.3557179263332717,16.171214704603724,0.19198241901276367,50.515,0.515,2.07,52.07,11.516666666666666,16.0,0.7773333333333333,0.0,99.43235812650755
0.0,0.0,temporal_ar1,0.7,1,4,Sparse-TopK Feedback Grid B=4 sm=3 tf=0.75,200,2,50,10,64,16,0.001,0.05,1.0,1.0,0.0,0.0,0.0,0.0,0.0,0.0,0.0,0.0,0.0,3.0,0.75,50.0,0.0,1.0,100.0,3.25,0.019599999999999583,0.35965666085673953,16.178217059965768,0.15432835746542656,50.53,0.53,1.73,51.73,12.722222222222221,16.0,0.7040277777777777,0.0,99.42858475887547
0.0,0.0,temporal_ar1,0.7,1,8,Sparse-TopK Feedback Grid B=8 sm=1 tf=0.25,200,2,50,10,64,16,0.001,0.05,1.0,1.0,0.0,0.0,0.0,0.0,0.0,0.0,0.0,0.0,0.0,1.0,0.25,50.0,0.0,1.0,100.0,3.63,0.19600000000000015,0.3623311390450256,16.020980703835804,0.012353932496946099,50.255,0.255,3.005,53.005,5.679761904761905,16.0,1.0066785714285715,0.0,99.38224097106222
0.0,0.0,temporal_ar1,0.7,1,8,Sparse-TopK Feedback Grid B=8 sm=1 tf=0.5,200,2,50,10,64,16,0.001,0.05,1.0,1.0,0.0,0.0,0.0,0.0,0.0,0.0,0.0,0.0,0.0,1.0,0.5,50.0,0.0,1.0,100.0,3.63,0.19600000000000015,0.36255044935925645,16.02649092003987,0.02315395625691437,50.27,0.27,3.005,53.005,5.934523809523809,16.0,1.0066785714285715,0.0,99.37948586296017
0.0,0.0,temporal_ar1,0.7,1,8,Sparse-TopK Feedback Grid B=8 sm=1 tf=0.75,200,2,50,10,64,16,0.001,0.05,1.0,1.0,0.0,0.0,0.0,0.0,0.0,0.0,0.0,0.0,0.0,1.0,0.75,50.0,0.0,1.0,100.0,3.63,0.19600000000000015,0.36310671855365356,16.027831599381894,0.02578168776728375,50.265,0.265,3.005,53.005,5.83452380952381,16.0,1.0066785714285715,0.0,99.37881552328916
0.0,0.0,temporal_ar1,0.7,1,8,Sparse-TopK Feedback Grid B=8 sm=2 tf=0.25,200,2,50,10,64,16,0.001,0.05,1.0,1.0,0.0,0.0,0.0,0.0,0.0,0.0,0.0,0.0,0.0,2.0,0.25,50.0,0.0,1.0,100.0,3.44,0.13719999999999968,0.35693344055935894,16.109902386972784,0.10965033671797102,50.22,0.22,2.56,52.56,5.133333333333333,24.0,0.7360833333333333,0.0,99.42045267527605
0.0,0.0,temporal_ar1,0.7,1,8,Sparse-TopK Feedback Grid B=8 sm=2 tf=0.5,200,2,50,10,64,16,0.001,0.05,1.0,1.0,0.0,0.0,0.0,0.0,0.0,0.0,0.0,0.0,0.0,2.0,0.5,50.0,0.0,1.0,100.0,3.24,0.05880000000000005,0.35413971916274534,16.11061128055694,0.0030050596278029928,50.225,0.225,2.09,52.09,5.6,24.0,0.64325,0.0,99.45215934365847
0.0,0.0,temporal_ar1,0.7,1,8,Sparse-TopK Feedback Grid B=8 sm=2 tf=0.75,200,2,50,10,64,16,0.001,0.05,1.0,1.0,0.0,0.0,0.0,0.0,0.0,0.0,0.0,0.0,0.0,2.0,0.75,50.0,0.0,1.0,100.0,3.135,0.06859999999999984,0.3635371517894356,16.15332640834707,0.08437471545086524,50.225,0.225,1.895,51.895,5.891666666666667,24.0,0.6095833333333333,0.0,99.44447847808384
0.0,0.0,temporal_ar1,0.7,1,8,Sparse-TopK Feedback Grid B=8 sm=3 tf=0.25,200,2,50,10,64,16,0.001,0.05,1.0,1.0,0.0,0.0,0.0,0.0,0.0,0.0,0.0,0.0,0.0,3.0,0.25,50.0,0.0,1.0,100.0,3.44,0.13719999999999968,0.35693344055935894,16.109902386972784,0.10965033671797102,50.22,0.22,2.56,52.56,5.133333333333333,24.0,0.7360833333333333,0.0,99.42045267527605
0.0,0.0,temporal_ar1,0.7,1,8,Sparse-TopK Feedback Grid B=8 sm=3 tf=0.5,200,2,50,10,64,16,0.001,0.05,1.0,1.0,0.0,0.0,0.0,0.0,0.0,0.0,0.0,0.0,0.0,3.0,0.5,50.0,0.0,1.0,100.0,3.24,0.05880000000000005,0.35413971916274534,16.11061128055694,0.0030050596278029928,50.225,0.225,2.09,52.09,5.6,24.0,0.64325,0.0,99.45215934365847
0.0,0.0,temporal_ar1,0.7,1,8,Sparse-TopK Feedback Grid B=8 sm=3 tf=0.75,200,2,50,10,64,16,0.001,0.05,1.0,1.0,0.0,0.0,0.0,0.0,0.0,0.0,0.0,0.0,0.0,3.0,0.75,50.0,0.0,1.0,100.0,3.135,0.06859999999999984,0.3635371517894356,16.15332640834707,0.08437471545086524,50.225,0.225,1.895,51.895,5.891666666666667,24.0,0.6095833333333333,0.0,99.44447847808384
0.0,0.0,temporal_ar1,0.7,1,2,Stale-TopK Feedback Grid B=2,200,2,50,10,64,16,0.001,0.05,1.0,1.0,0.0,0.0,0.0,0.0,0.0,0.0,0.0,0.0,0.0,0.0,0.0,50.0,0.0,1.0,100.0,3.415,0.009799999999999792,0.3531676038769474,16.361419923593743,0.06283322346593977,50.885,0.885,1.58,51.58,17.476190476190474,18.0,0.6857619047619048,0.0,99.43007686847842
0.0,0.0,temporal_ar1,0.7,1,4,Stale-TopK Feedback Grid B=4,200,2,50,10,64,16,0.001,0.05,1.0,1.0,0.0,0.0,0.0,0.0,0.0,0.0,0.0,0.0,0.0,0.0,0.0,50.0,0.0,1.0,100.0,3.3,0.019600000000000017,0.3546998983410974,16.21568923683554,0.10544104701619403,50.5,0.5,1.855,51.855,10.883333333333333,20.0,0.6484166666666666,0.0,99.44509525081062
0.0,0.0,temporal_ar1,0.7,1,8,Stale-TopK Feedback Grid B=8,200,2,50,10,64,16,0.001,0.05,1.0,1.0,0.0,0.0,0.0,0.0,0.0,0.0,0.0,0.0,0.0,0.0,0.0,50.0,0.0,1.0,100.0,3.24,0.05880000000000005,0.3548228989244519,16.11529853161726,0.005923897814655987,50.23,0.23,2.09,52.09,5.683333333333334,24.0,0.64325,0.0,99.4498157181283
0.0,0.0,temporal_ar1,0.7,1,2,Temporal Deviation Oracle B=2,200,2,50,10,64,16,0.001,0.05,1.0,1.0,0.0,0.0,0.0,0.0,0.0,0.0,0.0,0.0,0.0,0.0,0.0,50.0,0.0,1.0,100.0,3.14,0.1372000000000001,0.35601779026035274,16.123065199446586,0.10335921856463862,50.215,0.215,1.86,51.86,5.6083333333333325,2.0,0.5808333333333333,0.0,99.45429335803803
0.0,0.0,temporal_ar1,0.7,1,4,Temporal Deviation Oracle B=4,200,2,50,10,64,16,0.001,0.05,1.0,1.0,0.0,0.0,0.0,0.0,0.0,0.0,0.0,0.0,0.0,0.0,0.0,50.0,0.0,1.0,100.0,2.97,0.019600000000000017,0.35701463082852186,16.22499751372254,0.11140466584332458,50.345,0.345,1.175,51.175,9.341666666666667,4.0,0.456,0.0,99.47711546882009
0.0,0.0,temporal_ar1,0.7,1,8,Temporal Deviation Oracle B=8,200,2,50,10,64,16,0.001,0.05,1.0,1.0,0.0,0.0,0.0,0.0,0.0,0.0,0.0,0.0,0.0,0.0,0.0,50.0,0.0,1.0,100.0,2.935,0.02940000000000024,0.35081615065481553,16.34424309372695,0.0005094212723619052,50.67,0.67,0.86,50.86,17.391666666666666,8.0,0.45758333333333323,0.0,99.4863966866589
0.0,0.0,temporal_ar1,0.7,3,2,Estimated Rotating Grid B=2,200,2,50,10,64,16,0.001,0.05,1.0,1.0,0.0,0.0,0.0,0.0,0.0,0.0,0.0,0.0,0.0,0.0,0.0,50.0,0.0,1.0,100.0,4.71,0.15680000000000013,0.41816899481875697,17.258463692708247,0.10230242674796265,52.14,2.14,3.07,53.07,31.34821428571429,2.0,1.707785714285714,0.0,99.0531282585223
0.0,0.0,temporal_ar1,0.7,3,4,Estimated Rotating Grid B=4,200,2,50,10,64,16,0.001,0.05,1.0,1.0,0.0,0.0,0.0,0.0,0.0,0.0,0.0,0.0,0.0,0.0,0.0,50.0,0.0,1.0,100.0,4.14,0.17640000000000058,0.38947144873288164,16.947445906165463,0.18014866632522955,52.005,2.005,1.82,51.82,30.99345238095238,4.0,1.2565178571428572,0.0,99.20462957491918
0.0,0.0,temporal_ar1,0.7,3,8,Estimated Rotating Grid B=8,200,2,50,10,64,16,0.001,0.05,1.0,1.0,0.0,0.0,0.0,0.0,0.0,0.0,0.0,0.0,0.0,0.0,0.0,50.0,0.0,1.0,100.0,3.675,0.04900000000000025,0.37339305688990215,16.877342301419368,0.020957240750807526,51.81,1.81,1.085,51.085,30.9968253968254,8.0,0.8917936507936508,0.0,99.31439099983425
0.0,0.0,temporal_ar1,0.7,3,2,Sparse-TopK Feedback Grid B=2 sm=1 tf=0.25,200,2,50,10,64,16,0.001,0.05,1.0,1.0,0.0,0.0,0.0,0.0,0.0,0.0,0.0,0.0,0.0,1.0,0.25,49.985,0.009800000000005013,0.9997,98.5,5.24,0.019599999999999583,0.41883523209125806,16.83739541052687,0.09925001389861483,51.3,1.315,5.065,55.05,19.816269841269843,4.0,1.7999821428571432,0.0,99.01269093449437
0.0,0.0,temporal_ar1,0.7,3,2,Sparse-TopK Feedback Grid B=2 sm=1 tf=0.5,200,2,50,10,64,16,0.001,0.05,1.0,1.0,0.0,0.0,0.0,0.0,0.0,0.0,0.0,0.0,0.0,1.0,0.5,49.985,0.009800000000005013,0.9997,98.5,5.24,0.019599999999999583,0.41883523209125806,16.83739541052687,0.09925001389861483,51.3,1.315,5.065,55.05,19.816269841269843,4.0,1.7999821428571432,0.0,99.01269093449437
0.0,0.0,temporal_ar1,0.7,3,2,Sparse-TopK Feedback Grid B=2 sm=1 tf=0.75,200,2,50,10,64,16,0.001,0.05,1.0,1.0,0.0,0.0,0.0,0.0,0.0,0.0,0.0,0.0,0.0,1.0,0.75,49.985,0.009800000000005013,0.9997,98.5,5.24,0.019599999999999583,0.41883523209125806,16.83739541052687,0.09925001389861483,51.3,1.315,5.065,55.05,19.816269841269843,4.0,1.7999821428571432,0.0,99.01269093449437
0.0,0.0,temporal_ar1,0.7,3,2,Sparse-TopK Feedback Grid B=2 sm=2 tf=0.25,200,2,50,10,64,16,0.001,0.05,1.0,1.0,0.0,0.0,0.0,0.0,0.0,0.0,0.0,0.0,0.0,2.0,0.25,50.0,0.0,1.0,100.0,4.525,0.24499999999999997,0.4143585312598347,16.71963878000308,0.27393329884340895,51.175,1.175,3.275,53.275,19.438690476190477,6.0,1.332045634920635,0.0,99.14200162687679
0.0,0.0,temporal_ar1,0.7,3,2,Sparse-TopK Feedback Grid B=2 sm=2 tf=0.5,200,2,50,10,64,16,0.001,0.05,1.0,1.0,0.0,0.0,0.0,0.0,0.0,0.0,0.0,0.0,0.0,2.0,0.5,50.0,0.0,1.0,100.0,4.525,0.24499999999999997,0.4143585312598347,16.71963878000308,0.27393329884340895,51.175,1.175,3.275,53.275,19.438690476190477,6.0,1.332045634920635,0.0,99.14200162687679
0.0,0.0,temporal_ar1,0.7,3,2,Sparse-TopK Feedback Grid B=2 sm=2 tf=0.75,200,2,50,10,64,16,0.001,0.05,1.0,1.0,0.0,0.0,0.0,0.0,0.0,0.0,0.0,0.0,0.0,2.0,0.75,50.0,0.0,1.0,100.0,4.21,0.37240000000000073,0.4143931510189911,16.781650554966603,0.19259318649168203,51.285,1.285,2.695,52.695,22.029761904761905,6.0,1.2490376984126985,0.0,99.16055689208737
0.0,0.0,temporal_ar1,0.7,3,2,Sparse-TopK Feedback Grid B=2 sm=3 tf=0.25,200,2,50,10,64,16,0.001,0.05,1.0,1.0,0.0,0.0,0.0,0.0,0.0,0.0,0.0,0.0,0.0,3.0,0.25,50.0,0.0,1.0,100.0,4.165,0.02939999999999937,0.40226731901541624,16.571323968472083,0.3569450206522543,50.975,0.975,2.825,52.825,18.18472222222222,8.0,1.1337936507936508,0.0,99.23885882644603
0.0,0.0,temporal_ar1,0.7,3,2,Sparse-TopK Feedback Grid B=2 sm=3 tf=0.5,200,2,50,10,64,16,0.001,0.05,1.0,1.0,0.0,0.0,0.0,0.0,0.0,0.0,0.0,0.0,0.0,3.0,0.5,50.0,0.0,1.0,100.0,4.165,0.02939999999999937,0.40226731901541624,16.571323968472083,0.3569450206522543,50.975,0.975,2.825,52.825,18.18472222222222,8.0,1.1337936507936508,0.0,99.23885882644603
0.0,0.0,temporal_ar1,0.7,3,2,Sparse-TopK Feedback Grid B=2 sm=3 tf=0.75,200,2,50,10,64,16,0.001,0.05,1.0,1.0,0.0,0.0,0.0,0.0,0.0,0.0,0.0,0.0,0.0,3.0,0.75,50.0,0.0,1.0,100.0,3.82,0.05880000000000005,0.3996064445905664,16.634991108166084,0.37241615156006636,51.135,1.135,1.81,51.81,21.86547619047619,8.0,0.963172619047619,0.0,99.26288395009253
0.0,0.0,temporal_ar1,0.7,3,4,Sparse-TopK Feedback Grid B=4 sm=1 tf=0.25,200,2,50,10,64,16,0.001,0.05,1.0,1.0,0.0,0.0,0.0,0.0,0.0,0.0,0.0,0.0,0.0,1.0,0.25,49.99,0.019600000000003066,0.9998,99.0,4.965,0.20579999999999996,0.42324194312227426,16.562398004279085,0.1417621322266651,50.745,0.755,4.81,54.8,12.242261904761904,8.0,1.382029761904762,0.0,99.08169474290918
0.0,0.0,temporal_ar1,0.7,3,4,Sparse-TopK Feedback Grid B=4 sm=1 tf=0.5,200,2,50,10,64,16,0.001,0.05,1.0,1.0,0.0,0.0,0.0,0.0,0.0,0.0,0.0,0.0,0.0,1.0,0.5,49.99,0.019600000000003066,0.9998,99.0,4.965,0.20579999999999996,0.42335436200424825,16.564098452987988,0.16808426964971843,50.745,0.755,4.81,54.8,12.149206349206349,8.0,1.382029761904762,0.0,99.08242936423235
0.0,0.0,temporal_ar1,0.7,3,4,Sparse-TopK Feedback Grid B=4 sm=1 tf=0.75,200,2,50,10,64,16,0.001,0.05,1.0,1.0,0.0,0.0,0.0,0.0,0.0,0.0,0.0,0.0,0.0,1.0,0.75,49.99,0.019600000000003066,0.9998,99.0,4.965,0.20579999999999996,0.4232756628672268,16.558339599000377,0.13801779679408022,50.735,0.745,4.81,54.8,12.070833333333333,8.0,1.382029761904762,0.0,99.08372394554856
0.0,0.0,temporal_ar1,0.7,3,4,Sparse-TopK Feedback Grid B=4 sm=2 tf=0.25,200,2,50,10,64,16,0.001,0.05,1.0,1.0,0.0,0.0,0.0,0.0,0.0,0.0,0.0,0.0,0.0,2.0,0.25,49.995,0.00979999999999805,0.9998999999999999,99.5,4.44,0.0980000000000005,0.40626896258425704,16.48517441839532,0.08760199979517137,50.6,0.605,3.71,53.705,11.008928571428571,12.0,1.0443948412698412,0.0,99.22082068023829
0.0,0.0,temporal_ar1,0.7,3,4,Sparse-TopK Feedback Grid B=4 sm=2 tf=0.5,200,2,50,10,64,16,0.001,0.05,1.0,1.0,0.0,0.0,0.0,0.0,0.0,0.0,0.0,0.0,0.0,2.0,0.5,50.0,0.0,1.0,100.0,4.2,0.019599999999999583,0.4056377511254594,16.47340531693438,0.07650488099746801,50.615,0.615,3.055,53.055,12.175396825396824,12.0,0.9545714285714285,0.0,99.25331336098516
0.0,0.0,temporal_ar1,0.7,3,4,Sparse-TopK Feedback Grid B=4 sm=2 tf=0.75,200,2,50,10,64,16,0.001,0.05,1.0,1.0,0.0,0.0,0.0,0.0,0.0,0.0,0.0,0.0,0.0,2.0,0.75,50.0,0.0,1.0,100.0,4.03,0.07840000000000007,0.4068571506288414,16.473496317647605,0.1042170773894746,50.61,0.61,2.64,52.64,12.091071428571428,12.0,0.8855099206349206,0.0,99.25688668802734
0.0,0.0,temporal_ar1,0.7,3,4,Sparse-TopK Feedback Grid B=4 sm=3 tf=0.25,200,2,50,10,64,16,0.001,0.05,1.0,1.0,0.0,0.0,0.0,0.0,0.0,0.0,0.0,0.0,0.0,3.0,0.25,49.995,0.00979999999999805,0.9998999999999999,99.5,4.255,0.06860000000000027,0.40259299023882705,16.444207936431635,0.10235225516090515,50.49,0.495,3.61,53.605,9.86547619047619,16.0,0.9577619047619046,0.0,99.25509507728707
0.0,0.0,temporal_ar1,0.7,3,4,Sparse-TopK Feedback Grid B=4 sm=3 tf=0.5,200,2,50,10,64,16,0.001,0.05,1.0,1.0,0.0,0.0,0.0,0.0,0.0,0.0,0.0,0.0,0.0,3.0,0.5,50.0,0.0,1.0,100.0,3.965,0.20580000000000037,0.3976842554132144,16.427941451634826,0.0671151094943199,50.535,0.535,2.86,52.86,11.064285714285713,16.0,0.8256984126984126,0.0,99.30278784967497
0.0,0.0,temporal_ar1,0.7,3,4,Sparse-TopK Feedback Grid B=4 sm=3 tf=0.75,200,2,50,10,64,16,0.001,0.05,1.0,1.0,0.0,0.0,0.0,0.0,0.0,0.0,0.0,0.0,0.0,3.0,0.75,50.0,0.0,1.0,100.0,3.67,0.1372000000000001,0.40119266199786935,16.403508512679533,0.154829984361776,50.49,0.49,2.22,52.22,11.160714285714285,16.0,0.7193214285714287,0.0,99.31354210645391
0.0,0.0,temporal_ar1,0.7,3,8,Sparse-TopK Feedback Grid B=8 sm=1 tf=0.25,200,2,50,10,64,16,0.001,0.05,1.0,1.0,0.0,0.0,0.0,0.0,0.0,0.0,0.0,0.0,0.0,1.0,0.25,50.0,0.0,1.0,100.0,4.56,0.1176000000000001,0.41207978088479735,16.358858376620347,0.015879240700617955,50.285,0.285,4.76,54.76,5.621428571428572,16.0,1.149392857142857,0.0,99.21235087213685
0.0,0.0,temporal_ar1,0.7,3,8,Sparse-TopK Feedback Grid B=8 sm=1 tf=0.5,200,2,50,10,64,16,0.001,0.05,1.0,1.0,0.0,0.0,0.0,0.0,0.0,0.0,0.0,0.0,0.0,1.0,0.5,50.0,0.0,1.0,100.0,4.56,0.1176000000000001,0.41133279756373153,16.351216154230627,0.0022927506767888416,50.275,0.275,4.76,54.76,5.458928571428572,16.0,1.149392857142857,0.0,99.21617198333172
0.0,0.0,temporal_ar1,0.7,3,8,Sparse-TopK Feedback Grid B=8 sm=1 tf=0.75,200,2,50,10,64,16,0.001,0.05,1.0,1.0,0.0,0.0,0.0,0.0,0.0,0.0,0.0,0.0,0.0,1.0,0.75,50.0,0.0,1.0,100.0,4.56,0.1176000000000001,0.4121093423212024,16.35594971013729,0.006051104128006131,50.275,0.275,4.76,54.76,5.438095238095238,16.0,1.149392857142857,0.0,99.21380520537839
0.0,0.0,temporal_ar1,0.7,3,8,Sparse-TopK Feedback Grid B=8 sm=2 tf=0.25,200,2,50,10,64,16,0.001,0.05,1.0,1.0,0.0,0.0,0.0,0.0,0.0,0.0,0.0,0.0,0.0,2.0,0.25,50.0,0.0,1.0,100.0,4.125,0.049000000000000696,0.39689740507648963,16.330265439342543,0.0029065906489358895,50.22,0.22,3.665,53.665,4.760714285714285,24.0,0.8232083333333332,0.0,99.30320211261358
0.0,0.0,temporal_ar1,0.7,3,8,Sparse-TopK Feedback Grid B=8 sm=2 tf=0.5,200,2,50,10,64,16,0.001,0.05,1.0,1.0,0.0,0.0,0.0,0.0,0.0,0.0,0.0,0.0,0.0,2.0,0.5,50.0,0.0,1.0,100.0,3.955,0.06860000000000027,0.39232485301840725,16.320538215939564,0.034874696183790445,50.26,0.26,3.025,53.025,5.68452380952381,24.0,0.7150714285714286,0.0,99.33052719861321
0.0,0.0,temporal_ar1,0.7,3,8,Sparse-TopK Feedback Grid B=8 sm=2 tf=0.75,200,2,50,10,64,16,0.001,0.05,1.0,1.0,0.0,0.0,0.0,0.0,0.0,0.0,0.0,0.0,0.0,2.0,0.75,50.0,0.0,1.0,100.0,3.715,0.04900000000000025,0.4039363783865147,16.374773231943934,0.009246361531558023,50.24,0.24,2.57,52.57,5.675,24.0,0.6573333333333333,0.0,99.3209497074172
0.0,0.0,temporal_ar1,0.7,3,8,Sparse-TopK Feedback Grid B=8 sm=3 tf=0.25,200,2,50,10,64,16,0.001,0.05,1.0,1.0,0.0,0.0,0.0,0.0,0.0,0.0,0.0,0.0,0.0,3.0,0.25,50.0,0.0,1.0,100.0,4.125,0.049000000000000696,0.39689740507648963,16.330265439342543,0.0029065906489358895,50.22,0.22,3.665,53.665,4.760714285714285,24.0,0.8232083333333332,0.0,99.30320211261358
0.0,0.0,temporal_ar1,0.7,3,8,Sparse-TopK Feedback Grid B=8 sm=3 tf=0.5,200,2,50,10,64,16,0.001,0.05,1.0,1.0,0.0,0.0,0.0,0.0,0.0,0.0,0.0,0.0,0.0,3.0,0.5,50.0,0.0,1.0,100.0,3.955,0.06860000000000027,0.39232485301840725,16.320538215939564,0.034874696183790445,50.26,0.26,3.025,53.025,5.68452380952381,24.0,0.7150714285714286,0.0,99.33052719861321
0.0,0.0,temporal_ar1,0.7,3,8,Sparse-TopK Feedback Grid B=8 sm=3 tf=0.75,200,2,50,10,64,16,0.001,0.05,1.0,1.0,0.0,0.0,0.0,0.0,0.0,0.0,0.0,0.0,0.0,3.0,0.75,50.0,0.0,1.0,100.0,3.715,0.04900000000000025,0.4039363783865147,16.374773231943934,0.009246361531558023,50.24,0.24,2.57,52.57,5.675,24.0,0.6573333333333333,0.0,99.3209497074172
0.0,0.0,temporal_ar1,0.7,3,2,Stale-TopK Feedback Grid B=2,200,2,50,10,64,16,0.001,0.05,1.0,1.0,0.0,0.0,0.0,0.0,0.0,0.0,0.0,0.0,0.0,0.0,0.0,50.0,0.0,1.0,100.0,3.785,0.009800000000000225,0.37931531376610456,16.588917811114488,0.02209712986571716,50.97,0.97,2.06,52.06,17.173214285714284,18.0,0.7391190476190477,0.0,99.33820967052638
0.0,0.0,temporal_ar1,0.7,3,4,Stale-TopK Feedback Grid B=4,200,2,50,10,64,16,0.001,0.05,1.0,1.0,0.0,0.0,0.0,0.0,0.0,0.0,0.0,0.0,0.0,0.0,0.0,50.0,0.0,1.0,100.0,3.84,0.1372000000000001,0.38517417989249986,16.411761051286145,0.03968355434530302,50.54,0.54,2.55,52.55,11.233333333333333,20.0,0.7001686507936508,0.0,99.34469671250086
0.0,0.0,temporal_ar1,0.7,3,8,Stale-TopK Feedback Grid B=8,200,2,50,10,64,16,0.001,0.05,1.0,1.0,0.0,0.0,0.0,0.0,0.0,0.0,0.0,0.0,0.0,0.0,0.0,50.0,0.0,1.0,100.0,3.955,0.06860000000000027,0.39245002101922,16.319712461896827,0.045863433475684084,50.255,0.255,3.025,53.025,5.601190476190476,24.0,0.7150714285714286,0.0,99.33094007563457
0.0,0.0,temporal_ar1,0.7,3,2,Temporal Deviation Oracle B=2,200,2,50,10,64,16,0.001,0.05,1.0,1.0,0.0,0.0,0.0,0.0,0.0,0.0,0.0,0.0,0.0,0.0,0.0,50.0,0.0,1.0,100.0,3.76,0.2548000000000002,0.39815705605123525,16.329150928510618,0.0180497952951184,50.22,0.22,2.75,52.75,5.121428571428572,2.0,0.6589404761904761,0.0,99.32408590218914
0.0,0.0,temporal_ar1,0.7,3,4,Temporal Deviation Oracle B=4,200,2,50,10,64,16,0.001,0.05,1.0,1.0,0.0,0.0,0.0,0.0,0.0,0.0,0.0,0.0,0.0,0.0,0.0,50.0,0.0,1.0,100.0,3.235,0.04899999999999982,0.3983742402382231,16.41158179897093,0.0047973745086586205,50.33,0.33,1.55,51.55,8.633333333333333,4.0,0.491,0.0,99.37370947641699
0.0,0.0,temporal_ar1,0.7,3,8,Temporal Deviation Oracle B=8,200,2,50,10,64,16,0.001,0.05,1.0,1.0,0.0,0.0,0.0,0.0,0.0,0.0,0.0,0.0,0.0,0.0,0.0,50.0,0.0,1.0,100.0,3.115,0.029399999999999808,0.3723570345182364,16.45683279311265,0.030829197540333475,50.67,0.67,1.075,51.075,16.441666666666666,8.0,0.47633333333333333,0.0,99.42654646368693
0.0,0.0,temporal_ar1,0.9,1,2,Estimated Rotating Grid B=2,200,2,50,10,64,16,0.001,0.05,1.0,1.0,0.0,0.0,0.0,0.0,0.0,0.0,0.0,0.0,0.0,0.0,0.0,50.0,0.0,1.0,100.0,4.4,0.15680000000000013,0.4106085162320982,17.19119214563511,0.29380138306354336,52.14,2.14,2.04,52.04,31.897023809523812,2.0,1.640279761904762,0.0,99.11980778704245
0.0,0.0,temporal_ar1,0.9,1,4,Estimated Rotating Grid B=4,200,2,50,10,64,16,0.001,0.05,1.0,1.0,0.0,0.0,0.0,0.0,0.0,0.0,0.0,0.0,0.0,0.0,0.0,50.0,0.0,1.0,100.0,3.805,0.10779999999999985,0.38307155878467364,16.750137136868304,0.1789497095147743,51.64,1.64,1.065,51.065,27.354761904761904,4.0,1.1347738095238096,0.0,99.26753804239796
0.0,0.0,temporal_ar1,0.9,1,8,Estimated Rotating Grid B=8,200,2,50,10,64,16,0.001,0.05,1.0,1.0,0.0,0.0,0.0,0.0,0.0,0.0,0.0,0.0,0.0,0.0,0.0,50.0,0.0,1.0,100.0,3.445,0.009800000000000225,0.36863778677740117,16.796935641646645,0.07971854035206377,51.59,1.59,0.565,50.565,27.682142857142857,8.0,0.8082261904761904,0.0,99.35365275383342
0.0,0.0,temporal_ar1,0.9,1,2,Sparse-TopK Feedback Grid B=2 sm=1 tf=0.25,200,2,50,10,64,16,0.001,0.05,1.0,1.0,0.0,0.0,0.0,0.0,0.0,0.0,0.0,0.0,0.0,1.0,0.25,49.98,0.019600000000003066,0.9995999999999999,98.0,4.675,0.16659999999999991,0.4066899134192918,16.732192975476597,0.040448004832218276,51.315,1.335,2.975,52.955,22.462896825396825,4.0,1.652281746031746,0.0,99.09954964605433
0.0,0.0,temporal_ar1,0.9,1,2,Sparse-TopK Feedback Grid B=2 sm=1 tf=0.5,200,2,50,10,64,16,0.001,0.05,1.0,1.0,0.0,0.0,0.0,0.0,0.0,0.0,0.0,0.0,0.0,1.0,0.5,49.98,0.019600000000003066,0.9995999999999999,98.0,4.675,0.16659999999999991,0.4066899134192918,16.732192975476597,0.040448004832218276,51.315,1.335,2.975,52.955,22.462896825396825,4.0,1.652281746031746,0.0,99.09954964605433
0.0,0.0,temporal_ar1,0.9,1,2,Sparse-TopK Feedback Grid B=2 sm=1 tf=0.75,200,2,50,10,64,16,0.001,0.05,1.0,1.0,0.0,0.0,0.0,0.0,0.0,0.0,0.0,0.0,0.0,1.0,0.75,49.98,0.019600000000003066,0.9995999999999999,98.0,4.675,0.16659999999999991,0.4066899134192918,16.732192975476597,0.040448004832218276,51.315,1.335,2.975,52.955,22.462896825396825,4.0,1.652281746031746,0.0,99.09954964605433
0.0,0.0,temporal_ar1,0.9,1,2,Sparse-TopK Feedback Grid B=2 sm=2 tf=0.25,200,2,50,10,64,16,0.001,0.05,1.0,1.0,0.0,0.0,0.0,0.0,0.0,0.0,0.0,0.0,0.0,2.0,0.25,50.0,0.0,1.0,100.0,3.86,0.21560000000000018,0.3861042855083525,16.447807170719702,0.23019980416476682,50.99,0.99,1.685,51.685,18.81984126984127,6.0,1.1465257936507935,0.0,99.28867078034641
0.0,0.0,temporal_ar1,0.9,1,2,Sparse-TopK Feedback Grid B=2 sm=2 tf=0.5,200,2,50,10,64,16,0.001,0.05,1.0,1.0,0.0,0.0,0.0,0.0,0.0,0.0,0.0,0.0,0.0,2.0,0.5,50.0,0.0,1.0,100.0,3.86,0.21560000000000018,0.3861042855083525,16.447807170719702,0.23019980416476682,50.99,0.99,1.685,51.685,18.81984126984127,6.0,1.1465257936507935,0.0,99.28867078034641
0.0,0.0,temporal_ar1,0.9,1,2,Sparse-TopK Feedback Grid B=2 sm=2 tf=0.75,200,2,50,10,64,16,0.001,0.05,1.0,1.0,0.0,0.0,0.0,0.0,0.0,0.0,0.0,0.0,0.0,2.0,0.75,50.0,0.0,1.0,100.0,3.79,0.1763999999999997,0.3877529490056495,16.47322210172428,0.1579844561811206,50.955,0.955,1.65,51.65,18.09444444444444,6.0,1.097484126984127,0.0,99.28595088961552
0.0,0.0,temporal_ar1,0.9,1,2,Sparse-TopK Feedback Grid B=2 sm=3 tf=0.25,200,2,50,10,64,16,0.001,0.05,1.0,1.0,0.0,0.0,0.0,0.0,0.0,0.0,0.0,0.0,0.0,3.0,0.25,50.0,0.0,1.0,100.0,3.735,0.04899999999999982,0.3791827014724152,16.455433108508693,0.2373859229728376,51.06,1.06,1.345,51.345,20.542460317460318,8.0,0.9412539682539682,0.0,99.31184954618195
0.0,0.0,temporal_ar1,0.9,1,2,Sparse-TopK Feedback Grid B=2 sm=3 tf=0.5,200,2,50,10,64,16,0.001,0.05,1.0,1.0,0.0,0.0,0.0,0.0,0.0,0.0,0.0,0.0,0.0,3.0,0.5,50.0,0.0,1.0,100.0,3.735,0.04899999999999982,0.3791827014724152,16.455433108508693,0.2373859229728376,51.06,1.06,1.345,51.345,20.542460317460318,8.0,0.9412539682539682,0.0,99.31184954618195
0.0,0.0,temporal_ar1,0.9,1,2,Sparse-TopK Feedback Grid B=2 sm=3 tf=0.75,200,2,50,10,64,16,0.001,0.05,1.0,1.0,0.0,0.0,0.0,0.0,0.0,0.0,0.0,0.0,0.0,3.0,0.75,50.0,0.0,1.0,100.0,3.56,0.05880000000000005,0.3777226335912677,16.48141645467617,0.39399127120890626,51.055,1.055,1.045,51.045,20.675,8.0,0.8638194444444445,0.0,99.32724267402246
0.0,0.0,temporal_ar1,0.9,1,4,Sparse-TopK Feedback Grid B=4 sm=1 tf=0.25,200,2,50,10,64,16,0.001,0.05,1.0,1.0,0.0,0.0,0.0,0.0,0.0,0.0,0.0,0.0,0.0,1.0,0.25,50.0,0.0,1.0,100.0,3.885,0.24499999999999997,0.3850397086766341,16.26444894678354,0.021451087475917983,50.615,0.615,2.3,52.3,12.099603174603175,8.0,1.157656746031746,0.0,99.29516830066444
0.0,0.0,temporal_ar1,0.9,1,4,Sparse-TopK Feedback Grid B=4 sm=1 tf=0.5,200,2,50,10,64,16,0.001,0.05,1.0,1.0,0.0,0.0,0.0,0.0,0.0,0.0,0.0,0.0,0.0,1.0,0.5,50.0,0.0,1.0,100.0,3.885,0.24499999999999997,0.3860089309003795,16.264887767145478,0.022311175385318835,50.61,0.61,2.3,52.3,12.028174603174602,8.0,1.157656746031746,0.0,99.29494889048347
0.0,0.0,temporal_ar1,0.9,1,4,Sparse-TopK Feedback Grid B=4 sm=1 tf=0.75,200,2,50,10,64,16,0.001,0.05,1.0,1.0,0.0,0.0,0.0,0.0,0.0,0.0,0.0,0.0,0.0,1.0,0.75,50.0,0.0,1.0,100.0,3.885,0.24499999999999997,0.38640383804054534,16.268688380029836,0.029760376638654336,50.615,0.615,2.3,52.3,12.083730158730159,8.0,1.157656746031746,0.0,99.29304858404132
0.0,0.0,temporal_ar1,0.9,1,4,Sparse-TopK Feedback Grid B=4 sm=2 tf=0.25,200,2,50,10,64,16,0.001,0.05,1.0,1.0,0.0,0.0,0.0,0.0,0.0,0.0,0.0,0.0,0.0,2.0,0.25,50.0,0.0,1.0,100.0,3.575,0.06859999999999984,0.37088706043421704,16.21696501165335,0.2206313166843606,50.525,0.525,1.74,51.74,11.276785714285714,12.0,0.8234285714285714,0.0,99.36430637643235
0.0,0.0,temporal_ar1,0.9,1,4,Sparse-TopK Feedback Grid B=4 sm=2 tf=0.5,200,2,50,10,64,16,0.001,0.05,1.0,1.0,0.0,0.0,0.0,0.0,0.0,0.0,0.0,0.0,0.0,2.0,0.5,50.0,0.0,1.0,100.0,3.49,0.0,0.370810962804577,16.184889631984607,0.1650447855359733,50.515,0.515,1.58,51.58,11.407142857142857,12.0,0.7874047619047618,0.0,99.37000099137185
0.0,0.0,temporal_ar1,0.9,1,4,Sparse-TopK Feedback Grid B=4 sm=2 tf=0.75,200,2,50,10,64,16,0.001,0.05,1.0,1.0,0.0,0.0,0.0,0.0,0.0,0.0,0.0,0.0,0.0,2.0,0.75,50.0,0.0,1.0,100.0,3.4,0.019600000000000017,0.3722114276391326,16.189849451358096,0.09140172681582669,50.505,0.505,1.515,51.515,12.092857142857143,12.0,0.7699285714285713,0.0,99.37738686948538
0.0,0.0,temporal_ar1,0.9,1,4,Sparse-TopK Feedback Grid B=4 sm=3 tf=0.25,200,2,50,10,64,16,0.001,0.05,1.0,1.0,0.0,0.0,0.0,0.0,0.0,0.0,0.0,0.0,0.0,3.0,0.25,50.0,0.0,1.0,100.0,3.48,0.19600000000000015,0.3639115340060732,16.203076607598547,0.12376626540160805,50.53,0.53,1.615,51.615,11.668452380952381,16.0,0.676875,0.0,99.39676849400352
0.0,0.0,temporal_ar1,0.9,1,4,Sparse-TopK Feedback Grid B=4 sm=3 tf=0.5,200,2,50,10,64,16,0.001,0.05,1.0,1.0,0.0,0.0,0.0,0.0,0.0,0.0,0.0,0.0,0.0,3.0,0.5,50.0,0.0,1.0,100.0,3.265,0.06859999999999984,0.35998937972079703,16.1698019780829,0.12825378765519047,50.495,0.495,1.345,51.345,12.327380952380953,16.0,0.611547619047619,0.0,99.42382546602975
0.0,0.0,temporal_ar1,0.9,1,4,Sparse-TopK Feedback Grid B=4 sm=3 tf=0.75,200,2,50,10,64,16,0.001,0.05,1.0,1.0,0.0,0.0,0.0,0.0,0.0,0.0,0.0,0.0,0.0,3.0,0.75,50.0,0.0,1.0,100.0,3.15,0.019600000000000017,0.35727739535838876,16.123931792570207,0.17455190789829653,50.44,0.44,1.185,51.185,11.233333333333333,16.0,0.5594999999999999,0.0,99.4385339775322
0.0,0.0,temporal_ar1,0.9,1,8,Sparse-TopK Feedback Grid B=8 sm=1 tf=0.25,200,2,50,10,64,16,0.001,0.05,1.0,1.0,0.0,0.0,0.0,0.0,0.0,0.0,0.0,0.0,0.0,1.0,0.25,50.0,0.0,1.0,100.0,3.63,0.03920000000000003,0.3647934092903594,16.054622115407444,0.11843572112544873,50.295,0.295,2.23,52.23,6.609523809523809,16.0,0.8383452380952382,0.0,99.3696814629482
0.0,0.0,temporal_ar1,0.9,1,8,Sparse-TopK Feedback Grid B=8 sm=1 tf=0.5,200,2,50,10,64,16,0.001,0.05,1.0,1.0,0.0,0.0,0.0,0.0,0.0,0.0,0.0,0.0,0.0,1.0,0.5,50.0,0.0,1.0,100.0,3.63,0.03920000000000003,0.36404716702021056,16.05064049044988,0.12045785889732882,50.295,0.295,2.23,52.23,6.58452380952381,16.0,0.8383452380952382,0.0,99.37167227542697
0.0,0.0,temporal_ar1,0.9,1,8,Sparse-TopK Feedback Grid B=8 sm=1 tf=0.75,200,2,50,10,64,16,0.001,0.05,1.0,1.0,0.0,0.0,0.0,0.0,0.0,0.0,0.0,0.0,0.0,1.0,0.75,50.0,0.0,1.0,100.0,3.63,0.03920000000000003,0.3636795524299747,16.0466499034093,0.11748490010658258,50.29,0.29,2.23,52.23,6.538690476190475,16.0,0.8383452380952382,0.0,99.37366756894727
0.0,0.0,temporal_ar1,0.9,1,8,Sparse-TopK Feedback Grid B=8 sm=2 tf=0.25,200,2,50,10,64,16,0.001,0.05,1.0,1.0,0.0,0.0,0.0,0.0,0.0,0.0,0.0,0.0,0.0,2.0,0.25,50.0,0.0,1.0,100.0,3.305,0.029399999999999808,0.3527239038061796,16.083314829905326,0.042115803667132135,50.235,0.235,1.765,51.765,5.948214285714286,24.0,0.5382321428571428,0.0,99.43965479821472
0.0,0.0,temporal_ar1,0.9,1,8,Sparse-TopK Feedback Grid B=8 sm=2 tf=0.5,200,2,50,10,64,16,0.001,0.05,1.0,1.0,0.0,0.0,0.0,0.0,0.0,0.0,0.0,0.0,0.0,2.0,0.5,50.0,0.0,1.0,100.0,3.26,0.0,0.3555414746764137,16.076988405210997,0.01940141425622677,50.205,0.205,1.695,51.695,5.230952380952381,24.0,0.5297916666666665,0.0,99.44022322835201
0.0,0.0,temporal_ar1,0.9,1,8,Sparse-TopK Feedback Grid B=8 sm=2 tf=0.75,200,2,50,10,64,16,0.001,0.05,1.0,1.0,0.0,0.0,0.0,0.0,0.0,0.0,0.0,0.0,0.0,2.0,0.75,50.0,0.0,1.0,100.0,3.175,0.08820000000000029,0.3582202512226073,16.105757003617796,0.06255430763029764,50.205,0.205,1.51,51.51,5.40952380952381,24.0,0.4891904761904762,0.0,99.44039874189546
0.0,0.0,temporal_ar1,0.9,1,8,Sparse-TopK Feedback Grid B=8 sm=3 tf=0.25,200,2,50,10,64,16,0.001,0.05,1.0,1.0,0.0,0.0,0.0,0.0,0.0,0.0,0.0,0.0,0.0,3.0,0.25,50.0,0.0,1.0,100.0,3.305,0.029399999999999808,0.3527239038061796,16.083314829905326,0.042115803667132135,50.235,0.235,1.765,51.765,5.948214285714286,24.0,0.5382321428571428,0.0,99.43965479821472
0.0,0.0,temporal_ar1,0.9,1,8,Sparse-TopK Feedback Grid B=8 sm=3 tf=0.5,200,2,50,10,64,16,0.001,0.05,1.0,1.0,0.0,0.0,0.0,0.0,0.0,0.0,0.0,0.0,0.0,3.0,0.5,50.0,0.0,1.0,100.0,3.26,0.0,0.3555414746764137,16.076988405210997,0.01940141425622677,50.205,0.205,1.695,51.695,5.230952380952381,24.0,0.5297916666666665,0.0,99.44022322835201
0.0,0.0,temporal_ar1,0.9,1,8,Sparse-TopK Feedback Grid B=8 sm=3 tf=0.75,200,2,50,10,64,16,0.001,0.05,1.0,1.0,0.0,0.0,0.0,0.0,0.0,0.0,0.0,0.0,0.0,3.0,0.75,50.0,0.0,1.0,100.0,3.175,0.08820000000000029,0.3582202512226073,16.105757003617796,0.06255430763029764,50.205,0.205,1.51,51.51,5.40952380952381,24.0,0.4891904761904762,0.0,99.44039874189546
0.0,0.0,temporal_ar1,0.9,1,2,Stale-TopK Feedback Grid B=2,200,2,50,10,64,16,0.001,0.05,1.0,1.0,0.0,0.0,0.0,0.0,0.0,0.0,0.0,0.0,0.0,0.0,0.0,50.0,0.0,1.0,100.0,3.315,0.06860000000000027,0.3541162956767215,16.375268245144127,0.09636903731327058,50.865,0.865,0.965,50.965,18.18392857142857,18.0,0.5490773809523809,0.0,99.41931852801444
0.0,0.0,temporal_ar1,0.9,1,4,Stale-TopK Feedback Grid B=4,200,2,50,10,64,16,0.001,0.05,1.0,1.0,0.0,0.0,0.0,0.0,0.0,0.0,0.0,0.0,0.0,0.0,0.0,50.0,0.0,1.0,100.0,3.205,0.16659999999999991,0.35925377718106816,16.232410521596897,0.06812453833197175,50.485,0.485,1.17,51.17,11.673809523809522,20.0,0.4905952380952381,0.0,99.42640812199285
0.0,0.0,temporal_ar1,0.9,1,8,Stale-TopK Feedback Grid B=8,200,2,50,10,64,16,0.001,0.05,1.0,1.0,0.0,0.0,0.0,0.0,0.0,0.0,0.0,0.0,0.0,0.0,0.0,50.0,0.0,1.0,100.0,3.26,0.0,0.35482908843872124,16.081035041588347,0.05337164082023342,50.215,0.215,1.695,51.695,5.302380952380952,24.0,0.5297916666666665,0.0,99.43819991016335
0.0,0.0,temporal_ar1,0.9,1,2,Temporal Deviation Oracle B=2,200,2,50,10,64,16,0.001,0.05,1.0,1.0,0.0,0.0,0.0,0.0,0.0,0.0,0.0,0.0,0.0,0.0,0.0,50.0,0.0,1.0,100.0,3.03,0.019600000000000017,0.34887005157051093,16.07531472814989,0.04337305761755168,50.185,0.185,1.4,51.4,5.491666666666666,2.0,0.4464166666666667,0.0,99.47367000219133
0.0,0.0,temporal_ar1,0.9,1,4,Temporal Deviation Oracle B=4,200,2,50,10,64,16,0.001,0.05,1.0,1.0,0.0,0.0,0.0,0.0,0.0,0.0,0.0,0.0,0.0,0.0,0.0,50.0,0.0,1.0,100.0,2.925,0.06859999999999984,0.34973047690675174,16.15936947268403,0.08569842482831035,50.36,0.36,0.86,50.86,10.875,4.0,0.38799999999999996,0.0,99.4884669899982
0.0,0.0,temporal_ar1,0.9,1,8,Temporal Deviation Oracle B=8,200,2,50,10,64,16,0.001,0.05,1.0,1.0,0.0,0.0,0.0,0.0,0.0,0.0,0.0,0.0,0.0,0.0,0.0,50.0,0.0,1.0,100.0,2.97,0.11759999999999966,0.35373774509478223,16.376112454235894,0.043214908981331915,50.73,0.73,0.525,50.525,18.9,8.0,0.3963333333333333,0.0,99.46980740448507
0.0,0.0,temporal_ar1,0.9,3,2,Estimated Rotating Grid B=2,200,2,50,10,64,16,0.001,0.05,1.0,1.0,0.0,0.0,0.0,0.0,0.0,0.0,0.0,0.0,0.0,0.0,0.0,49.99,0.019600000000003066,0.9998,99.0,5.11,0.2155999999999997,0.43039092612269825,17.58253310320177,0.1024004839395625,52.665,2.675,2.64,52.63,34.119841269841274,2.0,1.6735019841269843,0.0,98.93265401790009
0.0,0.0,temporal_ar1,0.9,3,4,Estimated Rotating Grid B=4,200,2,50,10,64,16,0.001,0.05,1.0,1.0,0.0,0.0,0.0,0.0,0.0,0.0,0.0,0.0,0.0,0.0,0.0,50.0,0.0,1.0,100.0,4.215,0.009799999999999792,0.4003776140469877,17.05847882530413,0.19717567225420432,52.03,2.03,1.24,51.24,29.57797619047619,4.0,1.1532460317460318,0.0,99.16274581430972
0.0,0.0,temporal_ar1,0.9,3,8,Estimated Rotating Grid B=8,200,2,50,10,64,16,0.001,0.05,1.0,1.0,0.0,0.0,0.0,0.0,0.0,0.0,0.0,0.0,0.0,0.0,0.0,50.0,0.0,1.0,100.0,3.69,0.03920000000000003,0.3803694417503634,16.934028786850288,0.036922045600793964,51.835,1.835,0.69,50.69,29.26130952380952,8.0,0.8403690476190476,0.0,99.291658819781
0.0,0.0,temporal_ar1,0.9,3,2,Sparse-TopK Feedback Grid B=2 sm=1 tf=0.25,200,2,50,10,64,16,0.001,0.05,1.0,1.0,0.0,0.0,0.0,0.0,0.0,0.0,0.0,0.0,0.0,1.0,0.25,49.96,0.039199999999999166,0.9992,96.0,5.515,0.26460000000000045,0.43456478845874763,17.081977896908427,0.03643645105856933,51.565,1.605,4.28,54.24,22.799603174603174,4.0,1.6924801587301588,0.0,98.86207745498695
0.0,0.0,temporal_ar1,0.9,3,2,Sparse-TopK Feedback Grid B=2 sm=1 tf=0.5,200,2,50,10,64,16,0.001,0.05,1.0,1.0,0.0,0.0,0.0,0.0,0.0,0.0,0.0,0.0,0.0,1.0,0.5,49.96,0.039199999999999166,0.9992,96.0,5.515,0.26460000000000045,0.43456478845874763,17.081977896908427,0.03643645105856933,51.565,1.605,4.28,54.24,22.799603174603174,4.0,1.6924801587301588,0.0,98.86207745498695
0.0,0.0,temporal_ar1,0.9,3,2,Sparse-TopK Feedback Grid B=2 sm=1 tf=0.75,200,2,50,10,64,16,0.001,0.05,1.0,1.0,0.0,0.0,0.0,0.0,0.0,0.0,0.0,0.0,0.0,1.0,0.75,49.96,0.039199999999999166,0.9992,96.0,5.515,0.26460000000000045,0.43456478845874763,17.081977896908427,0.03643645105856933,51.565,1.605,4.28,54.24,22.799603174603174,4.0,1.6924801587301588,0.0,98.86207745498695
0.0,0.0,temporal_ar1,0.9,3,2,Sparse-TopK Feedback Grid B=2 sm=2 tf=0.25,200,2,50,10,64,16,0.001,0.05,1.0,1.0,0.0,0.0,0.0,0.0,0.0,0.0,0.0,0.0,0.0,2.0,0.25,49.985,0.009800000000005013,0.9997,98.5,4.725,0.18620000000000037,0.40644256908513243,16.699380202108063,0.35821313197075894,51.265,1.28,2.585,52.57,19.579365079365083,6.0,1.1922777777777778,0.0,99.10351734309126
0.0,0.0,temporal_ar1,0.9,3,2,Sparse-TopK Feedback Grid B=2 sm=2 tf=0.5,200,2,50,10,64,16,0.001,0.05,1.0,1.0,0.0,0.0,0.0,0.0,0.0,0.0,0.0,0.0,0.0,2.0,0.5,49.985,0.009800000000005013,0.9997,98.5,4.725,0.18620000000000037,0.40644256908513243,16.699380202108063,0.35821313197075894,51.265,1.28,2.585,52.57,19.579365079365083,6.0,1.1922777777777778,0.0,99.10351734309126
0.0,0.0,temporal_ar1,0.9,3,2,Sparse-TopK Feedback Grid B=2 sm=2 tf=0.75,200,2,50,10,64,16,0.001,0.05,1.0,1.0,0.0,0.0,0.0,0.0,0.0,0.0,0.0,0.0,0.0,2.0,0.75,50.0,0.0,1.0,100.0,4.32,0.13719999999999968,0.40435681238422416,16.642899445537196,0.19694715634375481,51.145,1.145,2.17,52.17,19.238690476190477,6.0,1.1207718253968253,0.0,99.16924469198604
0.0,0.0,temporal_ar1,0.9,3,2,Sparse-TopK Feedback Grid B=2 sm=3 tf=0.25,200,2,50,10,64,16,0.001,0.05,1.0,1.0,0.0,0.0,0.0,0.0,0.0,0.0,0.0,0.0,0.0,3.0,0.25,50.0,0.0,1.0,100.0,4.325,0.14700000000000032,0.3933877963377682,16.643902052515067,0.3183439877023274,51.285,1.285,2.1,52.1,21.583333333333332,8.0,1.0142222222222221,0.0,99.2271288562834
0.0,0.0,temporal_ar1,0.9,3,2,Sparse-TopK Feedback Grid B=2 sm=3 tf=0.5,200,2,50,10,64,16,0.001,0.05,1.0,1.0,0.0,0.0,0.0,0.0,0.0,0.0,0.0,0.0,0.0,3.0,0.5,50.0,0.0,1.0,100.0,4.325,0.14700000000000032,0.3933877963377682,16.643902052515067,0.3183439877023274,51.285,1.285,2.1,52.1,21.583333333333332,8.0,1.0142222222222221,0.0,99.2271288562834
0.0,0.0,temporal_ar1,0.9,3,2,Sparse-TopK Feedback Grid B=2 sm=3 tf=0.75,200,2,50,10,64,16,0.001,0.05,1.0,1.0,0.0,0.0,0.0,0.0,0.0,0.0,0.0,0.0,0.0,3.0,0.75,50.0,0.0,1.0,100.0,3.95,0.2548000000000002,0.40042897285356216,16.707605712254697,0.34311161819438973,51.25,1.25,1.34,51.34,22.59603174603175,8.0,0.8958988095238095,0.0,99.23233223587435
0.0,0.0,temporal_ar1,0.9,3,4,Sparse-TopK Feedback Grid B=4 sm=1 tf=0.25,200,2,50,10,64,16,0.001,0.05,1.0,1.0,0.0,0.0,0.0,0.0,0.0,0.0,0.0,0.0,0.0,1.0,0.25,49.99,0.019600000000003066,0.9998,99.0,4.84,0.4115999999999999,0.4094255948729306,16.43399332692561,0.01624994671921193,50.705,0.715,3.765,53.755,11.49265873015873,8.0,1.230611111111111,0.0,99.13598307384183
0.0,0.0,temporal_ar1,0.9,3,4,Sparse-TopK Feedback Grid B=4 sm=1 tf=0.5,200,2,50,10,64,16,0.001,0.05,1.0,1.0,0.0,0.0,0.0,0.0,0.0,0.0,0.0,0.0,0.0,1.0,0.5,49.99,0.019600000000003066,0.9998,99.0,4.84,0.4115999999999999,0.40945240380231485,16.43705053348705,0.036353392840935396,50.715,0.725,3.765,53.755,11.687103174603173,8.0,1.230611111111111,0.0,99.13445447056111
0.0,0.0,temporal_ar1,0.9,3,4,Sparse-TopK Feedback Grid B=4 sm=1 tf=0.75,200,2,50,10,64,16,0.001,0.05,1.0,1.0,0.0,0.0,0.0,0.0,0.0,0.0,0.0,0.0,0.0,1.0,0.75,49.99,0.019600000000003066,0.9998,99.0,4.84,0.4115999999999999,0.4104980831062632,16.442270655049565,0.048578768587956976,50.715,0.725,3.765,53.755,11.678174603174602,8.0,1.230611111111111,0.0,99.13184440977986
0.0,0.0,temporal_ar1,0.9,3,4,Sparse-TopK Feedback Grid B=4 sm=2 tf=0.25,200,2,50,10,64,16,0.001,0.05,1.0,1.0,0.0,0.0,0.0,0.0,0.0,0.0,0.0,0.0,0.0,2.0,0.25,50.0,0.0,1.0,100.0,4.385,0.04899999999999982,0.39728989357579636,16.43133597804329,0.057136638350058395,50.67,0.67,2.68,52.68,11.728968253968254,12.0,0.893424603174603,0.0,99.24205362731871
0.0,0.0,temporal_ar1,0.9,3,4,Sparse-TopK Feedback Grid B=4 sm=2 tf=0.5,200,2,50,10,64,16,0.001,0.05,1.0,1.0,0.0,0.0,0.0,0.0,0.0,0.0,0.0,0.0,0.0,2.0,0.5,50.0,0.0,1.0,100.0,4.125,0.08819999999999985,0.3962958776780268,16.32572451505326,0.07934501624462732,50.555,0.555,2.395,52.395,10.578769841269839,12.0,0.8489345238095237,0.0,99.27075416655558
0.0,0.0,temporal_ar1,0.9,3,4,Sparse-TopK Feedback Grid B=4 sm=2 tf=0.75,200,2,50,10,64,16,0.001,0.05,1.0,1.0,0.0,0.0,0.0,0.0,0.0,0.0,0.0,0.0,0.0,2.0,0.75,50.0,0.0,1.0,100.0,3.915,0.1078000000000003,0.40059122643723816,16.3881338261764,0.009406896381786751,50.625,0.625,2.11,52.11,12.446428571428571,12.0,0.8159464285714286,0.0,99.27176557159073
0.0,0.0,temporal_ar1,0.9,3,4,Sparse-TopK Feedback Grid B=4 sm=3 tf=0.25,200,2,50,10,64,16,0.001,0.05,1.0,1.0,0.0,0.0,0.0,0.0,0.0,0.0,0.0,0.0,0.0,3.0,0.25,50.0,0.0,1.0,100.0,4.205,0.12739999999999987,0.3909098236522614,16.41797564918445,0.13403903344554102,50.66,0.66,2.54,52.54,11.769246031746032,16.0,0.7678392857142856,0.0,99.27842197767917
0.0,0.0,temporal_ar1,0.9,3,4,Sparse-TopK Feedback Grid B=4 sm=3 tf=0.5,200,2,50,10,64,16,0.001,0.05,1.0,1.0,0.0,0.0,0.0,0.0,0.0,0.0,0.0,0.0,0.0,3.0,0.5,50.0,0.0,1.0,100.0,3.865,0.08820000000000029,0.388442621987148,16.35620338880718,0.1431753255064207,50.625,0.625,2.02,52.02,12.94484126984127,16.0,0.6912083333333334,0.0,99.31425776500276
0.0,0.0,temporal_ar1,0.9,3,4,Sparse-TopK Feedback Grid B=4 sm=3 tf=0.75,200,2,50,10,64,16,0.001,0.05,1.0,1.0,0.0,0.0,0.0,0.0,0.0,0.0,0.0,0.0,0.0,3.0,0.75,50.0,0.0,1.0,100.0,3.63,0.2939999999999998,0.3844526285685692,16.30212415127864,0.22504548154957874,50.565,0.565,1.645,51.645,11.482738095238094,16.0,0.6105773809523809,0.0,99.3372363235247
0.0,0.0,temporal_ar1,0.9,3,8,Sparse-TopK Feedback Grid B=8 sm=1 tf=0.25,200,2,50,10,64,16,0.001,0.05,1.0,1.0,0.0,0.0,0.0,0.0,0.0,0.0,0.0,0.0,0.0,1.0,0.25,49.995,0.00979999999999805,0.9998999999999999,99.5,4.26,0.09799999999999964,0.41116855659936385,16.315854765498248,0.16293115764733568,50.325,0.33,3.325,53.32,6.095634920634921,16.0,0.923109126984127,0.0,99.23502685051885
0.0,0.0,temporal_ar1,0.9,3,8,Sparse-TopK Feedback Grid B=8 sm=1 tf=0.5,200,2,50,10,64,16,0.001,0.05,1.0,1.0,0.0,0.0,0.0,0.0,0.0,0.0,0.0,0.0,0.0,1.0,0.5,49.995,0.00979999999999805,0.9998999999999999,99.5,4.26,0.09799999999999964,0.41073415939890595,16.3276460585144,0.15824289371537914,50.355,0.36,3.325,53.32,6.619047619047619,16.0,0.923109126984127,0.0,99.22913120401076
0.0,0.0,temporal_ar1,0.9,3,8,Sparse-TopK Feedback Grid B=8 sm=1 tf=0.75,200,2,50,10,64,16,0.001,0.05,1.0,1.0,0.0,0.0,0.0,0.0,0.0,0.0,0.0,0.0,0.0,1.0,0.75,49.995,0.00979999999999805,0.9998999999999999,99.5,4.26,0.09799999999999964,0.411028952951166,16.32557159045731,0.1623088511072727,50.35,0.355,3.325,53.32,6.531547619047619,16.0,0.923109126984127,0.0,99.23016843803929
0.0,0.0,temporal_ar1,0.9,3,8,Sparse-TopK Feedback Grid B=8 sm=2 tf=0.25,200,2,50,10,64,16,0.001,0.05,1.0,1.0,0.0,0.0,0.0,0.0,0.0,0.0,0.0,0.0,0.0,2.0,0.25,50.0,0.0,1.0,100.0,3.86,0.019600000000000017,0.38793549963292195,16.25849731825459,0.007741217565584506,50.225,0.225,2.565,52.565,5.000595238095238,24.0,0.6315972222222223,0.0,99.34564368528423
0.0,0.0,temporal_ar1,0.9,3,8,Sparse-TopK Feedback Grid B=8 sm=2 tf=0.5,200,2,50,10,64,16,0.001,0.05,1.0,1.0,0.0,0.0,0.0,0.0,0.0,0.0,0.0,0.0,0.0,2.0,0.5,50.0,0.0,1.0,100.0,3.655,0.029399999999999808,0.38791335507279984,16.25669286922697,0.018545052038350104,50.215,0.215,2.27,52.27,4.948214285714285,24.0,0.5882678571428571,0.0,99.35264437814025
0.0,0.0,temporal_ar1,0.9,3,8,Sparse-TopK Feedback Grid B=8 sm=2 tf=0.75,200,2,50,10,64,16,0.001,0.05,1.0,1.0,0.0,0.0,0.0,0.0,0.0,0.0,0.0,0.0,0.0,2.0,0.75,50.0,0.0,1.0,100.0,3.55,0.21560000000000018,0.3912532394874722,16.263310349274434,0.0582587397045468,50.235,0.235,2.02,52.02,5.576190476190476,24.0,0.542422619047619,0.0,99.3506081583408
0.0,0.0,temporal_ar1,0.9,3,8,Sparse-TopK Feedback Grid B=8 sm=3 tf=0.25,200,2,50,10,64,16,0.001,0.05,1.0,1.0,0.0,0.0,0.0,0.0,0.0,0.0,0.0,0.0,0.0,3.0,0.25,50.0,0.0,1.0,100.0,3.86,0.019600000000000017,0.38793549963292195,16.25849731825459,0.007741217565584506,50.225,0.225,2.565,52.565,5.000595238095238,24.0,0.6315972222222223,0.0,99.34564368528423
0.0,0.0,temporal_ar1,0.9,3,8,Sparse-TopK Feedback Grid B=8 sm=3 tf=0.5,200,2,50,10,64,16,0.001,0.05,1.0,1.0,0.0,0.0,0.0,0.0,0.0,0.0,0.0,0.0,0.0,3.0,0.5,50.0,0.0,1.0,100.0,3.655,0.029399999999999808,0.38791335507279984,16.25669286922697,0.018545052038350104,50.215,0.215,2.27,52.27,4.948214285714285,24.0,0.5882678571428571,0.0,99.35264437814025
0.0,0.0,temporal_ar1,0.9,3,8,Sparse-TopK Feedback Grid B=8 sm=3 tf=0.75,200,2,50,10,64,16,0.001,0.05,1.0,1.0,0.0,0.0,0.0,0.0,0.0,0.0,0.0,0.0,0.0,3.0,0.75,50.0,0.0,1.0,100.0,3.55,0.21560000000000018,0.3912532394874722,16.263310349274434,0.0582587397045468,50.235,0.235,2.02,52.02,5.576190476190476,24.0,0.542422619047619,0.0,99.3506081583408
0.0,0.0,temporal_ar1,0.9,3,2,Stale-TopK Feedback Grid B=2,200,2,50,10,64,16,0.001,0.05,1.0,1.0,0.0,0.0,0.0,0.0,0.0,0.0,0.0,0.0,0.0,0.0,0.0,50.0,0.0,1.0,100.0,4.025,0.12739999999999987,0.3699915772987824,16.577787623697287,0.1746611656050333,51.145,1.145,1.54,51.54,19.912698412698415,18.0,0.6373789682539681,0.0,99.32308306652868
0.0,0.0,temporal_ar1,0.9,3,4,Stale-TopK Feedback Grid B=4,200,2,50,10,64,16,0.001,0.05,1.0,1.0,0.0,0.0,0.0,0.0,0.0,0.0,0.0,0.0,0.0,0.0,0.0,50.0,0.0,1.0,100.0,3.87,0.05880000000000005,0.3727207043763164,16.3310519162714,0.002158438382958678,50.595,0.595,1.85,51.85,11.610714285714284,20.0,0.5722797619047619,0.0,99.34793514534451
0.0,0.0,temporal_ar1,0.9,3,8,Stale-TopK Feedback Grid B=8,200,2,50,10,64,16,0.001,0.05,1.0,1.0,0.0,0.0,0.0,0.0,0.0,0.0,0.0,0.0,0.0,0.0,0.0,50.0,0.0,1.0,100.0,3.655,0.029399999999999808,0.38901657843182774,16.26709821072454,0.009935814760817223,50.235,0.235,2.27,52.27,5.452380952380952,24.0,0.5882678571428571,0.0,99.34744170739144
0.0,0.0,temporal_ar1,0.9,3,2,Temporal Deviation Oracle B=2,200,2,50,10,64,16,0.001,0.05,1.0,1.0,0.0,0.0,0.0,0.0,0.0,0.0,0.0,0.0,0.0,0.0,0.0,50.0,0.0,1.0,100.0,3.49,0.039199999999999596,0.38698952259467717,16.2375211273277,0.044824384944837446,50.195,0.195,1.99,51.99,5.0339285714285715,2.0,0.5006547619047619,0.0,99.37387589756406
0.0,0.0,temporal_ar1,0.9,3,4,Temporal Deviation Oracle B=4,200,2,50,10,64,16,0.001,0.05,1.0,1.0,0.0,0.0,0.0,0.0,0.0,0.0,0.0,0.0,0.0,0.0,0.0,50.0,0.0,1.0,100.0,3.2,0.05880000000000005,0.37398646924074747,16.26579606889087,0.06067271517180678,50.39,0.39,1.145,51.145,10.541666666666664,4.0,0.41825,0.0,99.41605238372708
0.0,0.0,temporal_ar1,0.9,3,8,Temporal Deviation Oracle B=8,200,2,50,10,64,16,0.001,0.05,1.0,1.0,0.0,0.0,0.0,0.0,0.0,0.0,0.0,0.0,0.0,0.0,0.0,50.0,0.0,1.0,100.0,3.18,0.09800000000000007,0.37194988169674326,16.47484647549401,0.12511372302472934,50.775,0.775,0.69,50.69,18.9,8.0,0.4169166666666666,0.0,99.40603973498776
0.0,0.0,temporal_ar1,0.98,1,2,Estimated Rotating Grid B=2,200,2,50,10,64,16,0.001,0.05,1.0,1.0,0.0,0.0,0.0,0.0,0.0,0.0,0.0,0.0,0.0,0.0,0.0,49.995,0.00979999999999805,0.9998999999999999,99.5,4.435,0.04899999999999982,0.4166394860703713,16.78231472221988,0.1230823426256927,51.06,1.065,1.02,51.015,19.116666666666667,2.0,1.4093412698412697,0.0,99.13940661904793
0.0,0.0,temporal_ar1,0.98,1,4,Estimated Rotating Grid B=4,200,2,50,10,64,16,0.001,0.05,1.0,1.0,0.0,0.0,0.0,0.0,0.0,0.0,0.0,0.0,0.0,0.0,0.0,50.0,0.0,1.0,100.0,3.63,0.2743999999999998,0.3951057709703457,16.53491366553409,0.34959226344027505,50.915,0.915,0.58,50.58,18.935119047619047,4.0,0.9517301587301588,0.0,99.28695083060911
0.0,0.0,temporal_ar1,0.98,1,8,Estimated Rotating Grid B=8,200,2,50,10,64,16,0.001,0.05,1.0,1.0,0.0,0.0,0.0,0.0,0.0,0.0,0.0,0.0,0.0,0.0,0.0,50.0,0.0,1.0,100.0,3.125,0.009799999999999792,0.37647887603014907,16.482056548474056,0.04633340553366301,50.715,0.715,0.32,50.32,15.333333333333332,8.0,0.55875,0.0,99.40726196040286
0.0,0.0,temporal_ar1,0.98,1,2,Sparse-TopK Feedback Grid B=2 sm=1 tf=0.25,200,2,50,10,64,16,0.001,0.05,1.0,1.0,0.0,0.0,0.0,0.0,0.0,0.0,0.0,0.0,0.0,1.0,0.25,49.98,0.019600000000003066,0.9995999999999999,98.0,4.845,0.20579999999999996,0.40944174777125797,16.56980889464666,0.000630348901263531,50.805,0.825,1.46,51.44,14.368253968253967,4.0,1.4216825396825397,0.0,99.11361701236451
0.0,0.0,temporal_ar1,0.98,1,2,Sparse-TopK Feedback Grid B=2 sm=1 tf=0.5,200,2,50,10,64,16,0.001,0.05,1.0,1.0,0.0,0.0,0.0,0.0,0.0,0.0,0.0,0.0,0.0,1.0,0.5,49.98,0.019600000000003066,0.9995999999999999,98.0,4.845,0.20579999999999996,0.40944174777125797,16.56980889464666,0.000630348901263531,50.805,0.825,1.46,51.44,14.368253968253967,4.0,1.4216825396825397,0.0,99.11361701236451
0.0,0.0,temporal_ar1,0.98,1,2,Sparse-TopK Feedback Grid B=2 sm=1 tf=0.75,200,2,50,10,64,16,0.001,0.05,1.0,1.0,0.0,0.0,0.0,0.0,0.0,0.0,0.0,0.0,0.0,1.0,0.75,49.98,0.019600000000003066,0.9995999999999999,98.0,4.845,0.20579999999999996,0.40944174777125797,16.56980889464666,0.000630348901263531,50.805,0.825,1.46,51.44,14.368253968253967,4.0,1.4216825396825397,0.0,99.11361701236451
0.0,0.0,temporal_ar1,0.98,1,2,Sparse-TopK Feedback Grid B=2 sm=2 tf=0.25,200,2,50,10,64,16,0.001,0.05,1.0,1.0,0.0,0.0,0.0,0.0,0.0,0.0,0.0,0.0,0.0,2.0,0.25,49.985,0.009800000000005013,0.9997,98.5,4.05,0.19600000000000015,0.39346681655974264,16.466594239203456,0.21504538560830944,50.76,0.775,0.835,50.82,15.320436507936508,6.0,0.9889960317460317,0.0,99.24389034969332
0.0,0.0,temporal_ar1,0.98,1,2,Sparse-TopK Feedback Grid B=2 sm=2 tf=0.5,200,2,50,10,64,16,0.001,0.05,1.0,1.0,0.0,0.0,0.0,0.0,0.0,0.0,0.0,0.0,0.0,2.0,0.5,49.985,0.009800000000005013,0.9997,98.5,4.05,0.19600000000000015,0.39346681655974264,16.466594239203456,0.21504538560830944,50.76,0.775,0.835,50.82,15.320436507936508,6.0,0.9889960317460317,0.0,99.24389034969332
0.0,0.0,temporal_ar1,0.98,1,2,Sparse-TopK Feedback Grid B=2 sm=2 tf=0.75,200,2,50,10,64,16,0.001,0.05,1.0,1.0,0.0,0.0,0.0,0.0,0.0,0.0,0.0,0.0,0.0,2.0,0.75,49.99,0.0,0.9998,99.0,3.965,0.08819999999999985,0.3998990637721128,16.45545334905848,0.1721392412605241,50.71,0.72,0.89,50.88,14.60972222222222,6.0,0.9476150793650794,0.0,99.22251614112349
0.0,0.0,temporal_ar1,0.98,1,2,Sparse-TopK Feedback Grid B=2 sm=3 tf=0.25,200,2,50,10,64,16,0.001,0.05,1.0,1.0,0.0,0.0,0.0,0.0,0.0,0.0,0.0,0.0,0.0,3.0,0.25,50.0,0.0,1.0,100.0,3.53,0.09800000000000007,0.3847532199818973,16.36332717274034,0.24904987591171815,50.61,0.61,0.62,50.62,13.515476190476189,8.0,0.7277876984126985,0.0,99.36634968239414
0.0,0.0,temporal_ar1,0.98,1,2,Sparse-TopK Feedback Grid B=2 sm=3 tf=0.5,200,2,50,10,64,16,0.001,0.05,1.0,1.0,0.0,0.0,0.0,0.0,0.0,0.0,0.0,0.0,0.0,3.0,0.5,50.0,0.0,1.0,100.0,3.53,0.09800000000000007,0.3847532199818973,16.36332717274034,0.24904987591171815,50.61,0.61,0.62,50.62,13.515476190476189,8.0,0.7277876984126985,0.0,99.36634968239414
0.0,0.0,temporal_ar1,0.98,1,2,Sparse-TopK Feedback Grid B=2 sm=3 tf=0.75,200,2,50,10,64,16,0.001,0.05,1.0,1.0,0.0,0.0,0.0,0.0,0.0,0.0,0.0,0.0,0.0,3.0,0.75,50.0,0.0,1.0,100.0,3.375,0.12739999999999987,0.3906774991624513,16.351413044119873,0.25309407846024323,50.55,0.55,0.585,50.585,12.545238095238096,8.0,0.6848849206349206,0.0,99.34971740193922
0.0,0.0,temporal_ar1,0.98,1,4,Sparse-TopK Feedback Grid B=4 sm=1 tf=0.25,200,2,50,10,64,16,0.001,0.05,1.0,1.0,0.0,0.0,0.0,0.0,0.0,0.0,0.0,0.0,0.0,1.0,0.25,49.99,0.0,0.9998,99.0,4.27,0.0,0.38876924559807874,16.331436562860116,0.21809376867435182,50.555,0.565,1.155,51.145,11.076984126984128,8.0,0.9846706349206349,0.0,99.2568847719716
0.0,0.0,temporal_ar1,0.98,1,4,Sparse-TopK Feedback Grid B=4 sm=1 tf=0.5,200,2,50,10,64,16,0.001,0.05,1.0,1.0,0.0,0.0,0.0,0.0,0.0,0.0,0.0,0.0,0.0,1.0,0.5,49.99,0.0,0.9998,99.0,4.27,0.0,0.3875705227608789,16.32038770714903,0.24071966418126034,50.54,0.55,1.155,51.145,10.773015873015872,8.0,0.9846706349206349,0.0,99.26240919982715
0.0,0.0,temporal_ar1,0.98,1,4,Sparse-TopK Feedback Grid B=4 sm=1 tf=0.75,200,2,50,10,64,16,0.001,0.05,1.0,1.0,0.0,0.0,0.0,0.0,0.0,0.0,0.0,0.0,0.0,1.0,0.75,49.99,0.0,0.9998,99.0,4.27,0.0,0.38776121063809804,16.321085489310445,0.24046203481367198,50.54,0.55,1.155,51.145,10.744444444444444,8.0,0.9846706349206349,0.0,99.26206030874644
0.0,0.0,temporal_ar1,0.98,1,4,Sparse-TopK Feedback Grid B=4 sm=2 tf=0.25,200,2,50,10,64,16,0.001,0.05,1.0,1.0,0.0,0.0,0.0,0.0,0.0,0.0,0.0,0.0,0.0,2.0,0.25,49.995,0.00979999999999805,0.9998999999999999,99.5,3.52,0.13719999999999968,0.3608068642885325,16.14088936295414,0.06421769255068156,50.325,0.33,0.675,50.67,7.5640873015873025,12.0,0.5714146825396825,0.0,99.41127060693783
0.0,0.0,temporal_ar1,0.98,1,4,Sparse-TopK Feedback Grid B=4 sm=2 tf=0.5,200,2,50,10,64,16,0.001,0.05,1.0,1.0,0.0,0.0,0.0,0.0,0.0,0.0,0.0,0.0,0.0,2.0,0.5,49.99,0.0,0.9998,99.0,3.45,0.1567999999999997,0.36594079207520813,16.205987937234344,0.029614541143766215,50.365,0.375,0.66,50.65,8.404761904761905,12.0,0.5556111111111111,0.0,99.3916800087751
0.0,0.0,temporal_ar1,0.98,1,4,Sparse-TopK Feedback Grid B=4 sm=2 tf=0.75,200,2,50,10,64,16,0.001,0.05,1.0,1.0,0.0,0.0,0.0,0.0,0.0,0.0,0.0,0.0,0.0,2.0,0.75,49.99,0.0,0.9998,99.0,3.41,0.15680000000000013,0.3678308202680611,16.188114931242623,0.015243390817811784,50.34,0.35,0.695,50.685,7.889285714285714,12.0,0.561156746031746,0.0,99.38501289560267
0.0,0.0,temporal_ar1,0.98,1,4,Sparse-TopK Feedback Grid B=4 sm=3 tf=0.25,200,2,50,10,64,16,0.001,0.05,1.0,1.0,0.0,0.0,0.0,0.0,0.0,0.0,0.0,0.0,0.0,3.0,0.25,49.995,0.00979999999999805,0.9998999999999999,99.5,3.335,0.009799999999999792,0.3645761697391262,16.22578185064227,0.04266010412261323,50.375,0.38,0.58,50.575,8.6515873015873,16.0,0.387609126984127,0.0,99.42344096632347
0.0,0.0,temporal_ar1,0.98,1,4,Sparse-TopK Feedback Grid B=4 sm=3 tf=0.5,200,2,50,10,64,16,0.001,0.05,1.0,1.0,0.0,0.0,0.0,0.0,0.0,0.0,0.0,0.0,0.0,3.0,0.5,49.995,0.00979999999999805,0.9998999999999999,99.5,3.265,0.16659999999999991,0.374004959852968,16.27447009360646,0.14851512452325827,50.355,0.36,0.55,50.545,7.815873015873015,16.0,0.3613968253968254,0.0,99.4066290378315
0.0,0.0,temporal_ar1,0.98,1,4,Sparse-TopK Feedback Grid B=4 sm=3 tf=0.75,200,2,50,10,64,16,0.001,0.05,1.0,1.0,0.0,0.0,0.0,0.0,0.0,0.0,0.0,0.0,0.0,3.0,0.75,49.995,0.00979999999999805,0.9998999999999999,99.5,3.225,0.12739999999999987,0.37272385209933007,16.233419073527944,0.05177394908093191,50.325,0.33,0.6,50.595,6.87063492063492,16.0,0.3589265873015873,0.0,99.39671796492159
0.0,0.0,temporal_ar1,0.98,1,8,Sparse-TopK Feedback Grid B=8 sm=1 tf=0.25,200,2,50,10,64,16,0.001,0.05,1.0,1.0,0.0,0.0,0.0,0.0,0.0,0.0,0.0,0.0,0.0,1.0,0.25,49.995,0.00979999999999805,0.9998999999999999,99.5,3.485,0.14699999999999988,0.3691888092493157,16.156484783774406,0.06781532525117491,50.255,0.26,0.89,50.885,5.796825396825397,16.0,0.5781924603174603,0.0,99.39602612440177
0.0,0.0,temporal_ar1,0.98,1,8,Sparse-TopK Feedback Grid B=8 sm=1 tf=0.5,200,2,50,10,64,16,0.001,0.05,1.0,1.0,0.0,0.0,0.0,0.0,0.0,0.0,0.0,0.0,0.0,1.0,0.5,49.995,0.00979999999999805,0.9998999999999999,99.5,3.485,0.14699999999999988,0.3709890475751131,16.167103059662224,0.02482366704491653,50.265,0.27,0.89,50.885,5.913492063492063,16.0,0.5781924603174603,0.0,99.39071698645789
0.0,0.0,temporal_ar1,0.98,1,8,Sparse-TopK Feedback Grid B=8 sm=1 tf=0.75,200,2,50,10,64,16,0.001,0.05,1.0,1.0,0.0,0.0,0.0,0.0,0.0,0.0,0.0,0.0,0.0,1.0,0.75,49.995,0.00979999999999805,0.9998999999999999,99.5,3.485,0.14699999999999988,0.37032875759595596,16.162775919305794,0.03330486214352021,50.26,0.265,0.89,50.885,5.83015873015873,16.0,0.5781924603174603,0.0,99.39288055663609
0.0,0.0,temporal_ar1,0.98,1,8,Sparse-TopK Feedback Grid B=8 sm=2 tf=0.25,200,2,50,10,64,16,0.001,0.05,1.0,1.0,0.0,0.0,0.0,0.0,0.0,0.0,0.0,0.0,0.0,2.0,0.25,49.99,0.0,0.9998,99.0,3.335,0.009799999999999792,0.3637909656262526,16.172121937539593,0.0757348374052841,50.245,0.255,0.565,50.555,5.833333333333334,24.0,0.277031746031746,0.0,99.43054238129575
0.0,0.0,temporal_ar1,0.98,1,8,Sparse-TopK Feedback Grid B=8 sm=2 tf=0.5,200,2,50,10,64,16,0.001,0.05,1.0,1.0,0.0,0.0,0.0,0.0,0.0,0.0,0.0,0.0,0.0,2.0,0.5,49.995,0.00979999999999805,0.9998999999999999,99.5,3.285,0.06859999999999984,0.36361859010671665,16.167402341369485,0.029616749963099237,50.245,0.25,0.625,50.62,5.16329365079365,24.0,0.26840476190476187,0.0,99.42853988806804
0.0,0.0,temporal_ar1,0.98,1,8,Sparse-TopK Feedback Grid B=8 sm=2 tf=0.75,200,2,50,10,64,16,0.001,0.05,1.0,1.0,0.0,0.0,0.0,0.0,0.0,0.0,0.0,0.0,0.0,2.0,0.75,49.995,0.00979999999999805,0.9998999999999999,99.5,3.255,0.08819999999999985,0.3681453659551835,16.210869930589407,0.008436050519203276,50.255,0.26,0.655,50.65,5.416269841269841,24.0,0.264375,0.0,99.41639899478646
0.0,0.0,temporal_ar1,0.98,1,8,Sparse-TopK Feedback Grid B=8 sm=3 tf=0.25,200,2,50,10,64,16,0.001,0.05,1.0,1.0,0.0,0.0,0.0,0.0,0.0,0.0,0.0,0.0,0.0,3.0,0.25,49.99,0.0,0.9998,99.0,3.335,0.009799999999999792,0.3637909656262526,16.172121937539593,0.0757348374052841,50.245,0.255,0.565,50.555,5.833333333333334,24.0,0.277031746031746,0.0,99.43054238129575
0.0,0.0,temporal_ar1,0.98,1,8,Sparse-TopK Feedback Grid B=8 sm=3 tf=0.5,200,2,50,10,64,16,0.001,0.05,1.0,1.0,0.0,0.0,0.0,0.0,0.0,0.0,0.0,0.0,0.0,3.0,0.5,49.995,0.00979999999999805,0.9998999999999999,99.5,3.285,0.06859999999999984,0.36361859010671665,16.167402341369485,0.029616749963099237,50.245,0.25,0.625,50.62,5.16329365079365,24.0,0.26840476190476187,0.0,99.42853988806804
0.0,0.0,temporal_ar1,0.98,1,8,Sparse-TopK Feedback Grid B=8 sm=3 tf=0.75,200,2,50,10,64,16,0.001,0.05,1.0,1.0,0.0,0.0,0.0,0.0,0.0,0.0,0.0,0.0,0.0,3.0,0.75,49.995,0.00979999999999805,0.9998999999999999,99.5,3.255,0.08819999999999985,0.3681453659551835,16.210869930589407,0.008436050519203276,50.255,0.26,0.655,50.65,5.416269841269841,24.0,0.264375,0.0,99.41639899478646
0.0,0.0,temporal_ar1,0.98,1,2,Stale-TopK Feedback Grid B=2,200,2,50,10,64,16,0.001,0.05,1.0,1.0,0.0,0.0,0.0,0.0,0.0,0.0,0.0,0.0,0.0,0.0,0.0,49.995,0.00979999999999805,0.9998999999999999,99.5,3.17,0.1176000000000001,0.3641448993307321,16.32506065851536,0.06902330908405992,50.48,0.485,0.365,50.36,12.29365079365079,18.0,0.27347420634920633,0.0,99.4498077260136
0.0,0.0,temporal_ar1,0.98,1,4,Stale-TopK Feedback Grid B=4,200,2,50,10,64,16,0.001,0.05,1.0,1.0,0.0,0.0,0.0,0.0,0.0,0.0,0.0,0.0,0.0,0.0,0.0,49.99,0.0,0.9998,99.0,3.165,0.08819999999999985,0.3639784001679609,16.22085751536148,0.12490457320463576,50.33,0.34,0.44,50.43,8.173809523809524,20.0,0.2546130952380952,0.0,99.43547663007575
0.0,0.0,temporal_ar1,0.98,1,8,Stale-TopK Feedback Grid B=8,200,2,50,10,64,16,0.001,0.05,1.0,1.0,0.0,0.0,0.0,0.0,0.0,0.0,0.0,0.0,0.0,0.0,0.0,49.995,0.00979999999999805,0.9998999999999999,99.5,3.285,0.06859999999999984,0.3627862335778168,16.1484669230437,0.0681909567793005,50.215,0.22,0.625,50.62,4.874007936507937,24.0,0.26840476190476187,0.0,99.43800759723092
0.0,0.0,temporal_ar1,0.98,1,2,Temporal Deviation Oracle B=2,200,2,50,10,64,16,0.001,0.05,1.0,1.0,0.0,0.0,0.0,0.0,0.0,0.0,0.0,0.0,0.0,0.0,0.0,50.0,0.0,1.0,100.0,2.82,0.019600000000000017,0.36009015845653847,16.172246201760462,0.08995423805321735,50.21,0.21,0.465,50.465,6.266666666666667,2.0,0.19375,0.0,99.48927094482556
0.0,0.0,temporal_ar1,0.98,1,4,Temporal Deviation Oracle B=4,200,2,50,10,64,16,0.001,0.05,1.0,1.0,0.0,0.0,0.0,0.0,0.0,0.0,0.0,0.0,0.0,0.0,0.0,50.0,0.0,1.0,100.0,2.79,0.0,0.356908661862293,16.199416201019115,0.03284327179794587,50.29,0.29,0.265,50.265,9.016666666666666,4.0,0.1825,0.0,99.49790836278447
0.0,0.0,temporal_ar1,0.98,1,8,Temporal Deviation Oracle B=8,200,2,50,10,64,16,0.001,0.05,1.0,1.0,0.0,0.0,0.0,0.0,0.0,0.0,0.0,0.0,0.0,0.0,0.0,50.0,0.0,1.0,100.0,2.84,0.019600000000000017,0.35968902907008343,16.310725833851407,0.08432985251976972,50.465,0.465,0.2,50.2,13.458333333333334,8.0,0.20725000000000002,0.0,99.48304077605087
0.0,0.0,temporal_ar1,0.98,3,2,Estimated Rotating Grid B=2,200,2,50,10,64,16,0.001,0.05,1.0,1.0,0.0,0.0,0.0,0.0,0.0,0.0,0.0,0.0,0.0,0.0,0.0,49.975,0.00979999999999805,0.9995,97.5,4.865,0.14700000000000032,0.4351476998933861,17.03166930486367,0.02407608542562805,51.4,1.425,1.325,51.3,22.876785714285717,2.0,1.4134662698412697,0.0,98.96630483703778
0.0,0.0,temporal_ar1,0.98,3,4,Estimated Rotating Grid B=4,200,2,50,10,64,16,0.001,0.05,1.0,1.0,0.0,0.0,0.0,0.0,0.0,0.0,0.0,0.0,0.0,0.0,0.0,49.99,0.0,0.9998,99.0,3.925,0.06859999999999984,0.4034981884281649,16.686469010557524,0.17821980442957275,51.135,1.145,0.695,50.685,20.981944444444444,4.0,0.9548650793650794,0.0,99.19222141926726
0.0,0.0,temporal_ar1,0.98,3,8,Estimated Rotating Grid B=8,200,2,50,10,64,16,0.001,0.05,1.0,1.0,0.0,0.0,0.0,0.0,0.0,0.0,0.0,0.0,0.0,0.0,0.0,50.0,0.0,1.0,100.0,3.43,0.1372000000000001,0.38413564814595885,16.64764556468863,0.026822381554712102,51.005,1.005,0.41,50.41,18.17142857142857,8.0,0.5793253968253969,0.0,99.32114273386716
0.0,0.0,temporal_ar1,0.98,3,2,Sparse-TopK Feedback Grid B=2 sm=1 tf=0.25,200,2,50,10,64,16,0.001,0.05,1.0,1.0,0.0,0.0,0.0,0.0,0.0,0.0,0.0,0.0,0.0,1.0,0.25,49.94,0.019600000000003066,0.9987999999999999,94.0,5.215,0.02940000000000024,0.42873046622375893,16.73156366844646,0.004925085597982033,50.925,0.985,1.905,51.845,15.563690476190475,4.0,1.4222321428571427,0.0,98.9210412326707
0.0,0.0,temporal_ar1,0.98,3,2,Sparse-TopK Feedback Grid B=2 sm=1 tf=0.5,200,2,50,10,64,16,0.001,0.05,1.0,1.0,0.0,0.0,0.0,0.0,0.0,0.0,0.0,0.0,0.0,1.0,0.5,49.94,0.019600000000003066,0.9987999999999999,94.0,5.215,0.02940000000000024,0.42873046622375893,16.73156366844646,0.004925085597982033,50.925,0.985,1.905,51.845,15.563690476190475,4.0,1.4222321428571427,0.0,98.9210412326707
0.0,0.0,temporal_ar1,0.98,3,2,Sparse-TopK Feedback Grid B=2 sm=1 tf=0.75,200,2,50,10,64,16,0.001,0.05,1.0,1.0,0.0,0.0,0.0,0.0,0.0,0.0,0.0,0.0,0.0,1.0,0.75,49.94,0.019600000000003066,0.9987999999999999,94.0,5.215,0.02940000000000024,0.42873046622375893,16.73156366844646,0.004925085597982033,50.925,0.985,1.905,51.845,15.563690476190475,4.0,1.4222321428571427,0.0,98.9210412326707
0.0,0.0,temporal_ar1,0.98,3,2,Sparse-TopK Feedback Grid B=2 sm=2 tf=0.25,200,2,50,10,64,16,0.001,0.05,1.0,1.0,0.0,0.0,0.0,0.0,0.0,0.0,0.0,0.0,0.0,2.0,0.25,49.97,0.0195999999999961,0.9994,97.0,4.36,0.0980000000000005,0.40874801811978384,16.631350962349057,0.03359485747445049,50.94,0.97,1.015,50.985,17.500396825396827,6.0,0.978829365079365,0.0,99.11785145780571
0.0,0.0,temporal_ar1,0.98,3,2,Sparse-TopK Feedback Grid B=2 sm=2 tf=0.5,200,2,50,10,64,16,0.001,0.05,1.0,1.0,0.0,0.0,0.0,0.0,0.0,0.0,0.0,0.0,0.0,2.0,0.5,49.97,0.0195999999999961,0.9994,97.0,4.36,0.0980000000000005,0.40874801811978384,16.631350962349057,0.03359485747445049,50.94,0.97,1.015,50.985,17.500396825396827,6.0,0.978829365079365,0.0,99.11785145780571
0.0,0.0,temporal_ar1,0.98,3,2,Sparse-TopK Feedback Grid B=2 sm=2 tf=0.75,200,2,50,10,64,16,0.001,0.05,1.0,1.0,0.0,0.0,0.0,0.0,0.0,0.0,0.0,0.0,0.0,2.0,0.75,49.985,0.009800000000005013,0.9997,98.5,4.245,0.009799999999999792,0.41406760336146403,16.625548971371696,0.08288705278378201,50.905,0.92,1.045,51.03,16.64265873015873,6.0,0.955829365079365,0.0,99.1316422927102
0.0,0.0,temporal_ar1,0.98,3,2,Sparse-TopK Feedback Grid B=2 sm=3 tf=0.25,200,2,50,10,64,16,0.001,0.05,1.0,1.0,0.0,0.0,0.0,0.0,0.0,0.0,0.0,0.0,0.0,3.0,0.25,49.985,0.009800000000005013,0.9997,98.5,3.87,0.17640000000000017,0.4000330976821991,16.501878077434128,0.3181586470588993,50.8,0.815,0.75,50.735,15.846825396825395,8.0,0.7342123015873016,0.0,99.24775782233246
0.0,0.0,temporal_ar1,0.98,3,2,Sparse-TopK Feedback Grid B=2 sm=3 tf=0.5,200,2,50,10,64,16,0.001,0.05,1.0,1.0,0.0,0.0,0.0,0.0,0.0,0.0,0.0,0.0,0.0,3.0,0.5,49.985,0.009800000000005013,0.9997,98.5,3.87,0.17640000000000017,0.4000330976821991,16.501878077434128,0.3181586470588993,50.8,0.815,0.75,50.735,15.846825396825395,8.0,0.7342123015873016,0.0,99.24775782233246
0.0,0.0,temporal_ar1,0.98,3,2,Sparse-TopK Feedback Grid B=2 sm=3 tf=0.75,200,2,50,10,64,16,0.001,0.05,1.0,1.0,0.0,0.0,0.0,0.0,0.0,0.0,0.0,0.0,0.0,3.0,0.75,49.99,0.0,0.9998,99.0,3.835,0.04899999999999982,0.40541693028683573,16.514590441506712,0.2720864326667169,50.79,0.8,0.725,50.715,15.551388888888889,8.0,0.7053055555555555,0.0,99.23000400523331
0.0,0.0,temporal_ar1,0.98,3,4,Sparse-TopK Feedback Grid B=4 sm=1 tf=0.25,200,2,50,10,64,16,0.001,0.05,1.0,1.0,0.0,0.0,0.0,0.0,0.0,0.0,0.0,0.0,0.0,1.0,0.25,49.975,0.00979999999999805,0.9995,97.5,4.54,0.37240000000000073,0.4122302438237825,16.49029876507424,0.24569280907907584,50.66,0.685,1.465,51.44,12.086309523809524,8.0,0.9864563492063493,0.0,99.12898131528425
0.0,0.0,temporal_ar1,0.98,3,4,Sparse-TopK Feedback Grid B=4 sm=1 tf=0.5,200,2,50,10,64,16,0.001,0.05,1.0,1.0,0.0,0.0,0.0,0.0,0.0,0.0,0.0,0.0,0.0,1.0,0.5,49.975,0.00979999999999805,0.9995,97.5,4.54,0.37240000000000073,0.41291821834602305,16.50512434190774,0.2724429706035964,50.68,0.705,1.465,51.44,12.295238095238094,8.0,0.9864563492063493,0.0,99.12156852686749
0.0,0.0,temporal_ar1,0.98,3,4,Sparse-TopK Feedback Grid B=4 sm=1 tf=0.75,200,2,50,10,64,16,0.001,0.05,1.0,1.0,0.0,0.0,0.0,0.0,0.0,0.0,0.0,0.0,0.0,1.0,0.75,49.975,0.00979999999999805,0.9995,97.5,4.54,0.37240000000000073,0.4113941869786173,16.482999331652934,0.2659455714784178,50.645,0.67,1.465,51.44,11.863492063492062,8.0,0.9864563492063493,0.0,99.13263103199489
0.0,0.0,temporal_ar1,0.98,3,4,Sparse-TopK Feedback Grid B=4 sm=2 tf=0.25,200,2,50,10,64,16,0.001,0.05,1.0,1.0,0.0,0.0,0.0,0.0,0.0,0.0,0.0,0.0,0.0,2.0,0.25,49.985,0.009800000000005013,0.9997,98.5,3.845,0.18619999999999992,0.38721879890208993,16.31284205825782,0.013993044657544116,50.465,0.48,0.76,50.745,9.07638888888889,12.0,0.5873115079365079,0.0,99.29538723058293
0.0,0.0,temporal_ar1,0.98,3,4,Sparse-TopK Feedback Grid B=4 sm=2 tf=0.5,200,2,50,10,64,16,0.001,0.05,1.0,1.0,0.0,0.0,0.0,0.0,0.0,0.0,0.0,0.0,0.0,2.0,0.5,49.985,0.009800000000005013,0.9997,98.5,3.75,0.03920000000000003,0.3892835788462301,16.374511170084762,0.05390217933370237,50.52,0.535,0.73,50.715,9.931349206349207,12.0,0.5748769841269841,0.0,99.29402210503551
0.0,0.0,temporal_ar1,0.98,3,4,Sparse-TopK Feedback Grid B=4 sm=2 tf=0.75,200,2,50,10,64,16,0.001,0.05,1.0,1.0,0.0,0.0,0.0,0.0,0.0,0.0,0.0,0.0,0.0,2.0,0.75,49.985,0.009800000000005013,0.9997,98.5,3.7,0.11759999999999966,0.38989099328980287,16.370680673494526,0.02427987035193247,50.515,0.53,0.84,50.825,9.906150793650792,12.0,0.5852579365079364,0.0,99.28402429676133
0.0,0.0,temporal_ar1,0.98,3,4,Sparse-TopK Feedback Grid B=4 sm=3 tf=0.25,200,2,50,10,64,16,0.001,0.05,1.0,1.0,0.0,0.0,0.0,0.0,0.0,0.0,0.0,0.0,0.0,3.0,0.25,49.975,0.02940000000000111,0.9995,97.5,3.735,0.3038,0.3847300728758697,16.35426151916486,0.12187537760474618,50.505,0.53,0.68,50.655,10.342460317460317,16.0,0.41778968253968246,0.0,99.30097935809495
0.0,0.0,temporal_ar1,0.98,3,4,Sparse-TopK Feedback Grid B=4 sm=3 tf=0.5,200,2,50,10,64,16,0.001,0.05,1.0,1.0,0.0,0.0,0.0,0.0,0.0,0.0,0.0,0.0,0.0,3.0,0.5,49.985,0.02940000000000111,0.9997,98.5,3.625,0.18620000000000037,0.38722162701392726,16.4002397667995,0.17392246430520364,50.515,0.53,0.65,50.635,9.662698412698413,16.0,0.3875476190476191,0.0,99.3105753180914
0.0,0.0,temporal_ar1,0.98,3,4,Sparse-TopK Feedback Grid B=4 sm=3 tf=0.75,200,2,50,10,64,16,0.001,0.05,1.0,1.0,0.0,0.0,0.0,0.0,0.0,0.0,0.0,0.0,0.0,3.0,0.75,49.98,0.019600000000003066,0.9995999999999999,98.0,3.61,0.05880000000000005,0.390225715478666,16.406237468678444,0.10605270364268747,50.54,0.56,0.7,50.68,9.462301587301585,16.0,0.3844940476190476,0.0,99.27016723781313
0.0,0.0,temporal_ar1,0.98,3,8,Sparse-TopK Feedback Grid B=8 sm=1 tf=0.25,200,2,50,10,64,16,0.001,0.05,1.0,1.0,0.0,0.0,0.0,0.0,0.0,0.0,0.0,0.0,0.0,1.0,0.25,49.99,0.0,0.9998,99.0,3.745,0.14699999999999988,0.3900378586465507,16.28635237916699,0.07414480346707385,50.345,0.355,1.095,51.085,7.092063492063491,16.0,0.5995198412698413,0.0,99.3140054577479
0.0,0.0,temporal_ar1,0.98,3,8,Sparse-TopK Feedback Grid B=8 sm=1 tf=0.5,200,2,50,10,64,16,0.001,0.05,1.0,1.0,0.0,0.0,0.0,0.0,0.0,0.0,0.0,0.0,0.0,1.0,0.5,49.99,0.0,0.9998,99.0,3.745,0.14699999999999988,0.3877087753310163,16.258096264309234,0.08960933885049407,50.305,0.315,1.095,51.085,6.317857142857141,16.0,0.5995198412698413,0.0,99.32813351517677
0.0,0.0,temporal_ar1,0.98,3,8,Sparse-TopK Feedback Grid B=8 sm=1 tf=0.75,200,2,50,10,64,16,0.001,0.05,1.0,1.0,0.0,0.0,0.0,0.0,0.0,0.0,0.0,0.0,0.0,1.0,0.75,49.99,0.0,0.9998,99.0,3.745,0.14699999999999988,0.3885774946853342,16.262100680474077,0.07205461624353786,50.305,0.315,1.095,51.085,6.346428571428571,16.0,0.5995198412698413,0.0,99.32613130709434
0.0,0.0,temporal_ar1,0.98,3,8,Sparse-TopK Feedback Grid B=8 sm=2 tf=0.25,200,2,50,10,64,16,0.001,0.05,1.0,1.0,0.0,0.0,0.0,0.0,0.0,0.0,0.0,0.0,0.0,2.0,0.25,49.99,0.019600000000003066,0.9998,99.0,3.615,0.009800000000000225,0.3782108413781404,16.29967669881718,0.061817834222602806,50.365,0.375,0.775,50.765,7.437499999999998,24.0,0.3119146825396825,0.0,99.36823537018142
0.0,0.0,temporal_ar1,0.98,3,8,Sparse-TopK Feedback Grid B=8 sm=2 tf=0.5,200,2,50,10,64,16,0.001,0.05,1.0,1.0,0.0,0.0,0.0,0.0,0.0,0.0,0.0,0.0,0.0,2.0,0.5,49.99,0.019600000000003066,0.9998,99.0,3.48,0.019600000000000017,0.3774179137768604,16.250256242856167,0.0282463645744697,50.29,0.3,0.76,50.75,5.8317460317460315,24.0,0.2927916666666667,0.0,99.37542443351283
0.0,0.0,temporal_ar1,0.98,3,8,Sparse-TopK Feedback Grid B=8 sm=2 tf=0.75,200,2,50,10,64,16,0.001,0.05,1.0,1.0,0.0,0.0,0.0,0.0,0.0,0.0,0.0,0.0,0.0,2.0,0.75,49.985,0.009800000000005013,0.9997,98.5,3.5,0.019599999999999583,0.3779142341381587,16.277665693960074,0.010760698479948587,50.315,0.33,0.79,50.775,6.176984126984127,24.0,0.2894781746031746,0.0,99.35717406198397
0.0,0.0,temporal_ar1,0.98,3,8,Sparse-TopK Feedback Grid B=8 sm=3 tf=0.25,200,2,50,10,64,16,0.001,0.05,1.0,1.0,0.0,0.0,0.0,0.0,0.0,0.0,0.0,0.0,0.0,3.0,0.25,49.99,0.019600000000003066,0.9998,99.0,3.615,0.009800000000000225,0.3782108413781404,16.29967669881718,0.061817834222602806,50.365,0.375,0.775,50.765,7.437499999999998,24.0,0.3119146825396825,0.0,99.36823537018142
0.0,0.0,temporal_ar1,0.98,3,8,Sparse-TopK Feedback Grid B=8 sm=3 tf=0.5,200,2,50,10,64,16,0.001,0.05,1.0,1.0,0.0,0.0,0.0,0.0,0.0,0.0,0.0,0.0,0.0,3.0,0.5,49.99,0.019600000000003066,0.9998,99.0,3.48,0.019600000000000017,0.3774179137768604,16.250256242856167,0.0282463645744697,50.29,0.3,0.76,50.75,5.8317460317460315,24.0,0.2927916666666667,0.0,99.37542443351283
0.0,0.0,temporal_ar1,0.98,3,8,Sparse-TopK Feedback Grid B=8 sm=3 tf=0.75,200,2,50,10,64,16,0.001,0.05,1.0,1.0,0.0,0.0,0.0,0.0,0.0,0.0,0.0,0.0,0.0,3.0,0.75,49.985,0.009800000000005013,0.9997,98.5,3.5,0.019599999999999583,0.3779142341381587,16.277665693960074,0.010760698479948587,50.315,0.33,0.79,50.775,6.176984126984127,24.0,0.2894781746031746,0.0,99.35717406198397
0.0,0.0,temporal_ar1,0.98,3,2,Stale-TopK Feedback Grid B=2,200,2,50,10,64,16,0.001,0.05,1.0,1.0,0.0,0.0,0.0,0.0,0.0,0.0,0.0,0.0,0.0,0.0,0.0,49.985,0.009800000000005013,0.9997,98.5,3.495,0.009799999999999792,0.377949433976805,16.49593476384747,0.03693216440845241,50.72,0.735,0.405,50.39,15.121825396825397,18.0,0.30221626984126987,0.0,99.3446447689239
0.0,0.0,temporal_ar1,0.98,3,4,Stale-TopK Feedback Grid B=4,200,2,50,10,64,16,0.001,0.05,1.0,1.0,0.0,0.0,0.0,0.0,0.0,0.0,0.0,0.0,0.0,0.0,0.0,49.995,0.00979999999999805,0.9998999999999999,99.5,3.45,0.07840000000000007,0.3785165542802825,16.375974089191057,0.064448109087201,50.515,0.52,0.535,50.53,10.395833333333332,20.0,0.28567857142857145,0.0,99.37003304061585
0.0,0.0,temporal_ar1,0.98,3,8,Stale-TopK Feedback Grid B=8,200,2,50,10,64,16,0.001,0.05,1.0,1.0,0.0,0.0,0.0,0.0,0.0,0.0,0.0,0.0,0.0,0.0,0.0,49.99,0.019600000000003066,0.9998,99.0,3.48,0.019600000000000017,0.38052627021298036,16.270592373144517,0.06938764162910195,50.305,0.315,0.76,50.75,5.977380952380953,24.0,0.2927916666666667,0.0,99.36525636836868
0.0,0.0,temporal_ar1,0.98,3,2,Temporal Deviation Oracle B=2,200,2,50,10,64,16,0.001,0.05,1.0,1.0,0.0,0.0,0.0,0.0,0.0,0.0,0.0,0.0,0.0,0.0,0.0,50.0,0.0,1.0,100.0,2.985,0.06859999999999984,0.37125980635203704,16.23385212241055,0.06643801255480973,50.24,0.24,0.64,50.64,6.676190476190476,2.0,0.21659523809523812,0.0,99.45801342822826
0.0,0.0,temporal_ar1,0.98,3,4,Temporal Deviation Oracle B=4,200,2,50,10,64,16,0.001,0.05,1.0,1.0,0.0,0.0,0.0,0.0,0.0,0.0,0.0,0.0,0.0,0.0,0.0,50.0,0.0,1.0,100.0,2.895,0.02940000000000024,0.3676915519982058,16.26050523422569,0.01904632147191023,50.34,0.34,0.33,50.33,9.842857142857142,4.0,0.19842857142857143,0.0,99.46385857419351
0.0,0.0,temporal_ar1,0.98,3,8,Temporal Deviation Oracle B=8,200,2,50,10,64,16,0.001,0.05,1.0,1.0,0.0,0.0,0.0,0.0,0.0,0.0,0.0,0.0,0.0,0.0,0.0,50.0,0.0,1.0,100.0,2.955,0.04899999999999982,0.36865090263684697,16.37872284153646,0.04392666426115624,50.55,0.55,0.24,50.24,14.784523809523808,8.0,0.22692857142857142,0.0,99.44837895637164
