error_std,probe_budget,policy,gain_margin,power_margin,risk_weight,risk_power_weight,risk_invite_threshold,episodes,num_seeds,success_mean,success_ci95,success_rate_mean,perfect_rate,slots_mean,slots_ci95,avg_power,total_energy_mean,total_energy_ci95,scheduled_nodes_mean,failed_nodes_mean,true_opportunities_mean,missed_opportunities_mean,false_positive_rate,execution_failure_rate,failure_slot_rate,missed_opportunity_rate,decision_preview_calls_per_slot_mean,oracle_tx_gap_mean,effective_risk_weight_mean,avg_reward
0.0,0,Estimated No IRS,1.0,1.0,0.0,0.0,0.0,5000,5,38.9412,0.0706291105989589,0.7788240000000001,0.0,10.0,0.0,0.3351087191945026,13.051770173167505,0.04116319580503586,38.9412,0.0,38.9412,0.0,0.0,0.0,0.0,0.0,0.0,8.17252,0.0,12.297445640402747
0.0,1,Estimated Fixed IRS,1.0,1.0,0.0,0.0,0.0,5000,5,40.9552,0.07285138340484734,0.8191039999999999,0.0,10.0,0.0,0.29875771226010117,12.23550154947601,0.04267743256406361,40.9552,0.0,40.9552,0.0,0.0,0.0,0.0,0.0,1.0,7.3631,0.0,37.21022114386995
0.0,16,Exact Greedy Full CSI,1.0,1.0,0.0,0.0,0.0,5000,5,49.9946,0.0013293366766919182,0.999892,99.48,2.5496,0.01104577819802654,0.3638608581979463,15.977935100125729,0.053604404292855054,49.9946,0.0,49.9946,0.0,0.0,0.0,0.0,0.0,16.0,0.0,0.0,99.52804357132192
0.0,16,Estimated Greedy Full Preview,1.0,1.0,0.0,0.0,0.0,5000,5,49.9946,0.0013293366766919182,0.999892,99.48,2.5496,0.01104577819802654,0.3638608581979463,15.977935100125729,0.053604404292855054,49.9946,0.0,49.9946,0.0,0.0,0.0,0.0,0.0,16.0,0.0,0.0,99.52804357132192
0.0,1,Estimated Random Probe,1.0,1.0,0.0,0.0,0.0,5000,5,49.8516,0.0076062143014770855,0.9970319999999999,86.88,5.9526,0.08992449241446955,0.4442046355722271,16.506819176899576,0.05111117543554748,49.8516,0.0,49.8516,0.0,0.0,0.0,0.0,0.0,1.0,1.8353884920634922,0.0,98.71479193628576
0.0,1,Estimated Rotating Grid,1.0,1.0,0.0,0.0,0.0,5000,5,49.9634,0.003428599714169166,0.999268,96.52,5.1664,0.02908206760187462,0.44843378800491235,16.588033868437574,0.02387878897912038,49.9634,0.0,49.9634,0.0,0.0,0.0,0.0,0.0,1.0,1.717758174603175,0.0,98.97503319945312
0.0,1,Robust Rotating Grid,1.25,0.9,0.0,0.0,0.0,5000,5,49.9368,0.00825530035795103,0.998736,94.04,5.6854,0.05963877745225844,0.4260646490557435,15.856966952268355,0.028519219492713316,49.9368,0.0,51.4726,1.5358,0.0,0.0,0.0,2.9837233790404993,1.0,1.6953654761904764,0.0,98.89462321665083
0.0,1,Risk-Aware Rotating Grid,1.0,1.0,0.5,0.1,0.5,5000,5,49.9634,0.003428599714169166,0.999268,96.52,5.1664,0.02908206760187462,0.44843378800491235,16.588033868437574,0.02387878897912038,49.9634,0.0,49.9634,0.0,0.0,0.0,0.0,0.0,1.0,1.717758174603175,0.5,98.97503319945312
0.0,1,Adaptive Risk-Aware Rotating Grid,1.0,1.0,0.5,0.1,0.5,5000,5,49.9634,0.003428599714169166,0.999268,96.52,5.1664,0.02908206760187462,0.44843378800491235,16.588033868437574,0.02387878897912038,49.9634,0.0,49.9634,0.0,0.0,0.0,0.0,0.0,1.0,1.717758174603175,0.4438135923663652,98.97503319945312
0.0,2,Estimated Random Probe,1.0,1.0,0.0,0.0,0.0,5000,5,49.9674,0.004981639890636018,0.9993479999999999,96.86,4.3266,0.03846097367462241,0.4295421810165277,16.36189430142756,0.036349200662854464,49.9674,0.0,49.9674,0.0,0.0,0.0,0.0,0.0,2.0,1.257660634920635,0.0,99.1389378064634
0.0,2,Estimated Rotating Grid,1.0,1.0,0.0,0.0,0.0,5000,5,49.9928,0.00114286657139012,0.9998560000000001,99.3,3.8728,0.017957279972200705,0.42447156593607405,16.37683983063224,0.04203764690809398,49.9928,0.0,49.9928,0.0,0.0,0.0,0.0,0.0,2.0,1.2118780952380952,0.0,99.22575205686844
0.0,2,Robust Rotating Grid,1.25,0.9,0.0,0.0,0.0,5000,5,49.9872,0.002510024701072829,0.9997440000000001,98.76,4.2288,0.025210202379195547,0.40532756563749334,15.68197804147572,0.042102565435567015,49.9872,0.0,51.1016,1.1144,0.0,0.0,0.0,2.180753635893984,2.0,1.2489576984126984,0.0,99.19485077331707
0.0,2,Risk-Aware Rotating Grid,1.0,1.0,0.5,0.1,0.5,5000,5,49.9928,0.00114286657139012,0.9998560000000001,99.3,3.8728,0.017957279972200705,0.42447156593607405,16.37683983063224,0.04203764690809398,49.9928,0.0,49.9928,0.0,0.0,0.0,0.0,0.0,2.0,1.2118780952380952,0.5,99.22575205686844
0.0,2,Adaptive Risk-Aware Rotating Grid,1.0,1.0,0.5,0.1,0.5,5000,5,49.9928,0.00114286657139012,0.9998560000000001,99.3,3.8728,0.017957279972200705,0.42447156593607405,16.37683983063224,0.04203764690809398,49.9928,0.0,49.9928,0.0,0.0,0.0,0.0,0.0,2.0,1.2118780952380952,0.45903250839396414,99.22575205686844
0.0,4,Estimated Random Probe,1.0,1.0,0.0,0.0,0.0,5000,5,49.9918,0.0016860557523390154,0.999836,99.2,3.3942,0.038249639789153536,0.40722692896657525,16.235280293433018,0.03292197632979253,49.9918,0.0,49.9918,0.0,0.0,0.0,0.0,0.0,4.0,0.7872126984126984,0.0,99.32956162322026
0.0,4,Estimated Rotating Grid,1.0,1.0,0.0,0.0,0.0,5000,5,49.9946,0.0013293366766919182,0.999892,99.48,3.1598,0.023433273437571518,0.3980958658088568,16.20613165317636,0.039832190363773445,49.9946,0.0,49.9946,0.0,0.0,0.0,0.0,0.0,4.0,0.7308569047619048,0.0,99.37468316736481
0.0,4,Robust Rotating Grid,1.25,0.9,0.0,0.0,0.0,5000,5,49.9906,0.0013293366766927398,0.999812,99.08,3.453,0.030218344097584136,0.3827715334772257,15.521131977351482,0.021587600716556223,49.9906,0.0,50.823,0.8324,0.0,0.0,0.0,1.6378411349192294,4.0,0.8095608730158731,0.0,99.34433256891626
0.0,4,Risk-Aware Rotating Grid,1.0,1.0,0.5,0.1,0.5,5000,5,49.9946,0.0013293366766919182,0.999892,99.48,3.1598,0.023433273437571518,0.3980958658088568,16.20613165317636,0.039832190363773445,49.9946,0.0,49.9946,0.0,0.0,0.0,0.0,0.0,4.0,0.7308569047619048,0.5,99.37468316736481
0.0,4,Adaptive Risk-Aware Rotating Grid,1.0,1.0,0.5,0.1,0.5,5000,5,49.9946,0.0013293366766919182,0.999892,99.48,3.1598,0.023433273437571518,0.3980958658088568,16.20613165317636,0.039832190363773445,49.9946,0.0,49.9946,0.0,0.0,0.0,0.0,0.0,4.0,0.7308569047619048,0.46821217822062683,99.37468316736481
0.0,8,Estimated Random Probe,1.0,1.0,0.0,0.0,0.0,5000,5,49.9944,0.0014667296956143857,0.999888,99.46000000000001,2.87,0.01622188645010191,0.3828078045643369,16.069723195608677,0.04225657433144353,49.9944,0.0,49.9944,0.0,0.0,0.0,0.0,0.0,8.0,0.38069904761904766,0.0,99.44560595845707
0.0,8,Estimated Rotating Grid,1.0,1.0,0.0,0.0,0.0,5000,5,49.9946,0.0013293366766919182,0.999892,99.48,2.7694,0.019049344765634402,0.37999724178817806,16.078475290331816,0.059903301875355794,49.9946,0.0,49.9946,0.0,0.0,0.0,0.0,0.0,8.0,0.3158323809523809,0.0,99.46680335005783
0.0,8,Robust Rotating Grid,1.25,0.9,0.0,0.0,0.0,5000,5,49.9906,0.0013293366766927398,0.999812,99.08,3.019,0.023519999999999965,0.3662856953275478,15.405819335335504,0.03239973795366372,49.9906,0.0,50.6706,0.68,0.0,0.0,0.0,1.3420010814949892,8.0,0.4238614285714286,0.0,99.43491025801731
0.0,8,Risk-Aware Rotating Grid,1.0,1.0,0.5,0.1,0.5,5000,5,49.9946,0.0013293366766919182,0.999892,99.48,2.7694,0.019049344765634402,0.37999724178817806,16.078475290331816,0.059903301875355794,49.9946,0.0,49.9946,0.0,0.0,0.0,0.0,0.0,8.0,0.3158323809523809,0.5,99.46680335005783
0.0,8,Adaptive Risk-Aware Rotating Grid,1.0,1.0,0.5,0.1,0.5,5000,5,49.9946,0.0013293366766919182,0.999892,99.48,2.7694,0.019049344765634402,0.37999724178817806,16.078475290331816,0.059903301875355794,49.9946,0.0,49.9946,0.0,0.0,0.0,0.0,0.0,8.0,0.3158323809523809,0.47353518977004333,99.46680335005783
0.05,0,Estimated No IRS,1.0,1.0,0.0,0.0,0.0,5000,5,38.941,0.07067152297778787,0.7788200000000001,0.0,10.0,0.0,0.7495580343606313,18.15092144408435,0.07962532849288802,44.5566,5.6156,39.7038,0.7628,12.603295583594798,12.603295583594798,43.230000000000004,1.9212266835919989,0.0,8.15628,0.0,10.389795247528468
0.05,1,Estimated Fixed IRS,1.0,1.0,0.0,0.0,0.0,5000,5,40.955,0.07270516900468607,0.8190999999999999,0.0,10.0,0.0,0.7241026655490359,16.917956296565087,0.054496002114200665,46.1524,5.1974,41.6772,0.7222,11.261386190100623,11.261386190100623,40.994,1.7328419375581852,1.0,7.3477,0.0,35.41899480535257
0.05,16,Exact Greedy Full CSI,1.0,1.0,0.0,0.0,0.0,5000,5,49.9946,0.0013293366766919182,0.999892,99.48,2.5496,0.01104577819802654,0.3638608581979463,15.977935100125729,0.053604404292855054,49.9946,0.0,49.9946,0.0,0.0,0.0,0.0,0.0,16.0,0.0,0.0,99.52804357132192
0.05,16,Estimated Greedy Full Preview,1.0,1.0,0.0,0.0,0.0,5000,5,49.9946,0.0013293366766919182,0.999892,99.48,2.6832,0.016107813756062572,0.3658256401014334,16.332410641928075,0.0545069238186349,50.7912,0.7966,50.2734,0.2788,1.5683819244278536,1.5683819244278536,23.509242695289206,0.5545676242307065,16.0,0.1492116666666667,0.0,99.49368950002477
0.05,1,Estimated Random Probe,1.0,1.0,0.0,0.0,0.0,5000,5,49.8366,0.014727414437028876,0.996732,85.54,6.2028,0.08086371883607614,0.45808846209414716,16.965962645638296,0.07920882159214934,50.822,0.9854,50.6638,0.8272,1.938924087993389,1.938924087993389,13.767975752885794,1.6327239567501843,1.0,1.8327607936507935,0.0,98.55497763809413
0.05,1,Estimated Rotating Grid,1.0,1.0,0.0,0.0,0.0,5000,5,49.9522,0.006241299864610636,0.9990439999999999,95.46,5.458,0.035154554754683175,0.4488855944357529,16.96411700118905,0.033944110214227774,50.8328,0.8806,50.7806,0.8284,1.732346044286366,1.732346044286366,13.56540857456944,1.6313316502758926,1.0,1.704918015873016,0.0,98.88754109672094
0.05,1,Robust Rotating Grid,1.25,0.9,0.0,0.0,0.0,5000,5,49.9352,0.005200467671277009,0.998704,93.94,5.7746,0.03353605248087503,0.4250690346299017,15.957566217798457,0.03948312228687507,50.2612,0.326,51.785,1.8498,0.6486116527261585,0.6486116527261585,5.285214560315866,3.5720768562325,1.0,1.69191873015873,0.0,98.8735720299121
0.05,1,Risk-Aware Rotating Grid,1.0,1.0,0.5,0.1,0.5,5000,5,49.9496,0.0048645920692274025,0.9989919999999999,95.17999999999999,5.4272,0.0443341428698019,0.44953283054710047,16.961444545264214,0.024387648305171684,50.8146,0.865,50.7522,0.8026,1.7022666713897188,1.7022666713897188,13.59817216981132,1.5814092788095886,1.0,1.708985396825397,0.5,98.88887616486205
0.05,1,Adaptive Risk-Aware Rotating Grid,1.0,1.0,0.5,0.1,0.5,5000,5,49.952,0.004919560956018331,0.9990399999999999,95.44,5.4204,0.041330447082024324,0.44953411185257747,16.970137822895932,0.033845725379270775,50.8292,0.8772,50.7618,0.8098,1.725779669953491,1.725779669953491,13.725924286030553,1.595294099106021,1.0,1.7086910317460315,0.5143646958167621,98.88965225634193
0.05,2,Estimated Random Probe,1.0,1.0,0.0,0.0,0.0,5000,5,49.9606,0.006459084764888154,0.999212,96.24000000000001,4.6152,0.0699898408627997,0.4351418350962749,16.7906380012567,0.05144129679637831,50.8426,0.882,50.5798,0.6192,1.7347657279525437,1.7347657279525437,16.08597677240423,1.2242041289210317,2.0,1.2802427777777778,0.0,99.04588597943611
0.05,2,Estimated Rotating Grid,1.0,1.0,0.0,0.0,0.0,5000,5,49.9896,0.0022000945434231603,0.999792,98.98,4.076,0.01901301028243564,0.42427816930981355,16.751862169920532,0.06562907164468719,50.844,0.8544,50.5958,0.6062,1.680434269530328,1.680434269530328,17.389597644749756,1.1981231643733274,2.0,1.2497128571428568,0.0,99.17548977456372
0.05,2,Robust Rotating Grid,1.25,0.9,0.0,0.0,0.0,5000,5,49.9862,0.001567999999999479,0.999724,98.64,4.303,0.026127616041269425,0.40359926819846853,15.76711043245123,0.065666926259072,50.306,0.3198,51.3534,1.3672,0.6357094581163281,0.6357094581163281,6.943992563327911,2.6623358920733584,2.0,1.2536064285714286,0.0,99.18086819024855
0.05,2,Risk-Aware Rotating Grid,1.0,1.0,0.5,0.1,0.5,5000,5,49.991,0.0022347438331939877,0.99982,99.11999999999999,4.1018,0.02345785122299127,0.42330561612910994,16.575643025516985,0.025676858236075784,50.7454,0.7544,50.5848,0.5938,1.4866372124369893,1.4866372124369893,15.402993807596665,1.1738704116651641,2.0,1.2588010317460316,0.5,99.17585132174406
0.05,2,Adaptive Risk-Aware Rotating Grid,1.0,1.0,0.5,0.1,0.5,5000,5,49.9892,0.002510024701074678,0.9997839999999999,98.96000000000001,4.0866,0.016276262961748875,0.4230170883523134,16.564642538201408,0.03757341560876706,50.7412,0.752,50.6054,0.6162,1.4820303816228233,1.4820303816228233,15.81265599765086,1.2176566137210654,2.0,1.2554446031746032,0.5324198818239002,99.17328138305771
0.05,4,Estimated Random Probe,1.0,1.0,0.0,0.0,0.0,5000,5,49.9894,0.000999407824664861,0.9997880000000001,98.96000000000001,3.5902,0.029643339622923724,0.41116091416443384,16.57829423790745,0.0276739297838791,50.8454,0.856,50.4724,0.483,1.6835347937079854,1.6835347937079854,19.6757840788814,0.9569586546310458,4.0,0.8625414285714287,0.0,99.26861593656129
0.05,4,Estimated Rotating Grid,1.0,1.0,0.0,0.0,0.0,5000,5,49.994,0.001385929291126342,0.99988,99.42,3.3394,0.0267351472036344,0.3995511989739803,16.532425891011314,0.014271767606940535,50.789,0.795,50.4446,0.4506,1.5652995727421293,1.5652995727421293,19.416661675750134,0.8932571573567835,4.0,0.8064898412698412,0.0,99.33224216752573
0.05,4,Robust Rotating Grid,1.25,0.9,0.0,0.0,0.0,5000,5,49.992,0.0006198064213937598,0.99984,99.22,3.508,0.030641263681512886,0.3828425314608903,15.62381381049013,0.042555283998383285,50.3104,0.3184,51.0002,1.0082,0.6328711359877879,0.6328711359877879,8.38654503990878,1.9768549927255186,4.0,0.8306896031746033,0.0,99.33443460079154
0.05,4,Risk-Aware Rotating Grid,1.0,1.0,0.5,0.1,0.5,5000,5,49.9932,0.0007333648478082164,0.9998640000000001,99.33999999999999,3.3506,0.011588888471290094,0.397624673554857,16.25817584477107,0.042462318912779386,50.6646,0.6714,50.4592,0.466,1.325185632571855,1.325185632571855,17.0059093893631,0.9235184069505661,4.0,0.822152619047619,0.5,99.3299292989793
0.05,4,Adaptive Risk-Aware Rotating Grid,1.0,1.0,0.5,0.1,0.5,5000,5,49.9938,0.0016860557523404726,0.999876,99.4,3.3474,0.030279304087115363,0.3963595834129814,16.230639903955353,0.057577416072496654,50.652,0.6582,50.4456,0.4518,1.2994551054252548,1.2994551054252548,16.48443568142439,0.8956182501546219,4.0,0.8297553968253969,0.5433523615495888,99.33440417612606
0.05,8,Estimated Random Probe,1.0,1.0,0.0,0.0,0.0,5000,5,49.9942,0.0013001169178204854,0.999884,99.44,3.0194,0.019099694657245175,0.38473588846548157,16.453830756315675,0.03458693136885845,50.807,0.8128,50.3556,0.3614,1.5997795579349303,1.5997795579349303,21.60694177651189,0.7176957478413523,8.0,0.48052928571428577,0.0,99.4063394495018
0.05,8,Estimated Rotating Grid,1.0,1.0,0.0,0.0,0.0,5000,5,49.9944,0.0014667296956143861,0.999888,99.46000000000001,2.9274,0.022180065283943645,0.38011958844423016,16.394608327878064,0.0888592349376319,50.7822,0.7878,50.3538,0.3594,1.5513309781773927,1.5513309781773927,21.52080344332855,0.7137495084780096,8.0,0.4358781746031746,0.0,99.43046500829172
0.05,8,Robust Rotating Grid,1.25,0.9,0.0,0.0,0.0,5000,5,49.994,0.001385929291126342,0.99988,99.42,3.0636,0.024113576590792142,0.3655283609297019,15.49990070804365,0.06103218766984744,50.3142,0.3202,50.811,0.817,0.6364008570145208,0.6364008570145208,9.616137877007443,1.6079195449804178,8.0,0.46757666666666664,0.0,99.43202495698611
0.05,8,Risk-Aware Rotating Grid,1.0,1.0,0.5,0.1,0.5,5000,5,49.9944,0.0013293366766921235,0.999888,99.46000000000001,2.9546,0.03674464227611969,0.3759437955912576,15.994099958740787,0.04948313054847858,50.5916,0.5972,50.3774,0.383,1.1804331153788377,1.1804331153788377,17.09199214783727,0.7602615458519097,8.0,0.45793476190476196,0.5,99.43177599565033
0.05,8,Adaptive Risk-Aware Rotating Grid,1.0,1.0,0.5,0.1,0.5,5000,5,49.9944,0.0014667296956143861,0.999888,99.46000000000001,2.954,0.04640276715886671,0.37433649489358206,15.96153848138419,0.0468400704985962,50.5892,0.5948,50.3588,0.3644,1.17574502067635,1.17574502067635,16.932972241029113,0.7236073933453537,8.0,0.46149547619047615,0.549463153282173,99.43533829886913
0.1,0,Estimated No IRS,1.0,1.0,0.0,0.0,0.0,5000,5,38.9412,0.0706291105989589,0.7788240000000001,0.0,10.0,0.0,0.7647883923330632,22.543847678855496,0.0942718308551006,50.3208,11.3796,40.3926,1.4514,22.61410788381743,22.61410788381743,68.42,3.5932324237607878,0.0,8.14316,0.0,9.58830440067268
0.1,1,Estimated Fixed IRS,1.0,1.0,0.0,0.0,0.0,5000,5,40.9552,0.07285138340484734,0.8191039999999999,0.0,10.0,0.0,0.7437027180234173,20.89610386690101,0.07596748419182234,51.5416,10.5864,42.3096,1.3544,20.539525354276932,20.539525354276932,66.11,3.201164747480477,1.0,7.3354,0.0,34.63451716199972
0.1,16,Exact Greedy Full CSI,1.0,1.0,0.0,0.0,0.0,5000,5,49.9946,0.0013293366766919182,0.999892,99.48,2.5496,0.01104577819802654,0.3638608581979463,15.977935100125729,0.053604404292855054,49.9946,0.0,49.9946,0.0,0.0,0.0,0.0,0.0,16.0,0.0,0.0,99.52804357132192
0.1,16,Estimated Greedy Full Preview,1.0,1.0,0.0,0.0,0.0,5000,5,49.9946,0.0013293366766919182,0.999892,99.48,2.8436,0.018734155331906425,0.3624323903664607,16.664772368455992,0.040645785018876,51.7524,1.7578,50.5646,0.57,3.3965574543402823,3.3965574543402823,39.87902658601772,1.1272708574773656,16.0,0.31364642857142855,0.0,99.46176061041191
0.1,1,Estimated Random Probe,1.0,1.0,0.0,0.0,0.0,5000,5,49.8024,0.005964328629443747,0.9960479999999999,82.94,6.427,0.0571836508103497,0.46347657891386806,17.47552469361055,0.06904586884079013,51.9252,2.1228,51.4696,1.6672,4.088188394074553,4.088188394074553,24.74871635288626,3.239193621088954,1.0,1.8133885714285716,0.0,98.3728987311296
0.1,1,Estimated Rotating Grid,1.0,1.0,0.0,0.0,0.0,5000,5,49.9422,0.0043120000000000155,0.998844,94.52000000000001,5.6416,0.02831911750037416,0.44536502581697507,17.3123515030785,0.027768723599112533,51.805,1.8628,51.5588,1.6166,3.5957919119776083,3.5957919119776083,24.23425978445831,3.135449234660233,1.0,1.7012549206349206,0.0,98.82268360016495
0.1,1,Robust Rotating Grid,1.25,0.9,0.0,0.0,0.0,5000,5,49.9178,0.008208633503817784,0.998356,92.28,5.9788,0.032154754298548256,0.421512307030023,16.258155759010226,0.025151449795491176,51.1428,1.225,52.4902,2.5724,2.3952540729095784,2.3952540729095784,16.79935773064829,4.900724325683652,1.0,1.6890140476190478,0.0,98.792254339841
0.1,1,Risk-Aware Rotating Grid,1.0,1.0,0.5,0.1,0.5,5000,5,49.9372,0.0031237259802993442,0.998744,94.12,5.6798,0.036062934766876616,0.445562912858982,17.294046332575956,0.02423535078224546,51.8002,1.863,51.5828,1.6456,3.596511210381427,3.596511210381427,24.342406422761364,3.1902106903851672,1.0,1.7006511904761905,0.5,98.80603832376882
0.1,1,Adaptive Risk-Aware Rotating Grid,1.0,1.0,0.5,0.1,0.5,5000,5,49.941,0.006009246208968385,0.99882,94.46,5.6778,0.03592418550224906,0.448283876071524,17.346385658644355,0.03830616378632871,51.8082,1.8672,51.5482,1.6072,3.6040626773367923,3.6040626773367923,24.34393603156152,3.1178586255194167,1.0,1.6979865873015871,0.5839848798206654,98.81085546861772
0.1,2,Estimated Random Probe,1.0,1.0,0.0,0.0,0.0,5000,5,49.9552,0.006772643796922722,0.999104,95.67999999999999,4.8448,0.05081429940479353,0.43910462019373725,17.24820416766673,0.06472063651193431,51.9084,1.9532,51.1798,1.2246,3.762782131601051,3.762782131601051,29.033190224570678,2.3927408860527004,2.0,1.3279094444444444,0.0,98.96033822268876
0.1,2,Estimated Rotating Grid,1.0,1.0,0.0,0.0,0.0,5000,5,49.9866,0.002285733142779166,0.9997320000000001,98.7,4.273,0.028852638007641422,0.4212997231807691,17.062501095754183,0.016633976993763268,51.7864,1.7998,51.1642,1.1776,3.475429842584153,3.475429842584153,29.908729230049147,2.3016093283975905,2.0,1.2858503174603175,0.0,99.1269820596117
0.1,2,Robust Rotating Grid,1.25,0.9,0.0,0.0,0.0,5000,5,49.9824,0.00325619655426535,0.999648,98.3,4.4992,0.017181051888636036,0.40274445739921605,16.079099287576565,0.06210852665590058,51.195,1.2126,51.858,1.8756,2.368590682683856,2.368590682683856,21.572724039829303,3.6167997223186394,2.0,1.287018650793651,0.0,99.1290116937159
0.1,2,Risk-Aware Rotating Grid,1.0,1.0,0.5,0.1,0.5,5000,5,49.9886,0.0018176292251177275,0.999772,98.88,4.2924,0.015821461879358695,0.41702872243166783,16.729613173607603,0.030182952987473706,51.6098,1.6212,51.1836,1.195,3.1412638684900926,3.1412638684900926,27.802627900475258,2.334732218913871,2.0,1.3042923015873018,0.5,99.13737732405501
0.1,2,Adaptive Risk-Aware Rotating Grid,1.0,1.0,0.5,0.1,0.5,5000,5,49.9868,0.0016860557523417678,0.9997360000000001,98.7,4.322,0.030218344097583998,0.4145469358364293,16.69706235423241,0.03575699790157985,51.6286,1.6418,51.1984,1.2116,3.180020376303057,3.180020376303057,27.732531235539103,2.3664802025063283,2.0,1.3037125396825398,0.6046338307124274,99.13498467736395
0.1,4,Estimated Random Probe,1.0,1.0,0.0,0.0,0.0,5000,5,49.9884,0.0011760000000000444,0.999768,98.88,3.7696,0.03318483171571003,0.41142537285695846,16.955925046585275,0.05550107205572895,51.7848,1.7964,50.8786,0.8902,3.4689715901191085,3.4689715901191085,33.112266553480474,1.7496550612634783,4.0,0.9368320634920634,0.0,99.2171084041475
0.1,4,Estimated Rotating Grid,1.0,1.0,0.0,0.0,0.0,5000,5,49.9934,0.001329336676693561,0.999868,99.36,3.5132,0.01700123477868597,0.3974781431844773,16.832934030846975,0.0620354764259746,51.6988,1.7054,50.8826,0.8892,3.2987226009114328,3.2987226009114328,33.439599225777066,1.7475522084170227,4.0,0.8869576984126984,0.0,99.2941275673503
0.1,4,Robust Rotating Grid,1.25,0.9,0.0,0.0,0.0,5000,5,49.992,0.002147072425420332,0.99984,99.22,3.6612,0.021465355902011114,0.380858039440117,15.874102891379877,0.041236308030962045,51.1502,1.1582,51.409,1.417,2.264311771996981,2.264311771996981,24.319895116355294,2.75632671322142,4.0,0.9058770634920634,0.0,99.30240338398099
0.1,4,Risk-Aware Rotating Grid,1.0,1.0,0.5,0.1,0.5,5000,5,49.993,0.0012396128427864187,0.9998600000000001,99.32,3.55,0.02167550875988846,0.38811159833399933,16.259796625172843,0.063636048668045,51.4616,1.4686,50.9242,0.9312,2.8537783512366506,2.8537783512366506,30.0,1.8286001547397897,4.0,0.9161960317460318,0.5,99.30197558070476
0.1,4,Adaptive Risk-Aware Rotating Grid,1.0,1.0,0.5,0.1,0.5,5000,5,49.9924,0.0018176292251160754,0.9998480000000001,99.26,3.5666,0.01666115290128511,0.38444911892532035,16.130678912698826,0.054259852329148976,51.4132,1.4208,50.9312,0.9388,2.7634926439124583,2.7634926439124583,29.01923400437391,1.843270922342297,4.0,0.9282553174603174,0.6171513791273836,99.3047950905484
0.1,8,Estimated Random Probe,1.0,1.0,0.0,0.0,0.0,5000,5,49.9936,0.0019203999583418,0.999872,99.38,3.178,0.016608036608822853,0.38300646620207385,16.759260336633886,0.07833078192927644,51.7504,1.7568,50.7034,0.7098,3.394756369032896,3.394756369032896,36.52611705475142,1.3999061206940757,8.0,0.6019920634920635,0.0,99.36991970556134
0.1,8,Estimated Rotating Grid,1.0,1.0,0.0,0.0,0.0,5000,5,49.994,0.001073536212710166,0.99988,99.44,3.0876,0.04025689227945953,0.37958812716977414,16.687744047940882,0.06295504578189995,51.7128,1.7188,50.7146,0.7206,3.323741897557278,3.323741897557278,36.954268687653844,1.4208926029190805,8.0,0.5611452380952381,0.0,99.39271386085437
0.1,8,Robust Rotating Grid,1.25,0.9,0.0,0.0,0.0,5000,5,49.9936,0.0014667296956171777,0.999872,99.38,3.183,0.02369898563230081,0.36325178215911635,15.752369230338331,0.066146667766231,51.1348,1.1412,51.1136,1.12,2.231748241901797,2.231748241901797,27.370405278039584,2.1911976460276716,8.0,0.5682697619047619,0.0,99.40529691875061
0.1,8,Risk-Aware Rotating Grid,1.0,1.0,0.5,0.1,0.5,5000,5,49.9942,0.0016860557523404726,0.999884,99.44,3.1564,0.02760470568580653,0.36684009651115534,15.89567570852504,0.029354650364435683,51.3572,1.363,50.7392,0.745,2.6539608857180688,2.6539608857180688,31.174756051197566,1.468292759838547,8.0,0.5964892063492063,0.5,99.40169147800665
0.1,8,Adaptive Risk-Aware Rotating Grid,1.0,1.0,0.5,0.1,0.5,5000,5,49.994,0.0018594192641798117,0.99988,99.42,3.1582,0.025983124985266868,0.3626019535937876,15.742558509078616,0.06154916750424603,51.2816,1.2876,50.7528,0.7588,2.5108420954104393,2.5108420954104393,29.78278766385916,1.4950899260730444,8.0,0.6100457142857143,0.6242795953505239,99.4081775141398
0.2,0,Estimated No IRS,1.0,1.0,0.0,0.0,0.0,5000,5,38.9412,0.0706291105989589,0.7788240000000001,0.0,10.0,0.0,0.6884292877111716,29.540484392900723,0.14778980294232733,62.0436,23.1024,41.5436,2.6024,37.23575034330697,37.23575034330697,90.75999999999999,6.2642621246112515,0.0,8.123560000000001,0.0,9.267726095414764
0.2,1,Estimated Fixed IRS,1.0,1.0,0.0,0.0,0.0,5000,5,40.9552,0.07285138340484734,0.8191039999999999,0.0,10.0,0.0,0.6632002817385851,26.930027282840594,0.13747719973486236,62.2668,21.3116,43.4402,2.485,34.22626504011769,34.22626504011769,89.098,5.720507732469003,1.0,7.3158,0.0,34.32019278829349
0.2,16,Exact Greedy Full CSI,1.0,1.0,0.0,0.0,0.0,5000,5,49.9946,0.0013293366766919182,0.999892,99.48,2.5496,0.01104577819802654,0.3638608581979463,15.977935100125729,0.053604404292855054,49.9946,0.0,49.9946,0.0,0.0,0.0,0.0,0.0,16.0,0.0,0.0,99.52804357132192
0.2,16,Estimated Greedy Full Preview,1.0,1.0,0.0,0.0,0.0,5000,5,49.9938,0.002182563630228659,0.999876,99.4,3.148,0.027313709378259013,0.34575583186169645,17.04724530138053,0.04989710457421985,53.8334,3.8396,51.0452,1.0514,7.132375068266169,7.132375068266169,57.42058449809403,2.059743129618456,16.0,0.6158214285714285,0.0,99.42437487441045
0.2,1,Estimated Random Probe,1.0,1.0,0.0,0.0,0.0,5000,5,49.7698,0.01398896364996459,0.995396,80.22,6.8086,0.04681323676055717,0.4539560825781229,18.217246131185192,0.056079063330307814,54.361,4.5912,52.9082,3.1384,8.445760747594782,8.445760747594782,40.79546455952766,5.931783731066262,1.0,1.7969373015873018,0.0,98.16420490341511
0.2,1,Estimated Rotating Grid,1.0,1.0,0.0,0.0,0.0,5000,5,49.9104,0.01118402861226679,0.9982080000000001,91.60000000000001,6.0966,0.0698090258920721,0.4341816559137309,17.90249422991217,0.0530565512024069,53.9936,4.0832,53.0574,3.147,7.562377763290463,7.562377763290463,39.61552340648886,5.931312126112474,1.0,1.6865838888888887,0.0,98.66476189748283
0.2,1,Robust Rotating Grid,1.25,0.9,0.0,0.0,0.0,5000,5,49.8916,0.009493362734035619,0.9978319999999999,90.03999999999999,6.3126,0.0695443796147466,0.408888251316135,16.778972531503705,0.06870967408956474,53.3012,3.4096,53.9244,4.0328,6.396854104598021,6.396854104598021,34.72103412223173,7.4786182136472545,1.0,1.6849018253968253,0.0,98.6650168182511
0.2,1,Risk-Aware Rotating Grid,1.0,1.0,0.5,0.1,0.5,5000,5,49.9116,0.0050581672570216875,0.998232,91.78,6.0512,0.0342770323102804,0.43383557592549077,17.919896824768028,0.05770715043809705,54.0044,4.0928,52.9722,3.0606,7.5786417403026425,7.5786417403026425,39.9160497091486,5.7777475732554056,1.0,1.6908892063492065,0.5,98.67323136765458
0.2,1,Adaptive Risk-Aware Rotating Grid,1.0,1.0,0.5,0.1,0.5,5000,5,49.916,0.007913158661369058,0.99832,92.28,6.0612,0.0430459910328476,0.4340296511667229,17.921489802910585,0.05184491246745052,54.0114,4.0954,53.0586,3.1426,7.58247332970447,7.58247332970447,39.77760179502409,5.922885262709532,1.0,1.6931526984126983,0.7228212473428276,98.67727018834248
0.2,2,Estimated Random Probe,1.0,1.0,0.0,0.0,0.0,5000,5,49.9388,0.003473128848747743,0.998776,94.17999999999999,5.2388,0.07141342775697014,0.4265042359328898,17.868970181022537,0.1265128496151122,54.2316,4.2928,52.1948,2.256,7.91568015695646,7.91568015695646,46.84278842483011,4.322269651382896,2.0,1.4007735714285714,0.0,98.82120716840305
0.2,2,Estimated Rotating Grid,1.0,1.0,0.0,0.0,0.0,5000,5,49.982,0.00195999999999961,0.99964,98.26,4.6378,0.021186140375254858,0.4084334280595684,17.641375363108047,0.04224613526773044,53.9832,4.0012,52.2324,2.2504,7.411935565138784,7.411935565138784,47.61309241450688,4.308436908891799,2.0,1.3722172222222222,0.0,99.0521944046375
0.2,2,Robust Rotating Grid,1.25,0.9,0.0,0.0,0.0,5000,5,49.971,0.0045966074446263435,0.99942,97.18,4.8546,0.04221332225731595,0.38741968444943775,16.55259421732608,0.05087194600839274,53.3376,3.3666,52.8872,2.9162,6.311870050395968,6.311870050395968,41.984921517735756,5.51399960671013,2.0,1.3591865079365077,0.0,99.05282642545531
0.2,2,Risk-Aware Rotating Grid,1.0,1.0,0.5,0.1,0.5,5000,5,49.978,0.0022347438331939877,0.99956,97.82,4.708,0.024838698838707356,0.39965486587102744,17.121782485788835,0.05116944687034459,53.7448,3.7668,52.2774,2.2994,7.008678048853098,7.008678048853098,45.531011045029736,4.398458989926814,2.0,1.3813742857142857,0.5,99.05515557919549
0.2,2,Adaptive Risk-Aware Rotating Grid,1.0,1.0,0.5,0.1,0.5,5000,5,49.9802,0.004613292100008781,0.999604,98.08,4.7438,0.03671221791175249,0.3980124032378507,16.934755423258363,0.040448333453518726,53.6144,3.6342,52.3094,2.3292,6.778402817153601,6.778402817153601,44.24301193136304,4.452736984174929,2.0,1.3876911111111112,0.7473613200136134,99.05661519411711
0.2,4,Estimated Random Probe,1.0,1.0,0.0,0.0,0.0,5000,5,49.9792,0.0016860557523404726,0.999584,97.98,4.1824,0.05305267812278652,0.3989582573204956,17.607919960097842,0.034367469404768626,54.1456,4.1664,51.681,1.7018,7.694808073047486,7.694808073047486,53.28041315990819,3.292892939378108,4.0,1.1287863492063492,0.0,99.11184059141034
0.2,4,Estimated Rotating Grid,1.0,1.0,0.0,0.0,0.0,5000,5,49.9894,0.0026730836126085122,0.9997880000000001,98.96000000000001,3.8874,0.020431061059083454,0.3861300451329814,17.37464029265469,0.06747239369913471,53.8392,3.8498,51.6642,1.6748,7.150552014145826,7.150552014145826,52.27144106600813,3.2417031522795283,4.0,1.062262380952381,0.0,99.2194246123364
0.2,4,Robust Rotating Grid,1.25,0.9,0.0,0.0,0.0,5000,5,49.9876,0.0035388721367121834,0.999752,98.82,4.0042,0.03072514904764494,0.36918756288971194,16.363607863620686,0.026968544487159556,53.2632,3.2756,52.19,2.2024,6.149837035701948,6.149837035701948,47.35028220368613,4.21996551063422,4.0,1.0584519841269842,0.0,99.23606290775652
0.2,4,Risk-Aware Rotating Grid,1.0,1.0,0.5,0.1,0.5,5000,5,49.99,0.0020556653424140176,0.9998,99.02,3.954,0.014627956795123458,0.3701934332572349,16.448736155439395,0.04057543073483046,53.4222,3.4322,51.7936,1.8036,6.424669893789474,6.424669893789474,48.846737481031866,3.482283525377653,4.0,1.0710606349206349,0.5,99.23896879531809
0.2,4,Adaptive Risk-Aware Rotating Grid,1.0,1.0,0.5,0.1,0.5,5000,5,49.9906,0.0020179435076328072,0.999812,99.08,3.9666,0.024966738193044034,0.36522873711429404,16.176381948988535,0.06707339578291104,53.2512,3.2606,51.8322,1.8416,6.1230545039360615,6.1230545039360615,47.17390208238794,3.5530037312712945,4.0,1.1003407142857142,0.7630092719750652,99.24951916405226
0.2,8,Estimated Random Probe,1.0,1.0,0.0,0.0,0.0,5000,5,49.9916,0.002285733142779046,0.9998319999999999,99.2,3.5314,0.012771622293193605,0.3682811210476301,17.231890896509842,0.047391327238364034,53.8936,3.902,51.3168,1.3252,7.240191785295472,7.240191785295472,55.7229427422552,2.582390172419169,8.0,0.8453983333333334,0.0,99.309324576458
0.2,8,Estimated Rotating Grid,1.0,1.0,0.0,0.0,0.0,5000,5,49.9924,0.0009994078246648608,0.9998480000000001,99.26,3.4502,0.03268795839449141,0.36363759160232045,17.17243124693776,0.05716100447721814,53.8428,3.8504,51.3366,1.3442,7.151188274012496,7.151188274012496,55.30114196278476,2.6184048028112494,8.0,0.8166119841269841,0.0,99.3368018242671
0.2,8,Robust Rotating Grid,1.25,0.9,0.0,0.0,0.0,5000,5,49.992,0.0013859292911253573,0.99984,99.26,3.5136,0.01779826778088253,0.35017427014015495,16.206369871997072,0.058468066694161276,53.2442,3.2522,51.734,1.742,6.108083133937593,6.108083133937593,50.92213114754098,3.3672246491668925,8.0,0.8187164285714286,0.0,99.35320811666949
0.2,8,Risk-Aware Rotating Grid,1.0,1.0,0.5,0.1,0.5,5000,5,49.992,0.0016398536520054632,0.99984,99.24,3.5066,0.016050473388657335,0.3446948902998656,15.94069475731765,0.04820614330494421,53.2146,3.2226,51.4804,1.4884,6.05585685131524,6.05585685131524,50.15684708834769,2.891197426593422,8.0,0.8112906349206349,0.5,99.36008249104718
0.2,8,Adaptive Risk-Aware Rotating Grid,1.0,1.0,0.5,0.1,0.5,5000,5,49.9932,0.0011428665713898814,0.9998640000000001,99.33999999999999,3.553,0.018165721565630177,0.33743078321562014,15.544235680073815,0.054505483616343726,53.0044,3.0112,51.5742,1.581,5.681037800635419,5.681037800635419,47.993245144947934,3.065486231487837,8.0,0.8682884920634919,0.7717143779234718,99.37062055918393
0.3,0,Estimated No IRS,1.0,1.0,0.0,0.0,0.0,5000,5,38.9408,0.07074323984664523,0.7788160000000001,0.0,10.0,0.0,0.6142112523816612,34.89595248928298,0.15028821184528443,74.048,35.1072,42.5332,3.5924,47.4114088159032,47.4114088159032,97.532,8.446107981529723,0.0,8.11248,0.0,9.445613652048046
0.3,1,Estimated Fixed IRS,1.0,1.0,0.0,0.0,0.0,5000,5,40.9548,0.0729936209815621,0.8190959999999999,0.0,10.0,0.0,0.5852024241944063,31.309707144055633,0.12902114351492994,73.0776,32.1228,44.3666,3.4118,43.957108607836055,43.957108607836055,96.63199999999999,7.6900190683983,1.0,7.30364,0.0,34.50177780020912
0.3,16,Exact Greedy Full CSI,1.0,1.0,0.0,0.0,0.0,5000,5,49.9946,0.0013293366766919182,0.999892,99.48,2.5496,0.01104577819802654,0.3638608581979463,15.977935100125729,0.053604404292855054,49.9946,0.0,49.9946,0.0,0.0,0.0,0.0,0.0,16.0,0.0,0.0,99.52804357132192
0.3,16,Estimated Greedy Full Preview,1.0,1.0,0.0,0.0,0.0,5000,5,49.9908,0.003417376771735831,0.999816,99.14,3.5028,0.027714427722758412,0.3203205569650124,17.155895222881902,0.03882283838301637,56.0774,6.0866,51.458,1.4672,10.853926893900216,10.853926893900216,67.22050930684024,2.85125733607991,16.0,0.8756145238095238,0.0,99.4006664764706
0.3,1,Estimated Random Probe,1.0,1.0,0.0,0.0,0.0,5000,5,49.7514,0.01454367546392679,0.9950279999999999,78.84,6.9466,0.049295461210947085,0.43106360573622343,18.7522990233062,0.06845004555695965,57.0028,7.2514,54.0796,4.3282,12.72112948837601,12.72112948837601,52.94100711139262,8.003387599020703,1.0,1.809077619047619,0.0,98.07536002281634
0.3,1,Estimated Rotating Grid,1.0,1.0,0.0,0.0,0.0,5000,5,49.89,0.002555527342839357,0.9978,89.75999999999999,6.323,0.0415640171302053,0.41383610431471135,18.27477377984137,0.05581346654426455,56.3018,6.4118,54.2146,4.3246,11.388268225882655,11.388268225882655,50.6658231851969,7.97681805270167,1.0,1.682407619047619,0.0,98.58477475297983
0.3,1,Robust Rotating Grid,1.25,0.9,0.0,0.0,0.0,5000,5,49.875,0.01134432016473397,0.9975,88.58,6.5224,0.05832309264776697,0.38994099796451376,17.164754466096646,0.052591954289238074,55.6998,5.8248,55.0934,5.2184,10.457488177695431,10.457488177695431,47.28934134674353,9.471914966221,1.0,1.6836727777777778,0.0,98.59670971169496
0.3,1,Risk-Aware Rotating Grid,1.0,1.0,0.5,0.1,0.5,5000,5,49.895,0.013831546551270887,0.9979,90.44,6.2878,0.05050338507466591,0.4146970175584829,18.287250268304124,0.07322212284663956,56.3108,6.4158,54.2248,4.3298,11.393551503441614,11.393551503441614,50.790419542606315,7.984907274900046,1.0,1.6889273015873016,0.5,98.5986050360126
0.3,1,Adaptive Risk-Aware Rotating Grid,1.0,1.0,0.5,0.1,0.5,5000,5,49.8984,0.00453772806589414,0.9979680000000001,90.58,6.2788,0.01988603288743134,0.4138738666546128,18.198061518509434,0.0552294195796535,56.2802,6.3818,54.2356,4.3372,11.339334259650819,11.339334259650819,50.83455437344716,7.996961405423744,1.0,1.6850140476190478,0.8625682424033803,98.60913424035562
0.3,2,Estimated Random Probe,1.0,1.0,0.0,0.0,0.0,5000,5,49.9236,0.004621611840040558,0.998472,92.82000000000001,5.5212,0.0813137837269919,0.4020003776126062,18.28127987611202,0.08186511336224342,56.7926,6.869,53.0346,3.111,12.094885601293125,12.094885601293125,59.37839600086937,5.865981830729373,2.0,1.4810234920634922,0.0,98.74800298562094
0.3,2,Estimated Rotating Grid,1.0,1.0,0.0,0.0,0.0,5000,5,49.9704,0.0037497007880612112,0.999408,97.18,4.9252,0.047290052061718026,0.38737531460649477,17.903791117455125,0.07882539240601509,56.2558,6.2854,53.0304,3.06,11.172892395095262,11.172892395095262,58.50726874035572,5.770275162925417,2.0,1.4548473015873016,0.0,98.99863647047218
0.3,2,Robust Rotating Grid,1.25,0.9,0.0,0.0,0.0,5000,5,49.9636,0.004942931923464954,0.9992719999999999,96.56,5.1256,0.03964145426192124,0.36975473797305025,16.881081731652813,0.08876279927492142,55.6842,5.7206,53.7028,3.7392,10.273291166973756,10.273291166973756,55.32230373029498,6.962765442397789,2.0,1.444190238095238,0.0,99.0025737868051
0.3,2,Risk-Aware Rotating Grid,1.0,1.0,0.5,0.1,0.5,5000,5,49.9674,0.004365127260456755,0.9993479999999999,96.88,5.0066,0.03201226664889559,0.3792692567961483,17.399237925230658,0.05650068772339527,56.042,6.0746,53.1344,3.167,10.83937047214589,10.83937047214589,57.380258059361644,5.960357132102743,2.0,1.4481226984126985,0.5,98.99791424734052
0.3,2,Adaptive Risk-Aware Rotating Grid,1.0,1.0,0.5,0.1,0.5,5000,5,49.9666,0.0040453944183472005,0.999332,96.82,5.0874,0.013516896685260276,0.37307603294639324,17.054808224174316,0.06534368821135841,55.796,5.8294,53.3244,3.3578,10.447702344254068,10.447702344254068,55.79274285489642,6.296929735730735,2.0,1.4641426984126986,0.8888682319777818,98.9999423916978
0.3,4,Estimated Random Probe,1.0,1.0,0.0,0.0,0.0,5000,5,49.973,0.007913158661368717,0.99946,97.44,4.5348,0.06668437346185375,0.37361757042149013,17.894915944708565,0.061474061230486904,56.6074,6.6344,52.3032,2.3302,11.720022470560385,11.720022470560385,64.9422245744024,4.455176738708148,4.0,1.2662224603174603,0.0,99.06909896292578
0.3,4,Estimated Rotating Grid,1.0,1.0,0.0,0.0,0.0,5000,5,49.9838,0.0034731288487471926,0.999676,98.44000000000001,4.2356,0.024866522394577067,0.36278714611398266,17.620437504970287,0.0749290636771452,56.202,6.2182,52.283,2.2992,11.064019074054304,11.064019074054304,63.81150250259704,4.3976053401679325,4.0,1.2127594444444445,0.0,99.17600057310499
0.3,4,Robust Rotating Grid,1.25,0.9,0.0,0.0,0.0,5000,5,49.9836,0.005133553934653102,0.999672,98.46000000000001,4.2914,0.014740451010739323,0.34583743277442486,16.60206600049641,0.01926583598357254,55.5878,5.6042,52.832,2.8484,10.08170857634229,10.08170857634229,60.805331593419396,5.391429436705027,4.0,1.2055233333333333,0.0,99.20913093454668
0.3,4,Risk-Aware Rotating Grid,1.0,1.0,0.5,0.1,0.5,5000,5,49.9812,0.0023520000000010173,0.9996240000000001,98.2,4.3134,0.032316828062172384,0.3480092712841802,16.663385243269563,0.03637280222221826,55.734,5.7528,52.4668,2.4856,10.321886101840887,10.321886101840887,61.48282097649186,4.737472077580489,4.0,1.2061142063492063,0.5,99.18892515090934
0.3,4,Adaptive Risk-Aware Rotating Grid,1.0,1.0,0.5,0.1,0.5,5000,5,49.9846,0.0025252833504381842,0.999692,98.48,4.3568,0.03229780277356314,0.3358130345189117,16.04206951777765,0.07081954384782256,55.3176,5.333,52.7096,2.725,9.640693016327534,9.640693016327534,58.46033786265149,5.169836234765583,4.0,1.2419630952380953,0.9060792059221178,99.21757861091686
0.3,8,Estimated Random Probe,1.0,1.0,0.0,0.0,0.0,5000,5,49.9874,0.0030741398797065746,0.999748,98.8,3.8834,0.03103120133027399,0.34404689526809723,17.467886433963013,0.08956422868661615,56.2744,6.287,51.7714,1.784,11.172042705031062,11.172042705031062,66.82803728691353,3.4459180165110466,8.0,1.069278492063492,0.0,99.27894504704348
0.3,8,Estimated Rotating Grid,1.0,1.0,0.0,0.0,0.0,5000,5,49.9892,0.0022688640329467697,0.9997839999999999,99.0,3.7836,0.026139375968067823,0.3391440400272932,17.34222274173446,0.08805434134724083,56.1066,6.1174,51.7652,1.776,10.90317360167966,10.90317360167966,65.85791309863622,3.4308763416349204,8.0,1.0385572222222221,0.0,99.31262985737034
0.3,8,Robust Rotating Grid,1.25,0.9,0.0,0.0,0.0,5000,5,49.9888,0.0038904889152898657,0.999776,98.9,3.8654,0.03734095788808844,0.3276626559554329,16.43488432070142,0.06834560474677022,55.6528,5.664,52.2082,2.2194,10.177385504413076,10.177385504413076,64.23138614373674,4.251056347470321,8.0,1.0353557142857142,0.0,99.32213886828956
0.3,8,Risk-Aware Rotating Grid,1.0,1.0,0.5,0.1,0.5,5000,5,49.9908,0.0016860557523404726,0.999816,99.1,3.8228,0.0309493868113731,0.3196310888095127,16.00170612718775,0.063328570923054,55.3382,5.3474,52.0078,2.017,9.663126014218026,9.663126014218026,61.90750235429528,3.878264414184026,8.0,1.0049387301587303,0.5,99.35084250479166
0.3,8,Adaptive Risk-Aware Rotating Grid,1.0,1.0,0.5,0.1,0.5,5000,5,49.9892,0.00258541756782064,0.9997839999999999,98.98,3.9568,0.02799714385432918,0.30748466653574696,15.286783798397332,0.04139190690858703,54.9434,4.9542,52.3536,2.3644,9.016915589497556,9.016915589497556,59.421754953497775,4.516212829681245,8.0,1.0533192063492065,0.9159159993376872,99.34790465708116
0.5,0,Estimated No IRS,1.0,1.0,0.0,0.0,0.0,5000,5,38.9412,0.0706291105989589,0.7788240000000001,0.0,10.0,0.0,0.49516727813701256,40.510781896231116,0.141211220622149,95.6238,56.6826,43.6444,4.7032,59.27666543266425,59.27666543266425,99.806,10.776182053138546,0.0,8.10256,0.0,9.992521840668383
0.5,1,Estimated Fixed IRS,1.0,1.0,0.0,0.0,0.0,5000,5,40.9552,0.07285138340484734,0.8191039999999999,0.0,10.0,0.0,0.46312479149760694,35.07846231412041,0.11776482275306077,91.7664,50.8112,45.2154,4.2602,55.370157268891454,55.370157268891454,99.666,9.422011084718923,1.0,7.295260000000001,0.0,35.05003874854024
0.5,16,Exact Greedy Full CSI,1.0,1.0,0.0,0.0,0.0,5000,5,49.9946,0.0013293366766919182,0.999892,99.48,2.5496,0.01104577819802654,0.3638608581979463,15.977935100125729,0.053604404292855054,49.9946,0.0,49.9946,0.0,0.0,0.0,0.0,0.0,16.0,0.0,0.0,99.52804357132192
0.5,16,Estimated Greedy Full Preview,1.0,1.0,0.0,0.0,0.0,5000,5,49.9804,0.004621611840040617,0.999608,98.22,4.1256,0.05881175882423508,0.256007277017933,16.477512903546724,0.05768548666477765,60.2208,10.2404,51.722,1.7416,17.004755831872046,17.004755831872046,75.43145239480317,3.367232512277174,16.0,1.298191031746032,0.0,99.41716871619009
0.5,1,Estimated Random Probe,1.0,1.0,0.0,0.0,0.0,5000,5,49.7284,0.014437631938789464,0.994568,77.18,7.123,0.03450936104885177,0.37301189396172846,18.604081842609617,0.07087687967408594,61.6944,11.966,55.469,5.7406,19.39560154568324,19.39560154568324,67.61757686368102,10.349204059925365,1.0,1.821126111111111,0.0,98.06744519697715
0.5,1,Estimated Rotating Grid,1.0,1.0,0.0,0.0,0.0,5000,5,49.8908,0.008882931047803185,0.9978159999999999,89.92,6.4306,0.02055291551094413,0.36218243701771174,18.021276609205252,0.038142975211894005,60.5498,10.659,55.6374,5.7466,17.603691506825786,17.603691506825786,64.56629241439367,10.328663812471467,1.0,1.6928007142857142,0.0,98.64675300302444
0.5,1,Robust Rotating Grid,1.25,0.9,0.0,0.0,0.0,5000,5,49.8662,0.006571117408783256,0.997324,87.72,6.6136,0.023220830648363965,0.3416130623581953,17.03288928327869,0.027545397750018352,60.0824,10.2162,56.4462,6.58,17.003648322969788,17.003648322969788,62.755534051046325,11.657117751062074,1.0,1.6880530158730158,0.0,98.6306825368943
0.5,1,Risk-Aware Rotating Grid,1.0,1.0,0.5,0.1,0.5,5000,5,49.8882,0.009649890362070824,0.997764,89.75999999999999,6.4186,0.05535950520010105,0.36081462312422197,18.01942422893416,0.10042828728518004,60.5448,10.6566,55.5438,5.6556,17.60118127403179,17.60118127403179,64.99236593649705,10.182234560833074,1.0,1.6999431746031748,0.5,98.64487569226796
0.5,1,Adaptive Risk-Aware Rotating Grid,1.0,1.0,0.5,0.1,0.5,5000,5,49.886,0.008081287026210188,0.99772,89.42,6.4524,0.02152076429869516,0.36181197837228063,18.013414262954093,0.04363094109137231,60.519,10.633,55.5964,5.7104,17.56968885804458,17.56968885804458,64.52482797098754,10.27116863681821,1.0,1.688008492063492,1.1449963310329452,98.63851767820559
0.5,2,Estimated Random Probe,1.0,1.0,0.0,0.0,0.0,5000,5,49.8932,0.005592014306135151,0.997864,90.48,5.895,0.03330270139192908,0.34319143828446,18.073986494629928,0.08285516997535175,61.4506,11.5574,53.936,4.0428,18.80762759029204,18.80762759029204,74.01187446988973,7.495550281815485,2.0,1.6353396031746033,0.0,98.71612264045324
0.5,2,Estimated Rotating Grid,1.0,1.0,0.0,0.0,0.0,5000,5,49.949,0.005403347110819403,0.99898,95.28,5.2614,0.027867864216692465,0.33293554631369054,17.585631333147123,0.0963611276723533,60.4062,10.4572,53.8898,3.9408,17.31146802811632,17.31146802811632,71.65013114380203,7.312701104847299,2.0,1.5803448412698413,0.0,98.99449209296021
0.5,2,Robust Rotating Grid,1.25,0.9,0.0,0.0,0.0,5000,5,49.9432,0.006210447970959628,0.998864,94.67999999999999,5.4542,0.019779498072499183,0.3175299660616032,16.656781282154487,0.06467988050315286,60.0696,10.1264,54.618,4.6748,16.85777831049316,16.85777831049316,70.2321147005977,8.55908308616207,2.0,1.5688318253968252,0.0,98.99655113116778
0.5,2,Risk-Aware Rotating Grid,1.0,1.0,0.5,0.1,0.5,5000,5,49.952,0.00451225885782344,0.9990399999999999,95.58,5.3234,0.029134857748065388,0.3243139550839451,17.0097366159395,0.019711745210087367,60.117,10.165,54.0666,4.1146,16.90869471197831,16.90869471197831,70.7555321786828,7.610243662445947,2.0,1.5619036507936508,0.5,99.01702661140813
0.5,2,Adaptive Risk-Aware Rotating Grid,1.0,1.0,0.5,0.1,0.5,5000,5,49.9398,0.010097329547955435,0.998796,94.32000000000001,5.5392,0.043868110330854346,0.3028459037403343,16.289934533149143,0.07233308936611724,59.7316,9.7918,54.6966,4.7568,16.392998011103003,16.392998011103003,67.7787406123628,8.696701440308905,2.0,1.579135634920635,1.1714496516731998,99.02888268458425
0.5,4,Estimated Random Probe,1.0,1.0,0.0,0.0,0.0,5000,5,49.942,0.010591256771506878,0.99884,94.66,5.1038,0.09664092002873322,0.30947266115589134,17.49450531574001,0.10640489803065249,61.0632,11.1212,52.8746,2.9326,18.21260595579662,18.21260595579662,77.21697558681765,5.5463303741304895,4.0,1.4912496825396826,0.0,99.04095042633301
0.5,4,Estimated Rotating Grid,1.0,1.0,0.0,0.0,0.0,5000,5,49.9668,0.005012391046195533,0.999336,96.82,4.7638,0.041021634097144266,0.30450701011748754,17.20291014394369,0.037705534147361525,60.4204,10.4536,52.893,2.9262,17.301441235079544,17.301441235079544,75.50694823460263,5.532301060631842,4.0,1.4561059523809523,0.0,99.17492064396934
0.5,4,Robust Rotating Grid,1.25,0.9,0.0,0.0,0.0,5000,5,49.969,0.003919999999999916,0.99938,97.1,4.8452,0.03201106658641663,0.2919685542827314,16.314253348831162,0.057154479794418914,60.0004,10.0314,53.4196,3.4506,16.718888540743063,16.718888540743063,74.51498390159334,6.45942687702641,4.0,1.42924,0.0,99.19960993213158
0.5,4,Risk-Aware Rotating Grid,1.0,1.0,0.5,0.1,0.5,5000,5,49.9656,0.004045394418348214,0.9993120000000001,96.84,4.7782,0.050957738411354175,0.2897272721787712,16.177220444758742,0.07166391728650161,59.7852,9.8196,53.1696,3.204,16.424800786816803,16.424800786816803,73.73906491984428,6.025999819445698,4.0,1.426254603174603,0.5,99.20222291908006
0.5,4,Adaptive Risk-Aware Rotating Grid,1.0,1.0,0.5,0.1,0.5,5000,5,49.964,0.004880360642411115,0.99928,96.61999999999999,5.0814,0.04647556364370428,0.2668129589483723,15.016531156732256,0.05761080545939964,59.123,9.159,54.1252,4.1612,15.491433114016543,15.491433114016543,70.20112567402684,7.688100921567033,4.0,1.4486307142857142,1.185614578386294,99.22421828421956
0.5,8,Estimated Random Probe,1.0,1.0,0.0,0.0,0.0,5000,5,49.9726,0.0035927393448442224,0.999452,97.39999999999999,4.5114,0.06357957231690084,0.27825796456951724,16.919998859897863,0.10227932864238362,60.566,10.5934,52.22,2.2474,17.49067133375161,17.49067133375161,76.6857294853039,4.303715051704328,8.0,1.3908773015873015,0.0,99.29207481123407
0.5,8,Estimated Rotating Grid,1.0,1.0,0.0,0.0,0.0,5000,5,49.9748,0.004035887015266831,0.999496,97.76,4.397,0.034764455410663364,0.2778952838808157,16.867202536906337,0.15352819433817558,60.3686,10.3938,52.2308,2.256,17.21722882425632,17.21722882425632,76.07459631566978,4.319290533554914,8.0,1.3746083333333334,0.0,99.31280769907553
0.5,8,Robust Rotating Grid,1.25,0.9,0.0,0.0,0.0,5000,5,49.9756,0.0023682770108257017,0.999512,97.78,4.4422,0.03228590627502962,0.2696182964393146,16.056200052571526,0.0651482900045681,60.0356,10.06,52.6626,2.687,16.756724343556158,16.756724343556158,75.74174958353969,5.102292708677505,8.0,1.3650759523809524,0.0,99.32888125699026
0.5,8,Risk-Aware Rotating Grid,1.0,1.0,0.5,0.1,0.5,5000,5,49.981,0.003036418943427629,0.9996200000000001,98.18,4.3978,0.06168054915449441,0.2614880779570984,15.460293878222734,0.07385559328747085,59.4984,9.5174,52.5852,2.6042,15.99606039826281,15.99606039826281,74.26895265814726,4.95234400553768,8.0,1.2956488888888888,0.5,99.36785000735657
0.5,8,Adaptive Risk-Aware Rotating Grid,1.0,1.0,0.5,0.1,0.5,5000,5,49.9734,0.0058995674417702,0.9994679999999999,97.5,4.6618,0.04259743353771447,0.23790308948151168,14.05854967761903,0.03929695005229159,58.566,8.5926,53.6972,3.7238,14.671652494621453,14.671652494621453,70.74949590287014,6.934812243468934,8.0,1.3386876190476191,1.1986398257103927,99.37116537563185
